......F.F..FFFFF..FF.F..FFF.F.F.FF.F.                                    [100%]
================================== FAILURES ===================================
______________________ test_ride_map_folium_and_missing _______________________
  + Exception Group Traceback (most recent call last):
  |   File "C:\Python314\Lib\site-packages\starlette\_utils.py", line 81, in collapse_excgroups
  |     yield
  |   File "C:\Python314\Lib\site-packages\starlette\middleware\base.py", line 192, in __call__
  |     async with anyio.create_task_group() as task_group:
  |                ~~~~~~~~~~~~~~~~~~~~~~~^^
  |   File "C:\Python314\Lib\site-packages\anyio\_backends\_asyncio.py", line 799, in __aexit__
  |     raise BaseExceptionGroup(
  |         "unhandled errors in a TaskGroup", self._exceptions
  |     ) from None
  | ExceptionGroup: unhandled errors in a TaskGroup (1 sub-exception)
  +-+---------------- 1 ----------------
    | Traceback (most recent call last):
    |   File "C:\Python314\Lib\site-packages\_pytest\runner.py", line 344, in from_call
    |     result: TResult | None = func()
    |                              ~~~~^^
    |   File "C:\Python314\Lib\site-packages\_pytest\runner.py", line 246, in <lambda>
    |     lambda: runtest_hook(item=item, **kwds), when=when, reraise=reraise
    |             ~~~~~~~~~~~~^^^^^^^^^^^^^^^^^^^
    |   File "C:\Python314\Lib\site-packages\pluggy\_hooks.py", line 512, in __call__
    |     return self._hookexec(self.name, self._hookimpls.copy(), kwargs, firstresult)
    |            ~~~~~~~~~~~~~~^^^^^^^^^^^^^^^^^^^^^^^^^^^^^^^^^^^^^^^^^^^^^^^^^^^^^^^^
    |   File "C:\Python314\Lib\site-packages\pluggy\_manager.py", line 120, in _hookexec
    |     return self._inner_hookexec(hook_name, methods, kwargs, firstresult)
    |            ~~~~~~~~~~~~~~~~~~~~^^^^^^^^^^^^^^^^^^^^^^^^^^^^^^^^^^^^^^^^^
    |   File "C:\Python314\Lib\site-packages\pluggy\_callers.py", line 167, in _multicall
    |     raise exception
    |   File "C:\Python314\Lib\site-packages\pluggy\_callers.py", line 139, in _multicall
    |     teardown.throw(exception)
    |     ~~~~~~~~~~~~~~^^^^^^^^^^^
    |   File "C:\Python314\Lib\site-packages\_pytest\logging.py", line 850, in pytest_runtest_call
    |     yield
    |   File "C:\Python314\Lib\site-packages\pluggy\_callers.py", line 139, in _multicall
    |     teardown.throw(exception)
    |     ~~~~~~~~~~~~~~^^^^^^^^^^^
    |   File "C:\Python314\Lib\site-packages\pluggy\_callers.py", line 53, in run_old_style_hookwrapper
    |     return result.get_result()
    |            ~~~~~~~~~~~~~~~~~^^
    |   File "C:\Python314\Lib\site-packages\pluggy\_result.py", line 103, in get_result
    |     raise exc.with_traceback(tb)
    |   File "C:\Python314\Lib\site-packages\pluggy\_callers.py", line 38, in run_old_style_hookwrapper
    |     res = yield
    |           ^^^^^
    |   File "C:\Python314\Lib\site-packages\pluggy\_callers.py", line 139, in _multicall
    |     teardown.throw(exception)
    |     ~~~~~~~~~~~~~~^^^^^^^^^^^
    |   File "C:\Python314\Lib\site-packages\_pytest\capture.py", line 900, in pytest_runtest_call
    |     return (yield)
    |             ^^^^^
    |   File "C:\Python314\Lib\site-packages\pluggy\_callers.py", line 139, in _multicall
    |     teardown.throw(exception)
    |     ~~~~~~~~~~~~~~^^^^^^^^^^^
    |   File "C:\Python314\Lib\site-packages\pluggy\_callers.py", line 53, in run_old_style_hookwrapper
    |     return result.get_result()
    |            ~~~~~~~~~~~~~~~~~^^
    |   File "C:\Python314\Lib\site-packages\pluggy\_result.py", line 103, in get_result
    |     raise exc.with_traceback(tb)
    |   File "C:\Python314\Lib\site-packages\pluggy\_callers.py", line 38, in run_old_style_hookwrapper
    |     res = yield
    |           ^^^^^
    |   File "C:\Python314\Lib\site-packages\pluggy\_callers.py", line 139, in _multicall
    |     teardown.throw(exception)
    |     ~~~~~~~~~~~~~~^^^^^^^^^^^
    |   File "C:\Python314\Lib\site-packages\_pytest\skipping.py", line 263, in pytest_runtest_call
    |     return (yield)
    |             ^^^^^
    |   File "C:\Python314\Lib\site-packages\pluggy\_callers.py", line 121, in _multicall
    |     res = hook_impl.function(*args)
    |   File "C:\Python314\Lib\site-packages\_pytest\runner.py", line 178, in pytest_runtest_call
    |     item.runtest()
    |     ~~~~~~~~~~~~^^
    |   File "C:\Python314\Lib\site-packages\_pytest\python.py", line 1671, in runtest
    |     self.ihook.pytest_pyfunc_call(pyfuncitem=self)
    |     ~~~~~~~~~~~~~~~~~~~~~~~~~~~~~^^^^^^^^^^^^^^^^^
    |   File "C:\Python314\Lib\site-packages\pluggy\_hooks.py", line 512, in __call__
    |     return self._hookexec(self.name, self._hookimpls.copy(), kwargs, firstresult)
    |            ~~~~~~~~~~~~~~^^^^^^^^^^^^^^^^^^^^^^^^^^^^^^^^^^^^^^^^^^^^^^^^^^^^^^^^
    |   File "C:\Python314\Lib\site-packages\pluggy\_manager.py", line 120, in _hookexec
    |     return self._inner_hookexec(hook_name, methods, kwargs, firstresult)
    |            ~~~~~~~~~~~~~~~~~~~~^^^^^^^^^^^^^^^^^^^^^^^^^^^^^^^^^^^^^^^^^
    |   File "C:\Python314\Lib\site-packages\pluggy\_callers.py", line 167, in _multicall
    |     raise exception
    |   File "C:\Python314\Lib\site-packages\pluggy\_callers.py", line 139, in _multicall
    |     teardown.throw(exception)
    |     ~~~~~~~~~~~~~~^^^^^^^^^^^
    |   File "C:\Python314\Lib\site-packages\pluggy\_callers.py", line 53, in run_old_style_hookwrapper
    |     return result.get_result()
    |            ~~~~~~~~~~~~~~~~~^^
    |   File "C:\Python314\Lib\site-packages\pluggy\_result.py", line 103, in get_result
    |     raise exc.with_traceback(tb)
    |   File "C:\Python314\Lib\site-packages\pluggy\_callers.py", line 38, in run_old_style_hookwrapper
    |     res = yield
    |           ^^^^^
    |   File "C:\Python314\Lib\site-packages\pluggy\_callers.py", line 121, in _multicall
    |     res = hook_impl.function(*args)
    |   File "C:\Python314\Lib\site-packages\_pytest\python.py", line 157, in pytest_pyfunc_call
    |     result = testfunction(**testargs)
    |   File "D:\BikeMaster\tests\test_routes_coverage_extra.py", line 88, in test_ride_map_folium_and_missing
    |     assert client.get(f"/api/v1/rides/{ride_id}/map", params={"provider": "folium"}).status_code == 200
    |            ~~~~~~~~~~^^^^^^^^^^^^^^^^^^^^^^^^^^^^^^^^^^^^^^^^^^^^^^^^^^^^^^^^^^^^^^^
    |   File "C:\Python314\Lib\site-packages\starlette\testclient.py", line 473, in get
    |     return super().get(
    |            ~~~~~~~~~~~^
    |         url,
    |         ^^^^
    |     ...<6 lines>...
    |         extensions=extensions,
    |         ^^^^^^^^^^^^^^^^^^^^^^
    |     )
    |     ^
    |   File "C:\Python314\Lib\site-packages\httpx\_client.py", line 1053, in get
    |     return self.request(
    |            ~~~~~~~~~~~~^
    |         "GET",
    |         ^^^^^^
    |     ...<7 lines>...
    |         extensions=extensions,
    |         ^^^^^^^^^^^^^^^^^^^^^^
    |     )
    |     ^
    |   File "C:\Python314\Lib\site-packages\starlette\testclient.py", line 445, in request
    |     return super().request(
    |            ~~~~~~~~~~~~~~~^
    |         method,
    |         ^^^^^^^
    |     ...<11 lines>...
    |         extensions=extensions,
    |         ^^^^^^^^^^^^^^^^^^^^^^
    |     )
    |     ^
    |   File "C:\Python314\Lib\site-packages\httpx\_client.py", line 825, in request
    |     return self.send(request, auth=auth, follow_redirects=follow_redirects)
    |            ~~~~~~~~~^^^^^^^^^^^^^^^^^^^^^^^^^^^^^^^^^^^^^^^^^^^^^^^^^^^^^^^
    |   File "C:\Python314\Lib\site-packages\httpx\_client.py", line 914, in send
    |     response = self._send_handling_auth(
    |         request,
    |     ...<2 lines>...
    |         history=[],
    |     )
    |   File "C:\Python314\Lib\site-packages\httpx\_client.py", line 942, in _send_handling_auth
    |     response = self._send_handling_redirects(
    |         request,
    |         follow_redirects=follow_redirects,
    |         history=history,
    |     )
    |   File "C:\Python314\Lib\site-packages\httpx\_client.py", line 979, in _send_handling_redirects
    |     response = self._send_single_request(request)
    |   File "C:\Python314\Lib\site-packages\httpx\_client.py", line 1014, in _send_single_request
    |     response = transport.handle_request(request)
    |   File "C:\Python314\Lib\site-packages\starlette\testclient.py", line 348, in handle_request
    |     raise exc
    |   File "C:\Python314\Lib\site-packages\starlette\testclient.py", line 345, in handle_request
    |     portal.call(self.app, scope, receive, send)
    |     ~~~~~~~~~~~^^^^^^^^^^^^^^^^^^^^^^^^^^^^^^^^
    |   File "C:\Python314\Lib\site-packages\anyio\from_thread.py", line 334, in call
    |     return cast(T_Retval, self.start_task_soon(func, *args).result())
    |                           ~~~~~~~~~~~~~~~~~~~~~~~~~~~~~~~~~~~~~~~~^^
    |   File "C:\Python314\Lib\concurrent\futures\_base.py", line 450, in result
    |     return self.__get_result()
    |            ~~~~~~~~~~~~~~~~~^^
    |   File "C:\Python314\Lib\concurrent\futures\_base.py", line 395, in __get_result
    |     raise self._exception
    |   File "C:\Python314\Lib\site-packages\anyio\from_thread.py", line 259, in _call_func
    |     retval = await retval_or_awaitable
    |              ^^^^^^^^^^^^^^^^^^^^^^^^^
    |   File "C:\Python314\Lib\site-packages\fastapi\applications.py", line 1159, in __call__
    |     await super().__call__(scope, receive, send)
    |   File "C:\Python314\Lib\site-packages\starlette\applications.py", line 107, in __call__
    |     await self.middleware_stack(scope, receive, send)
    |   File "C:\Python314\Lib\site-packages\starlette\middleware\errors.py", line 186, in __call__
    |     raise exc
    |   File "C:\Python314\Lib\site-packages\starlette\middleware\errors.py", line 164, in __call__
    |     await self.app(scope, receive, _send)
    |   File "C:\Python314\Lib\site-packages\starlette\middleware\cors.py", line 87, in __call__
    |     await self.app(scope, receive, send)
    |   File "C:\Python314\Lib\site-packages\starlette\middleware\base.py", line 191, in __call__
    |     with recv_stream, send_stream, collapse_excgroups():
    |                                    ~~~~~~~~~~~~~~~~~~^^
    |   File "C:\Python314\Lib\contextlib.py", line 162, in __exit__
    |     self.gen.throw(value)
    |     ~~~~~~~~~~~~~~^^^^^^^
    |   File "C:\Python314\Lib\site-packages\starlette\_utils.py", line 87, in collapse_excgroups
    |     raise exc
    |   File "C:\Python314\Lib\site-packages\starlette\middleware\base.py", line 193, in __call__
    |     response = await self.dispatch_func(request, call_next)
    |                ^^^^^^^^^^^^^^^^^^^^^^^^^^^^^^^^^^^^^^^^^^^^
    |   File "D:\BikeMaster\bike_analyzer\backend\api\app_factory.py", line 249, in add_security_headers
    |     response = await call_next(request)
    |                ^^^^^^^^^^^^^^^^^^^^^^^^
    |   File "C:\Python314\Lib\site-packages\starlette\middleware\base.py", line 168, in call_next
    |     raise app_exc from app_exc.__cause__ or app_exc.__context__
    |   File "C:\Python314\Lib\site-packages\starlette\middleware\base.py", line 144, in coro
    |     await self.app(scope, receive_or_disconnect, send_no_error)
    |   File "C:\Python314\Lib\site-packages\starlette\middleware\base.py", line 191, in __call__
    |     with recv_stream, send_stream, collapse_excgroups():
    |                                    ~~~~~~~~~~~~~~~~~~^^
    |   File "C:\Python314\Lib\contextlib.py", line 162, in __exit__
    |     self.gen.throw(value)
    |     ~~~~~~~~~~~~~~^^^^^^^
    |   File "C:\Python314\Lib\site-packages\starlette\_utils.py", line 87, in collapse_excgroups
    |     raise exc
    |   File "C:\Python314\Lib\site-packages\starlette\middleware\base.py", line 193, in __call__
    |     response = await self.dispatch_func(request, call_next)
    |                ^^^^^^^^^^^^^^^^^^^^^^^^^^^^^^^^^^^^^^^^^^^^
    |   File "D:\BikeMaster\bike_analyzer\backend\api\app_factory.py", line 224, in audit_log_middleware
    |     response = await call_next(request)
    |                ^^^^^^^^^^^^^^^^^^^^^^^^
    |   File "C:\Python314\Lib\site-packages\starlette\middleware\base.py", line 168, in call_next
    |     raise app_exc from app_exc.__cause__ or app_exc.__context__
    |   File "C:\Python314\Lib\site-packages\starlette\middleware\base.py", line 144, in coro
    |     await self.app(scope, receive_or_disconnect, send_no_error)
    |   File "C:\Python314\Lib\site-packages\starlette\middleware\base.py", line 191, in __call__
    |     with recv_stream, send_stream, collapse_excgroups():
    |                                    ~~~~~~~~~~~~~~~~~~^^
    |   File "C:\Python314\Lib\contextlib.py", line 162, in __exit__
    |     self.gen.throw(value)
    |     ~~~~~~~~~~~~~~^^^^^^^
    |   File "C:\Python314\Lib\site-packages\starlette\_utils.py", line 87, in collapse_excgroups
    |     raise exc
    |   File "C:\Python314\Lib\site-packages\starlette\middleware\base.py", line 193, in __call__
    |     response = await self.dispatch_func(request, call_next)
    |                ^^^^^^^^^^^^^^^^^^^^^^^^^^^^^^^^^^^^^^^^^^^^
    |   File "D:\BikeMaster\bike_analyzer\backend\api\app_factory.py", line 199, in user_api_keys_middleware
    |     response = await call_next(request)
    |                ^^^^^^^^^^^^^^^^^^^^^^^^
    |   File "C:\Python314\Lib\site-packages\starlette\middleware\base.py", line 168, in call_next
    |     raise app_exc from app_exc.__cause__ or app_exc.__context__
    |   File "C:\Python314\Lib\site-packages\starlette\middleware\base.py", line 144, in coro
    |     await self.app(scope, receive_or_disconnect, send_no_error)
    |   File "C:\Python314\Lib\site-packages\starlette\middleware\base.py", line 191, in __call__
    |     with recv_stream, send_stream, collapse_excgroups():
    |                                    ~~~~~~~~~~~~~~~~~~^^
    |   File "C:\Python314\Lib\contextlib.py", line 162, in __exit__
    |     self.gen.throw(value)
    |     ~~~~~~~~~~~~~~^^^^^^^
    |   File "C:\Python314\Lib\site-packages\starlette\_utils.py", line 87, in collapse_excgroups
    |     raise exc
    |   File "C:\Python314\Lib\site-packages\starlette\middleware\base.py", line 193, in __call__
    |     response = await self.dispatch_func(request, call_next)
    |                ^^^^^^^^^^^^^^^^^^^^^^^^^^^^^^^^^^^^^^^^^^^^
    |   File "D:\BikeMaster\bike_analyzer\backend\api\app_factory.py", line 183, in correlation_id_middleware
    |     response = await call_next(request)
    |                ^^^^^^^^^^^^^^^^^^^^^^^^
    |   File "C:\Python314\Lib\site-packages\starlette\middleware\base.py", line 168, in call_next
    |     raise app_exc from app_exc.__cause__ or app_exc.__context__
    |   File "C:\Python314\Lib\site-packages\starlette\middleware\base.py", line 144, in coro
    |     await self.app(scope, receive_or_disconnect, send_no_error)
    |   File "D:\BikeMaster\bike_analyzer\backend\monitoring.py", line 315, in __call__
    |     await self.app(scope, receive, send_with_metrics)
    |   File "C:\Python314\Lib\site-packages\starlette\middleware\base.py", line 191, in __call__
    |     with recv_stream, send_stream, collapse_excgroups():
    |                                    ~~~~~~~~~~~~~~~~~~^^
    |   File "C:\Python314\Lib\contextlib.py", line 162, in __exit__
    |     self.gen.throw(value)
    |     ~~~~~~~~~~~~~~^^^^^^^
    |   File "C:\Python314\Lib\site-packages\starlette\_utils.py", line 87, in collapse_excgroups
    |     raise exc
    |   File "C:\Python314\Lib\site-packages\starlette\middleware\base.py", line 193, in __call__
    |     response = await self.dispatch_func(request, call_next)
    |                ^^^^^^^^^^^^^^^^^^^^^^^^^^^^^^^^^^^^^^^^^^^^
    |   File "C:\Python314\Lib\site-packages\slowapi\middleware.py", line 136, in dispatch
    |     response = await call_next(request)
    |                ^^^^^^^^^^^^^^^^^^^^^^^^
    |   File "C:\Python314\Lib\site-packages\starlette\middleware\base.py", line 168, in call_next
    |     raise app_exc from app_exc.__cause__ or app_exc.__context__
    |   File "C:\Python314\Lib\site-packages\starlette\middleware\base.py", line 144, in coro
    |     await self.app(scope, receive_or_disconnect, send_no_error)
    |   File "C:\Python314\Lib\site-packages\starlette\middleware\exceptions.py", line 63, in __call__
    |     await wrap_app_handling_exceptions(self.app, conn)(scope, receive, send)
    |   File "C:\Python314\Lib\site-packages\starlette\_exception_handler.py", line 53, in wrapped_app
    |     raise exc
    |   File "C:\Python314\Lib\site-packages\starlette\_exception_handler.py", line 42, in wrapped_app
    |     await app(scope, receive, sender)
    |   File "C:\Python314\Lib\site-packages\fastapi\middleware\asyncexitstack.py", line 18, in __call__
    |     await self.app(scope, receive, send)
    |   File "C:\Python314\Lib\site-packages\starlette\routing.py", line 716, in __call__
    |     await self.middleware_stack(scope, receive, send)
    |   File "C:\Python314\Lib\site-packages\starlette\routing.py", line 736, in app
    |     await route.handle(scope, receive, send)
    |   File "C:\Python314\Lib\site-packages\starlette\routing.py", line 290, in handle
    |     await self.app(scope, receive, send)
    |   File "C:\Python314\Lib\site-packages\fastapi\routing.py", line 134, in app
    |     await wrap_app_handling_exceptions(app, request)(scope, receive, send)
    |   File "C:\Python314\Lib\site-packages\starlette\_exception_handler.py", line 53, in wrapped_app
    |     raise exc
    |   File "C:\Python314\Lib\site-packages\starlette\_exception_handler.py", line 42, in wrapped_app
    |     await app(scope, receive, sender)
    |   File "C:\Python314\Lib\site-packages\fastapi\routing.py", line 120, in app
    |     response = await f(request)
    |                ^^^^^^^^^^^^^^^^
    |   File "C:\Python314\Lib\site-packages\fastapi\routing.py", line 674, in app
    |     raw_response = await run_endpoint_function(
    |                    ^^^^^^^^^^^^^^^^^^^^^^^^^^^^
    |     ...<3 lines>...
    |     )
    |     ^
    |   File "C:\Python314\Lib\site-packages\fastapi\routing.py", line 328, in run_endpoint_function
    |     return await dependant.call(**values)
    |            ^^^^^^^^^^^^^^^^^^^^^^^^^^^^^^
    |   File "D:\BikeMaster\bike_analyzer\backend\api\routes.py", line 1103, in generate_ride_map
    |     points = [GPSPoint(**p) for p in normalized]
    |               ~~~~~~~~^^^^^
    | TypeError: GPSPoint.__init__() got an unexpected keyword argument 'elevation'
    +------------------------------------

The above exception was the direct cause of the following exception:

Traceback (most recent call last):
  File "D:\BikeMaster\tests\test_routes_coverage_extra.py", line 88, in test_ride_map_folium_and_missing
    assert client.get(f"/api/v1/rides/{ride_id}/map", params={"provider": "folium"}).status_code == 200
           ~~~~~~~~~~^^^^^^^^^^^^^^^^^^^^^^^^^^^^^^^^^^^^^^^^^^^^^^^^^^^^^^^^^^^^^^^
  File "C:\Python314\Lib\site-packages\starlette\testclient.py", line 473, in get
    return super().get(
           ~~~~~~~~~~~^
        url,
        ^^^^
    ...<6 lines>...
        extensions=extensions,
        ^^^^^^^^^^^^^^^^^^^^^^
    )
    ^
  File "C:\Python314\Lib\site-packages\httpx\_client.py", line 1053, in get
    return self.request(
           ~~~~~~~~~~~~^
        "GET",
        ^^^^^^
    ...<7 lines>...
        extensions=extensions,
        ^^^^^^^^^^^^^^^^^^^^^^
    )
    ^
  File "C:\Python314\Lib\site-packages\starlette\testclient.py", line 445, in request
    return super().request(
           ~~~~~~~~~~~~~~~^
        method,
        ^^^^^^^
    ...<11 lines>...
        extensions=extensions,
        ^^^^^^^^^^^^^^^^^^^^^^
    )
    ^
  File "C:\Python314\Lib\site-packages\httpx\_client.py", line 825, in request
    return self.send(request, auth=auth, follow_redirects=follow_redirects)
           ~~~~~~~~~^^^^^^^^^^^^^^^^^^^^^^^^^^^^^^^^^^^^^^^^^^^^^^^^^^^^^^^
  File "C:\Python314\Lib\site-packages\httpx\_client.py", line 914, in send
    response = self._send_handling_auth(
        request,
    ...<2 lines>...
        history=[],
    )
  File "C:\Python314\Lib\site-packages\httpx\_client.py", line 942, in _send_handling_auth
    response = self._send_handling_redirects(
        request,
        follow_redirects=follow_redirects,
        history=history,
    )
  File "C:\Python314\Lib\site-packages\httpx\_client.py", line 979, in _send_handling_redirects
    response = self._send_single_request(request)
  File "C:\Python314\Lib\site-packages\httpx\_client.py", line 1014, in _send_single_request
    response = transport.handle_request(request)
  File "C:\Python314\Lib\site-packages\starlette\testclient.py", line 348, in handle_request
    raise exc
  File "C:\Python314\Lib\site-packages\starlette\testclient.py", line 345, in handle_request
    portal.call(self.app, scope, receive, send)
    ~~~~~~~~~~~^^^^^^^^^^^^^^^^^^^^^^^^^^^^^^^^
  File "C:\Python314\Lib\site-packages\anyio\from_thread.py", line 334, in call
    return cast(T_Retval, self.start_task_soon(func, *args).result())
                          ~~~~~~~~~~~~~~~~~~~~~~~~~~~~~~~~~~~~~~~~^^
  File "C:\Python314\Lib\concurrent\futures\_base.py", line 450, in result
    return self.__get_result()
           ~~~~~~~~~~~~~~~~~^^
  File "C:\Python314\Lib\concurrent\futures\_base.py", line 395, in __get_result
    raise self._exception
  File "C:\Python314\Lib\site-packages\anyio\from_thread.py", line 259, in _call_func
    retval = await retval_or_awaitable
             ^^^^^^^^^^^^^^^^^^^^^^^^^
  File "C:\Python314\Lib\site-packages\fastapi\applications.py", line 1159, in __call__
    await super().__call__(scope, receive, send)
  File "C:\Python314\Lib\site-packages\starlette\applications.py", line 107, in __call__
    await self.middleware_stack(scope, receive, send)
  File "C:\Python314\Lib\site-packages\starlette\middleware\errors.py", line 186, in __call__
    raise exc
  File "C:\Python314\Lib\site-packages\starlette\middleware\errors.py", line 164, in __call__
    await self.app(scope, receive, _send)
  File "C:\Python314\Lib\site-packages\starlette\middleware\cors.py", line 87, in __call__
    await self.app(scope, receive, send)
  File "C:\Python314\Lib\site-packages\starlette\middleware\base.py", line 191, in __call__
    with recv_stream, send_stream, collapse_excgroups():
                                   ~~~~~~~~~~~~~~~~~~^^
  File "C:\Python314\Lib\contextlib.py", line 162, in __exit__
    self.gen.throw(value)
    ~~~~~~~~~~~~~~^^^^^^^
  File "C:\Python314\Lib\site-packages\starlette\_utils.py", line 87, in collapse_excgroups
    raise exc
  File "C:\Python314\Lib\site-packages\starlette\middleware\base.py", line 193, in __call__
    response = await self.dispatch_func(request, call_next)
               ^^^^^^^^^^^^^^^^^^^^^^^^^^^^^^^^^^^^^^^^^^^^
  File "D:\BikeMaster\bike_analyzer\backend\api\app_factory.py", line 249, in add_security_headers
    response = await call_next(request)
               ^^^^^^^^^^^^^^^^^^^^^^^^
  File "C:\Python314\Lib\site-packages\starlette\middleware\base.py", line 168, in call_next
    raise app_exc from app_exc.__cause__ or app_exc.__context__
  File "C:\Python314\Lib\site-packages\starlette\middleware\base.py", line 144, in coro
    await self.app(scope, receive_or_disconnect, send_no_error)
  File "C:\Python314\Lib\site-packages\starlette\middleware\base.py", line 191, in __call__
    with recv_stream, send_stream, collapse_excgroups():
                                   ~~~~~~~~~~~~~~~~~~^^
  File "C:\Python314\Lib\contextlib.py", line 162, in __exit__
    self.gen.throw(value)
    ~~~~~~~~~~~~~~^^^^^^^
  File "C:\Python314\Lib\site-packages\starlette\_utils.py", line 87, in collapse_excgroups
    raise exc
  File "C:\Python314\Lib\site-packages\starlette\middleware\base.py", line 193, in __call__
    response = await self.dispatch_func(request, call_next)
               ^^^^^^^^^^^^^^^^^^^^^^^^^^^^^^^^^^^^^^^^^^^^
  File "D:\BikeMaster\bike_analyzer\backend\api\app_factory.py", line 224, in audit_log_middleware
    response = await call_next(request)
               ^^^^^^^^^^^^^^^^^^^^^^^^
  File "C:\Python314\Lib\site-packages\starlette\middleware\base.py", line 168, in call_next
    raise app_exc from app_exc.__cause__ or app_exc.__context__
  File "C:\Python314\Lib\site-packages\starlette\middleware\base.py", line 144, in coro
    await self.app(scope, receive_or_disconnect, send_no_error)
  File "C:\Python314\Lib\site-packages\starlette\middleware\base.py", line 191, in __call__
    with recv_stream, send_stream, collapse_excgroups():
                                   ~~~~~~~~~~~~~~~~~~^^
  File "C:\Python314\Lib\contextlib.py", line 162, in __exit__
    self.gen.throw(value)
    ~~~~~~~~~~~~~~^^^^^^^
  File "C:\Python314\Lib\site-packages\starlette\_utils.py", line 87, in collapse_excgroups
    raise exc
  File "C:\Python314\Lib\site-packages\starlette\middleware\base.py", line 193, in __call__
    response = await self.dispatch_func(request, call_next)
               ^^^^^^^^^^^^^^^^^^^^^^^^^^^^^^^^^^^^^^^^^^^^
  File "D:\BikeMaster\bike_analyzer\backend\api\app_factory.py", line 199, in user_api_keys_middleware
    response = await call_next(request)
               ^^^^^^^^^^^^^^^^^^^^^^^^
  File "C:\Python314\Lib\site-packages\starlette\middleware\base.py", line 168, in call_next
    raise app_exc from app_exc.__cause__ or app_exc.__context__
  File "C:\Python314\Lib\site-packages\starlette\middleware\base.py", line 144, in coro
    await self.app(scope, receive_or_disconnect, send_no_error)
  File "C:\Python314\Lib\site-packages\starlette\middleware\base.py", line 191, in __call__
    with recv_stream, send_stream, collapse_excgroups():
                                   ~~~~~~~~~~~~~~~~~~^^
  File "C:\Python314\Lib\contextlib.py", line 162, in __exit__
    self.gen.throw(value)
    ~~~~~~~~~~~~~~^^^^^^^
  File "C:\Python314\Lib\site-packages\starlette\_utils.py", line 87, in collapse_excgroups
    raise exc
  File "C:\Python314\Lib\site-packages\starlette\middleware\base.py", line 193, in __call__
    response = await self.dispatch_func(request, call_next)
               ^^^^^^^^^^^^^^^^^^^^^^^^^^^^^^^^^^^^^^^^^^^^
  File "D:\BikeMaster\bike_analyzer\backend\api\app_factory.py", line 183, in correlation_id_middleware
    response = await call_next(request)
               ^^^^^^^^^^^^^^^^^^^^^^^^
  File "C:\Python314\Lib\site-packages\starlette\middleware\base.py", line 168, in call_next
    raise app_exc from app_exc.__cause__ or app_exc.__context__
  File "C:\Python314\Lib\site-packages\starlette\middleware\base.py", line 144, in coro
    await self.app(scope, receive_or_disconnect, send_no_error)
  File "D:\BikeMaster\bike_analyzer\backend\monitoring.py", line 315, in __call__
    await self.app(scope, receive, send_with_metrics)
  File "C:\Python314\Lib\site-packages\starlette\middleware\base.py", line 191, in __call__
    with recv_stream, send_stream, collapse_excgroups():
                                   ~~~~~~~~~~~~~~~~~~^^
  File "C:\Python314\Lib\contextlib.py", line 162, in __exit__
    self.gen.throw(value)
    ~~~~~~~~~~~~~~^^^^^^^
  File "C:\Python314\Lib\site-packages\starlette\_utils.py", line 87, in collapse_excgroups
    raise exc
  File "C:\Python314\Lib\site-packages\starlette\middleware\base.py", line 193, in __call__
    response = await self.dispatch_func(request, call_next)
               ^^^^^^^^^^^^^^^^^^^^^^^^^^^^^^^^^^^^^^^^^^^^
  File "C:\Python314\Lib\site-packages\slowapi\middleware.py", line 136, in dispatch
    response = await call_next(request)
               ^^^^^^^^^^^^^^^^^^^^^^^^
  File "C:\Python314\Lib\site-packages\starlette\middleware\base.py", line 168, in call_next
    raise app_exc from app_exc.__cause__ or app_exc.__context__
  File "C:\Python314\Lib\site-packages\starlette\middleware\base.py", line 144, in coro
    await self.app(scope, receive_or_disconnect, send_no_error)
  File "C:\Python314\Lib\site-packages\starlette\middleware\exceptions.py", line 63, in __call__
    await wrap_app_handling_exceptions(self.app, conn)(scope, receive, send)
  File "C:\Python314\Lib\site-packages\starlette\_exception_handler.py", line 53, in wrapped_app
    raise exc
  File "C:\Python314\Lib\site-packages\starlette\_exception_handler.py", line 42, in wrapped_app
    await app(scope, receive, sender)
  File "C:\Python314\Lib\site-packages\fastapi\middleware\asyncexitstack.py", line 18, in __call__
    await self.app(scope, receive, send)
  File "C:\Python314\Lib\site-packages\starlette\routing.py", line 716, in __call__
    await self.middleware_stack(scope, receive, send)
  File "C:\Python314\Lib\site-packages\starlette\routing.py", line 736, in app
    await route.handle(scope, receive, send)
  File "C:\Python314\Lib\site-packages\starlette\routing.py", line 290, in handle
    await self.app(scope, receive, send)
  File "C:\Python314\Lib\site-packages\fastapi\routing.py", line 134, in app
    await wrap_app_handling_exceptions(app, request)(scope, receive, send)
  File "C:\Python314\Lib\site-packages\starlette\_exception_handler.py", line 53, in wrapped_app
    raise exc
  File "C:\Python314\Lib\site-packages\starlette\_exception_handler.py", line 42, in wrapped_app
    await app(scope, receive, sender)
  File "C:\Python314\Lib\site-packages\fastapi\routing.py", line 120, in app
    response = await f(request)
               ^^^^^^^^^^^^^^^^
  File "C:\Python314\Lib\site-packages\fastapi\routing.py", line 674, in app
    raw_response = await run_endpoint_function(
                   ^^^^^^^^^^^^^^^^^^^^^^^^^^^^
    ...<3 lines>...
    )
    ^
  File "C:\Python314\Lib\site-packages\fastapi\routing.py", line 328, in run_endpoint_function
    return await dependant.call(**values)
           ^^^^^^^^^^^^^^^^^^^^^^^^^^^^^^
  File "D:\BikeMaster\bike_analyzer\backend\api\routes.py", line 1103, in generate_ride_map
    points = [GPSPoint(**p) for p in normalized]
              ~~~~~~~~^^^^^
TypeError: GPSPoint.__init__() got an unexpected keyword argument 'elevation'

The above exception was the direct cause of the following exception:

client = <starlette.testclient.TestClient object at 0x00000148AC495D00>

    def test_ride_map_folium_and_missing(client):
        resp = client.post("/api/v1/rides", json=SAMPLE_RIDE)
        ride_id = resp.json()["id"]
>       assert client.get(f"/api/v1/rides/{ride_id}/map", params={"provider": "folium"}).status_code == 200
               ^^^^^^^^^^^^^^^^^^^^^^^^^^^^^^^^^^^^^^^^^^^^^^^^^^^^^^^^^^^^^^^^^^^^^^^^^

tests\test_routes_coverage_extra.py:88: 
_ _ _ _ _ _ _ _ _ _ _ _ _ _ _ _ _ _ _ _ _ _ _ _ _ _ _ _ _ _ _ _ _ _ _ _ _ _ _ _
C:\Python314\Lib\site-packages\starlette\testclient.py:473: in get
    return super().get(
C:\Python314\Lib\site-packages\httpx\_client.py:1053: in get
    return self.request(
C:\Python314\Lib\site-packages\starlette\testclient.py:445: in request
    return super().request(
C:\Python314\Lib\site-packages\httpx\_client.py:825: in request
    return self.send(request, auth=auth, follow_redirects=follow_redirects)
           ^^^^^^^^^^^^^^^^^^^^^^^^^^^^^^^^^^^^^^^^^^^^^^^^^^^^^^^^^^^^^^^^
C:\Python314\Lib\site-packages\httpx\_client.py:914: in send
    response = self._send_handling_auth(
C:\Python314\Lib\site-packages\httpx\_client.py:942: in _send_handling_auth
    response = self._send_handling_redirects(
C:\Python314\Lib\site-packages\httpx\_client.py:979: in _send_handling_redirects
    response = self._send_single_request(request)
               ^^^^^^^^^^^^^^^^^^^^^^^^^^^^^^^^^^
C:\Python314\Lib\site-packages\httpx\_client.py:1014: in _send_single_request
    response = transport.handle_request(request)
               ^^^^^^^^^^^^^^^^^^^^^^^^^^^^^^^^^
C:\Python314\Lib\site-packages\starlette\testclient.py:348: in handle_request
    raise exc
C:\Python314\Lib\site-packages\starlette\testclient.py:345: in handle_request
    portal.call(self.app, scope, receive, send)
C:\Python314\Lib\site-packages\anyio\from_thread.py:334: in call
    return cast(T_Retval, self.start_task_soon(func, *args).result())
                          ^^^^^^^^^^^^^^^^^^^^^^^^^^^^^^^^^^^^^^^^^^
C:\Python314\Lib\concurrent\futures\_base.py:450: in result
    return self.__get_result()
           ^^^^^^^^^^^^^^^^^^^
C:\Python314\Lib\concurrent\futures\_base.py:395: in __get_result
    raise self._exception
C:\Python314\Lib\site-packages\anyio\from_thread.py:259: in _call_func
    retval = await retval_or_awaitable
             ^^^^^^^^^^^^^^^^^^^^^^^^^
C:\Python314\Lib\site-packages\fastapi\applications.py:1159: in __call__
    await super().__call__(scope, receive, send)
C:\Python314\Lib\site-packages\starlette\applications.py:107: in __call__
    await self.middleware_stack(scope, receive, send)
C:\Python314\Lib\site-packages\starlette\middleware\errors.py:186: in __call__
    raise exc
C:\Python314\Lib\site-packages\starlette\middleware\errors.py:164: in __call__
    await self.app(scope, receive, _send)
C:\Python314\Lib\site-packages\starlette\middleware\cors.py:87: in __call__
    await self.app(scope, receive, send)
C:\Python314\Lib\site-packages\starlette\middleware\base.py:191: in __call__
    with recv_stream, send_stream, collapse_excgroups():
                                   ^^^^^^^^^^^^^^^^^^^^
C:\Python314\Lib\contextlib.py:162: in __exit__
    self.gen.throw(value)
C:\Python314\Lib\site-packages\starlette\_utils.py:87: in collapse_excgroups
    raise exc
C:\Python314\Lib\site-packages\starlette\middleware\base.py:193: in __call__
    response = await self.dispatch_func(request, call_next)
               ^^^^^^^^^^^^^^^^^^^^^^^^^^^^^^^^^^^^^^^^^^^^
bike_analyzer\backend\api\app_factory.py:249: in add_security_headers
    response = await call_next(request)
               ^^^^^^^^^^^^^^^^^^^^^^^^
C:\Python314\Lib\site-packages\starlette\middleware\base.py:168: in call_next
    raise app_exc from app_exc.__cause__ or app_exc.__context__
C:\Python314\Lib\site-packages\starlette\middleware\base.py:144: in coro
    await self.app(scope, receive_or_disconnect, send_no_error)
C:\Python314\Lib\site-packages\starlette\middleware\base.py:191: in __call__
    with recv_stream, send_stream, collapse_excgroups():
                                   ^^^^^^^^^^^^^^^^^^^^
C:\Python314\Lib\contextlib.py:162: in __exit__
    self.gen.throw(value)
C:\Python314\Lib\site-packages\starlette\_utils.py:87: in collapse_excgroups
    raise exc
C:\Python314\Lib\site-packages\starlette\middleware\base.py:193: in __call__
    response = await self.dispatch_func(request, call_next)
               ^^^^^^^^^^^^^^^^^^^^^^^^^^^^^^^^^^^^^^^^^^^^
bike_analyzer\backend\api\app_factory.py:224: in audit_log_middleware
    response = await call_next(request)
               ^^^^^^^^^^^^^^^^^^^^^^^^
C:\Python314\Lib\site-packages\starlette\middleware\base.py:168: in call_next
    raise app_exc from app_exc.__cause__ or app_exc.__context__
C:\Python314\Lib\site-packages\starlette\middleware\base.py:144: in coro
    await self.app(scope, receive_or_disconnect, send_no_error)
C:\Python314\Lib\site-packages\starlette\middleware\base.py:191: in __call__
    with recv_stream, send_stream, collapse_excgroups():
                                   ^^^^^^^^^^^^^^^^^^^^
C:\Python314\Lib\contextlib.py:162: in __exit__
    self.gen.throw(value)
C:\Python314\Lib\site-packages\starlette\_utils.py:87: in collapse_excgroups
    raise exc
C:\Python314\Lib\site-packages\starlette\middleware\base.py:193: in __call__
    response = await self.dispatch_func(request, call_next)
               ^^^^^^^^^^^^^^^^^^^^^^^^^^^^^^^^^^^^^^^^^^^^
bike_analyzer\backend\api\app_factory.py:199: in user_api_keys_middleware
    response = await call_next(request)
               ^^^^^^^^^^^^^^^^^^^^^^^^
C:\Python314\Lib\site-packages\starlette\middleware\base.py:168: in call_next
    raise app_exc from app_exc.__cause__ or app_exc.__context__
C:\Python314\Lib\site-packages\starlette\middleware\base.py:144: in coro
    await self.app(scope, receive_or_disconnect, send_no_error)
C:\Python314\Lib\site-packages\starlette\middleware\base.py:191: in __call__
    with recv_stream, send_stream, collapse_excgroups():
                                   ^^^^^^^^^^^^^^^^^^^^
C:\Python314\Lib\contextlib.py:162: in __exit__
    self.gen.throw(value)
C:\Python314\Lib\site-packages\starlette\_utils.py:87: in collapse_excgroups
    raise exc
C:\Python314\Lib\site-packages\starlette\middleware\base.py:193: in __call__
    response = await self.dispatch_func(request, call_next)
               ^^^^^^^^^^^^^^^^^^^^^^^^^^^^^^^^^^^^^^^^^^^^
bike_analyzer\backend\api\app_factory.py:183: in correlation_id_middleware
    response = await call_next(request)
               ^^^^^^^^^^^^^^^^^^^^^^^^
C:\Python314\Lib\site-packages\starlette\middleware\base.py:168: in call_next
    raise app_exc from app_exc.__cause__ or app_exc.__context__
C:\Python314\Lib\site-packages\starlette\middleware\base.py:144: in coro
    await self.app(scope, receive_or_disconnect, send_no_error)
bike_analyzer\backend\monitoring.py:315: in __call__
    await self.app(scope, receive, send_with_metrics)
C:\Python314\Lib\site-packages\starlette\middleware\base.py:191: in __call__
    with recv_stream, send_stream, collapse_excgroups():
                                   ^^^^^^^^^^^^^^^^^^^^
C:\Python314\Lib\contextlib.py:162: in __exit__
    self.gen.throw(value)
C:\Python314\Lib\site-packages\starlette\_utils.py:87: in collapse_excgroups
    raise exc
C:\Python314\Lib\site-packages\starlette\middleware\base.py:193: in __call__
    response = await self.dispatch_func(request, call_next)
               ^^^^^^^^^^^^^^^^^^^^^^^^^^^^^^^^^^^^^^^^^^^^
C:\Python314\Lib\site-packages\slowapi\middleware.py:136: in dispatch
    response = await call_next(request)
               ^^^^^^^^^^^^^^^^^^^^^^^^
C:\Python314\Lib\site-packages\starlette\middleware\base.py:168: in call_next
    raise app_exc from app_exc.__cause__ or app_exc.__context__
C:\Python314\Lib\site-packages\starlette\middleware\base.py:144: in coro
    await self.app(scope, receive_or_disconnect, send_no_error)
C:\Python314\Lib\site-packages\starlette\middleware\exceptions.py:63: in __call__
    await wrap_app_handling_exceptions(self.app, conn)(scope, receive, send)
C:\Python314\Lib\site-packages\starlette\_exception_handler.py:53: in wrapped_app
    raise exc
C:\Python314\Lib\site-packages\starlette\_exception_handler.py:42: in wrapped_app
    await app(scope, receive, sender)
C:\Python314\Lib\site-packages\fastapi\middleware\asyncexitstack.py:18: in __call__
    await self.app(scope, receive, send)
C:\Python314\Lib\site-packages\starlette\routing.py:716: in __call__
    await self.middleware_stack(scope, receive, send)
C:\Python314\Lib\site-packages\starlette\routing.py:736: in app
    await route.handle(scope, receive, send)
C:\Python314\Lib\site-packages\starlette\routing.py:290: in handle
    await self.app(scope, receive, send)
C:\Python314\Lib\site-packages\fastapi\routing.py:134: in app
    await wrap_app_handling_exceptions(app, request)(scope, receive, send)
C:\Python314\Lib\site-packages\starlette\_exception_handler.py:53: in wrapped_app
    raise exc
C:\Python314\Lib\site-packages\starlette\_exception_handler.py:42: in wrapped_app
    await app(scope, receive, sender)
C:\Python314\Lib\site-packages\fastapi\routing.py:120: in app
    response = await f(request)
               ^^^^^^^^^^^^^^^^
C:\Python314\Lib\site-packages\fastapi\routing.py:674: in app
    raw_response = await run_endpoint_function(
C:\Python314\Lib\site-packages\fastapi\routing.py:328: in run_endpoint_function
    return await dependant.call(**values)
           ^^^^^^^^^^^^^^^^^^^^^^^^^^^^^^
_ _ _ _ _ _ _ _ _ _ _ _ _ _ _ _ _ _ _ _ _ _ _ _ _ _ _ _ _ _ _ _ _ _ _ _ _ _ _ _

ride_id = 1, provider = 'folium', current_user = {'id': 0, 'is_admin': True}

    @router.get("/rides/{ride_id}/map")
    async def generate_ride_map(
        ride_id: int,
        provider: str = Query("folium", description="Map provider: folium or aethermap"),
        current_user: dict = Depends(get_current_user),
    ):
        from pathlib import Path
    
        from ..db.database import get_ride as _get_ride
        from ..models.models import GPSPoint
    
        ride = _get_ride(ride_id)
        if not ride:
            raise HTTPException(status_code=404, detail="Ride not found")
        _ensure_ride_access(ride, current_user)
        gps_points = ride.get("gps_points")
        if not gps_points:
            raise HTTPException(status_code=400, detail="No GPS points for this ride")
        normalized = []
        for p in gps_points:
            if "altitude" not in p and "elevation" in p:
                normalized.append({**p, "altitude": p.get("elevation")})
            else:
                normalized.append(p)
>       points = [GPSPoint(**p) for p in normalized]
                  ^^^^^^^^^^^^^
E       TypeError: GPSPoint.__init__() got an unexpected keyword argument 'elevation'

bike_analyzer\backend\api\routes.py:1103: TypeError
------------------------------ Captured log call ------------------------------
ERROR    bike_analyzer.backend.api.app_factory:app_factory.py:185 Unhandled exception for request_id=9a7bc090-d273-4d47-8581-8b3a926cde9b
  + Exception Group Traceback (most recent call last):
  |   File "C:\Python314\Lib\site-packages\starlette\_utils.py", line 81, in collapse_excgroups
  |     yield
  |   File "C:\Python314\Lib\site-packages\starlette\middleware\base.py", line 192, in __call__
  |     async with anyio.create_task_group() as task_group:
  |                ~~~~~~~~~~~~~~~~~~~~~~~^^
  |   File "C:\Python314\Lib\site-packages\anyio\_backends\_asyncio.py", line 799, in __aexit__
  |     raise BaseExceptionGroup(
  |         "unhandled errors in a TaskGroup", self._exceptions
  |     ) from None
  | ExceptionGroup: unhandled errors in a TaskGroup (1 sub-exception)
  +-+---------------- 1 ----------------
    | Traceback (most recent call last):
    |   File "D:\BikeMaster\bike_analyzer\backend\api\app_factory.py", line 183, in correlation_id_middleware
    |     response = await call_next(request)
    |                ^^^^^^^^^^^^^^^^^^^^^^^^
    |   File "C:\Python314\Lib\site-packages\starlette\middleware\base.py", line 168, in call_next
    |     raise app_exc from app_exc.__cause__ or app_exc.__context__
    |   File "C:\Python314\Lib\site-packages\starlette\middleware\base.py", line 144, in coro
    |     await self.app(scope, receive_or_disconnect, send_no_error)
    |   File "D:\BikeMaster\bike_analyzer\backend\monitoring.py", line 315, in __call__
    |     await self.app(scope, receive, send_with_metrics)
    |   File "C:\Python314\Lib\site-packages\starlette\middleware\base.py", line 191, in __call__
    |     with recv_stream, send_stream, collapse_excgroups():
    |                                    ~~~~~~~~~~~~~~~~~~^^
    |   File "C:\Python314\Lib\contextlib.py", line 162, in __exit__
    |     self.gen.throw(value)
    |     ~~~~~~~~~~~~~~^^^^^^^
    |   File "C:\Python314\Lib\site-packages\starlette\_utils.py", line 87, in collapse_excgroups
    |     raise exc
    |   File "C:\Python314\Lib\site-packages\starlette\middleware\base.py", line 193, in __call__
    |     response = await self.dispatch_func(request, call_next)
    |                ^^^^^^^^^^^^^^^^^^^^^^^^^^^^^^^^^^^^^^^^^^^^
    |   File "C:\Python314\Lib\site-packages\slowapi\middleware.py", line 136, in dispatch
    |     response = await call_next(request)
    |                ^^^^^^^^^^^^^^^^^^^^^^^^
    |   File "C:\Python314\Lib\site-packages\starlette\middleware\base.py", line 168, in call_next
    |     raise app_exc from app_exc.__cause__ or app_exc.__context__
    |   File "C:\Python314\Lib\site-packages\starlette\middleware\base.py", line 144, in coro
    |     await self.app(scope, receive_or_disconnect, send_no_error)
    |   File "C:\Python314\Lib\site-packages\starlette\middleware\exceptions.py", line 63, in __call__
    |     await wrap_app_handling_exceptions(self.app, conn)(scope, receive, send)
    |   File "C:\Python314\Lib\site-packages\starlette\_exception_handler.py", line 53, in wrapped_app
    |     raise exc
    |   File "C:\Python314\Lib\site-packages\starlette\_exception_handler.py", line 42, in wrapped_app
    |     await app(scope, receive, sender)
    |   File "C:\Python314\Lib\site-packages\fastapi\middleware\asyncexitstack.py", line 18, in __call__
    |     await self.app(scope, receive, send)
    |   File "C:\Python314\Lib\site-packages\starlette\routing.py", line 716, in __call__
    |     await self.middleware_stack(scope, receive, send)
    |   File "C:\Python314\Lib\site-packages\starlette\routing.py", line 736, in app
    |     await route.handle(scope, receive, send)
    |   File "C:\Python314\Lib\site-packages\starlette\routing.py", line 290, in handle
    |     await self.app(scope, receive, send)
    |   File "C:\Python314\Lib\site-packages\fastapi\routing.py", line 134, in app
    |     await wrap_app_handling_exceptions(app, request)(scope, receive, send)
    |   File "C:\Python314\Lib\site-packages\starlette\_exception_handler.py", line 53, in wrapped_app
    |     raise exc
    |   File "C:\Python314\Lib\site-packages\starlette\_exception_handler.py", line 42, in wrapped_app
    |     await app(scope, receive, sender)
    |   File "C:\Python314\Lib\site-packages\fastapi\routing.py", line 120, in app
    |     response = await f(request)
    |                ^^^^^^^^^^^^^^^^
    |   File "C:\Python314\Lib\site-packages\fastapi\routing.py", line 674, in app
    |     raw_response = await run_endpoint_function(
    |                    ^^^^^^^^^^^^^^^^^^^^^^^^^^^^
    |     ...<3 lines>...
    |     )
    |     ^
    |   File "C:\Python314\Lib\site-packages\fastapi\routing.py", line 328, in run_endpoint_function
    |     return await dependant.call(**values)
    |            ^^^^^^^^^^^^^^^^^^^^^^^^^^^^^^
    |   File "D:\BikeMaster\bike_analyzer\backend\api\routes.py", line 1103, in generate_ride_map
    |     points = [GPSPoint(**p) for p in normalized]
    |               ~~~~~~~~^^^^^
    | TypeError: GPSPoint.__init__() got an unexpected keyword argument 'elevation'
    +------------------------------------

The above exception was the direct cause of the following exception:

Traceback (most recent call last):
  File "D:\BikeMaster\bike_analyzer\backend\api\app_factory.py", line 183, in correlation_id_middleware
    response = await call_next(request)
               ^^^^^^^^^^^^^^^^^^^^^^^^
  File "C:\Python314\Lib\site-packages\starlette\middleware\base.py", line 168, in call_next
    raise app_exc from app_exc.__cause__ or app_exc.__context__
  File "C:\Python314\Lib\site-packages\starlette\middleware\base.py", line 144, in coro
    await self.app(scope, receive_or_disconnect, send_no_error)
  File "D:\BikeMaster\bike_analyzer\backend\monitoring.py", line 315, in __call__
    await self.app(scope, receive, send_with_metrics)
  File "C:\Python314\Lib\site-packages\starlette\middleware\base.py", line 191, in __call__
    with recv_stream, send_stream, collapse_excgroups():
                                   ~~~~~~~~~~~~~~~~~~^^
  File "C:\Python314\Lib\contextlib.py", line 162, in __exit__
    self.gen.throw(value)
    ~~~~~~~~~~~~~~^^^^^^^
  File "C:\Python314\Lib\site-packages\starlette\_utils.py", line 87, in collapse_excgroups
    raise exc
  File "C:\Python314\Lib\site-packages\starlette\middleware\base.py", line 193, in __call__
    response = await self.dispatch_func(request, call_next)
               ^^^^^^^^^^^^^^^^^^^^^^^^^^^^^^^^^^^^^^^^^^^^
  File "C:\Python314\Lib\site-packages\slowapi\middleware.py", line 136, in dispatch
    response = await call_next(request)
               ^^^^^^^^^^^^^^^^^^^^^^^^
  File "C:\Python314\Lib\site-packages\starlette\middleware\base.py", line 168, in call_next
    raise app_exc from app_exc.__cause__ or app_exc.__context__
  File "C:\Python314\Lib\site-packages\starlette\middleware\base.py", line 144, in coro
    await self.app(scope, receive_or_disconnect, send_no_error)
  File "C:\Python314\Lib\site-packages\starlette\middleware\exceptions.py", line 63, in __call__
    await wrap_app_handling_exceptions(self.app, conn)(scope, receive, send)
  File "C:\Python314\Lib\site-packages\starlette\_exception_handler.py", line 53, in wrapped_app
    raise exc
  File "C:\Python314\Lib\site-packages\starlette\_exception_handler.py", line 42, in wrapped_app
    await app(scope, receive, sender)
  File "C:\Python314\Lib\site-packages\fastapi\middleware\asyncexitstack.py", line 18, in __call__
    await self.app(scope, receive, send)
  File "C:\Python314\Lib\site-packages\starlette\routing.py", line 716, in __call__
    await self.middleware_stack(scope, receive, send)
  File "C:\Python314\Lib\site-packages\starlette\routing.py", line 736, in app
    await route.handle(scope, receive, send)
  File "C:\Python314\Lib\site-packages\starlette\routing.py", line 290, in handle
    await self.app(scope, receive, send)
  File "C:\Python314\Lib\site-packages\fastapi\routing.py", line 134, in app
    await wrap_app_handling_exceptions(app, request)(scope, receive, send)
  File "C:\Python314\Lib\site-packages\starlette\_exception_handler.py", line 53, in wrapped_app
    raise exc
  File "C:\Python314\Lib\site-packages\starlette\_exception_handler.py", line 42, in wrapped_app
    await app(scope, receive, sender)
  File "C:\Python314\Lib\site-packages\fastapi\routing.py", line 120, in app
    response = await f(request)
               ^^^^^^^^^^^^^^^^
  File "C:\Python314\Lib\site-packages\fastapi\routing.py", line 674, in app
    raw_response = await run_endpoint_function(
                   ^^^^^^^^^^^^^^^^^^^^^^^^^^^^
    ...<3 lines>...
    )
    ^
  File "C:\Python314\Lib\site-packages\fastapi\routing.py", line 328, in run_endpoint_function
    return await dependant.call(**values)
           ^^^^^^^^^^^^^^^^^^^^^^^^^^^^^^
  File "D:\BikeMaster\bike_analyzer\backend\api\routes.py", line 1103, in generate_ride_map
    points = [GPSPoint(**p) for p in normalized]
              ~~~~~~~~^^^^^
TypeError: GPSPoint.__init__() got an unexpected keyword argument 'elevation'
_______________________ test_ride_segments_and_missing ________________________
  + Exception Group Traceback (most recent call last):
  |   File "C:\Python314\Lib\site-packages\starlette\_utils.py", line 81, in collapse_excgroups
  |     yield
  |   File "C:\Python314\Lib\site-packages\starlette\middleware\base.py", line 192, in __call__
  |     async with anyio.create_task_group() as task_group:
  |                ~~~~~~~~~~~~~~~~~~~~~~~^^
  |   File "C:\Python314\Lib\site-packages\anyio\_backends\_asyncio.py", line 799, in __aexit__
  |     raise BaseExceptionGroup(
  |         "unhandled errors in a TaskGroup", self._exceptions
  |     ) from None
  | ExceptionGroup: unhandled errors in a TaskGroup (1 sub-exception)
  +-+---------------- 1 ----------------
    | Traceback (most recent call last):
    |   File "C:\Python314\Lib\site-packages\_pytest\runner.py", line 344, in from_call
    |     result: TResult | None = func()
    |                              ~~~~^^
    |   File "C:\Python314\Lib\site-packages\_pytest\runner.py", line 246, in <lambda>
    |     lambda: runtest_hook(item=item, **kwds), when=when, reraise=reraise
    |             ~~~~~~~~~~~~^^^^^^^^^^^^^^^^^^^
    |   File "C:\Python314\Lib\site-packages\pluggy\_hooks.py", line 512, in __call__
    |     return self._hookexec(self.name, self._hookimpls.copy(), kwargs, firstresult)
    |            ~~~~~~~~~~~~~~^^^^^^^^^^^^^^^^^^^^^^^^^^^^^^^^^^^^^^^^^^^^^^^^^^^^^^^^
    |   File "C:\Python314\Lib\site-packages\pluggy\_manager.py", line 120, in _hookexec
    |     return self._inner_hookexec(hook_name, methods, kwargs, firstresult)
    |            ~~~~~~~~~~~~~~~~~~~~^^^^^^^^^^^^^^^^^^^^^^^^^^^^^^^^^^^^^^^^^
    |   File "C:\Python314\Lib\site-packages\pluggy\_callers.py", line 167, in _multicall
    |     raise exception
    |   File "C:\Python314\Lib\site-packages\pluggy\_callers.py", line 139, in _multicall
    |     teardown.throw(exception)
    |     ~~~~~~~~~~~~~~^^^^^^^^^^^
    |   File "C:\Python314\Lib\site-packages\_pytest\logging.py", line 850, in pytest_runtest_call
    |     yield
    |   File "C:\Python314\Lib\site-packages\pluggy\_callers.py", line 139, in _multicall
    |     teardown.throw(exception)
    |     ~~~~~~~~~~~~~~^^^^^^^^^^^
    |   File "C:\Python314\Lib\site-packages\pluggy\_callers.py", line 53, in run_old_style_hookwrapper
    |     return result.get_result()
    |            ~~~~~~~~~~~~~~~~~^^
    |   File "C:\Python314\Lib\site-packages\pluggy\_result.py", line 103, in get_result
    |     raise exc.with_traceback(tb)
    |   File "C:\Python314\Lib\site-packages\pluggy\_callers.py", line 38, in run_old_style_hookwrapper
    |     res = yield
    |           ^^^^^
    |   File "C:\Python314\Lib\site-packages\pluggy\_callers.py", line 139, in _multicall
    |     teardown.throw(exception)
    |     ~~~~~~~~~~~~~~^^^^^^^^^^^
    |   File "C:\Python314\Lib\site-packages\_pytest\capture.py", line 900, in pytest_runtest_call
    |     return (yield)
    |             ^^^^^
    |   File "C:\Python314\Lib\site-packages\pluggy\_callers.py", line 139, in _multicall
    |     teardown.throw(exception)
    |     ~~~~~~~~~~~~~~^^^^^^^^^^^
    |   File "C:\Python314\Lib\site-packages\pluggy\_callers.py", line 53, in run_old_style_hookwrapper
    |     return result.get_result()
    |            ~~~~~~~~~~~~~~~~~^^
    |   File "C:\Python314\Lib\site-packages\pluggy\_result.py", line 103, in get_result
    |     raise exc.with_traceback(tb)
    |   File "C:\Python314\Lib\site-packages\pluggy\_callers.py", line 38, in run_old_style_hookwrapper
    |     res = yield
    |           ^^^^^
    |   File "C:\Python314\Lib\site-packages\pluggy\_callers.py", line 139, in _multicall
    |     teardown.throw(exception)
    |     ~~~~~~~~~~~~~~^^^^^^^^^^^
    |   File "C:\Python314\Lib\site-packages\_pytest\skipping.py", line 263, in pytest_runtest_call
    |     return (yield)
    |             ^^^^^
    |   File "C:\Python314\Lib\site-packages\pluggy\_callers.py", line 121, in _multicall
    |     res = hook_impl.function(*args)
    |   File "C:\Python314\Lib\site-packages\_pytest\runner.py", line 178, in pytest_runtest_call
    |     item.runtest()
    |     ~~~~~~~~~~~~^^
    |   File "C:\Python314\Lib\site-packages\_pytest\python.py", line 1671, in runtest
    |     self.ihook.pytest_pyfunc_call(pyfuncitem=self)
    |     ~~~~~~~~~~~~~~~~~~~~~~~~~~~~~^^^^^^^^^^^^^^^^^
    |   File "C:\Python314\Lib\site-packages\pluggy\_hooks.py", line 512, in __call__
    |     return self._hookexec(self.name, self._hookimpls.copy(), kwargs, firstresult)
    |            ~~~~~~~~~~~~~~^^^^^^^^^^^^^^^^^^^^^^^^^^^^^^^^^^^^^^^^^^^^^^^^^^^^^^^^
    |   File "C:\Python314\Lib\site-packages\pluggy\_manager.py", line 120, in _hookexec
    |     return self._inner_hookexec(hook_name, methods, kwargs, firstresult)
    |            ~~~~~~~~~~~~~~~~~~~~^^^^^^^^^^^^^^^^^^^^^^^^^^^^^^^^^^^^^^^^^
    |   File "C:\Python314\Lib\site-packages\pluggy\_callers.py", line 167, in _multicall
    |     raise exception
    |   File "C:\Python314\Lib\site-packages\pluggy\_callers.py", line 139, in _multicall
    |     teardown.throw(exception)
    |     ~~~~~~~~~~~~~~^^^^^^^^^^^
    |   File "C:\Python314\Lib\site-packages\pluggy\_callers.py", line 53, in run_old_style_hookwrapper
    |     return result.get_result()
    |            ~~~~~~~~~~~~~~~~~^^
    |   File "C:\Python314\Lib\site-packages\pluggy\_result.py", line 103, in get_result
    |     raise exc.with_traceback(tb)
    |   File "C:\Python314\Lib\site-packages\pluggy\_callers.py", line 38, in run_old_style_hookwrapper
    |     res = yield
    |           ^^^^^
    |   File "C:\Python314\Lib\site-packages\pluggy\_callers.py", line 121, in _multicall
    |     res = hook_impl.function(*args)
    |   File "C:\Python314\Lib\site-packages\_pytest\python.py", line 157, in pytest_pyfunc_call
    |     result = testfunction(**testargs)
    |   File "D:\BikeMaster\tests\test_routes_coverage_extra.py", line 103, in test_ride_segments_and_missing
    |     assert client.get(f"/api/v1/rides/{ride_id}/segments").status_code == 200
    |            ~~~~~~~~~~^^^^^^^^^^^^^^^^^^^^^^^^^^^^^^^^^^^^^
    |   File "C:\Python314\Lib\site-packages\starlette\testclient.py", line 473, in get
    |     return super().get(
    |            ~~~~~~~~~~~^
    |         url,
    |         ^^^^
    |     ...<6 lines>...
    |         extensions=extensions,
    |         ^^^^^^^^^^^^^^^^^^^^^^
    |     )
    |     ^
    |   File "C:\Python314\Lib\site-packages\httpx\_client.py", line 1053, in get
    |     return self.request(
    |            ~~~~~~~~~~~~^
    |         "GET",
    |         ^^^^^^
    |     ...<7 lines>...
    |         extensions=extensions,
    |         ^^^^^^^^^^^^^^^^^^^^^^
    |     )
    |     ^
    |   File "C:\Python314\Lib\site-packages\starlette\testclient.py", line 445, in request
    |     return super().request(
    |            ~~~~~~~~~~~~~~~^
    |         method,
    |         ^^^^^^^
    |     ...<11 lines>...
    |         extensions=extensions,
    |         ^^^^^^^^^^^^^^^^^^^^^^
    |     )
    |     ^
    |   File "C:\Python314\Lib\site-packages\httpx\_client.py", line 825, in request
    |     return self.send(request, auth=auth, follow_redirects=follow_redirects)
    |            ~~~~~~~~~^^^^^^^^^^^^^^^^^^^^^^^^^^^^^^^^^^^^^^^^^^^^^^^^^^^^^^^
    |   File "C:\Python314\Lib\site-packages\httpx\_client.py", line 914, in send
    |     response = self._send_handling_auth(
    |         request,
    |     ...<2 lines>...
    |         history=[],
    |     )
    |   File "C:\Python314\Lib\site-packages\httpx\_client.py", line 942, in _send_handling_auth
    |     response = self._send_handling_redirects(
    |         request,
    |         follow_redirects=follow_redirects,
    |         history=history,
    |     )
    |   File "C:\Python314\Lib\site-packages\httpx\_client.py", line 979, in _send_handling_redirects
    |     response = self._send_single_request(request)
    |   File "C:\Python314\Lib\site-packages\httpx\_client.py", line 1014, in _send_single_request
    |     response = transport.handle_request(request)
    |   File "C:\Python314\Lib\site-packages\starlette\testclient.py", line 348, in handle_request
    |     raise exc
    |   File "C:\Python314\Lib\site-packages\starlette\testclient.py", line 345, in handle_request
    |     portal.call(self.app, scope, receive, send)
    |     ~~~~~~~~~~~^^^^^^^^^^^^^^^^^^^^^^^^^^^^^^^^
    |   File "C:\Python314\Lib\site-packages\anyio\from_thread.py", line 334, in call
    |     return cast(T_Retval, self.start_task_soon(func, *args).result())
    |                           ~~~~~~~~~~~~~~~~~~~~~~~~~~~~~~~~~~~~~~~~^^
    |   File "C:\Python314\Lib\concurrent\futures\_base.py", line 450, in result
    |     return self.__get_result()
    |            ~~~~~~~~~~~~~~~~~^^
    |   File "C:\Python314\Lib\concurrent\futures\_base.py", line 395, in __get_result
    |     raise self._exception
    |   File "C:\Python314\Lib\site-packages\anyio\from_thread.py", line 259, in _call_func
    |     retval = await retval_or_awaitable
    |              ^^^^^^^^^^^^^^^^^^^^^^^^^
    |   File "C:\Python314\Lib\site-packages\fastapi\applications.py", line 1159, in __call__
    |     await super().__call__(scope, receive, send)
    |   File "C:\Python314\Lib\site-packages\starlette\applications.py", line 107, in __call__
    |     await self.middleware_stack(scope, receive, send)
    |   File "C:\Python314\Lib\site-packages\starlette\middleware\errors.py", line 186, in __call__
    |     raise exc
    |   File "C:\Python314\Lib\site-packages\starlette\middleware\errors.py", line 164, in __call__
    |     await self.app(scope, receive, _send)
    |   File "C:\Python314\Lib\site-packages\starlette\middleware\cors.py", line 87, in __call__
    |     await self.app(scope, receive, send)
    |   File "C:\Python314\Lib\site-packages\starlette\middleware\base.py", line 191, in __call__
    |     with recv_stream, send_stream, collapse_excgroups():
    |                                    ~~~~~~~~~~~~~~~~~~^^
    |   File "C:\Python314\Lib\contextlib.py", line 162, in __exit__
    |     self.gen.throw(value)
    |     ~~~~~~~~~~~~~~^^^^^^^
    |   File "C:\Python314\Lib\site-packages\starlette\_utils.py", line 87, in collapse_excgroups
    |     raise exc
    |   File "C:\Python314\Lib\site-packages\starlette\middleware\base.py", line 193, in __call__
    |     response = await self.dispatch_func(request, call_next)
    |                ^^^^^^^^^^^^^^^^^^^^^^^^^^^^^^^^^^^^^^^^^^^^
    |   File "D:\BikeMaster\bike_analyzer\backend\api\app_factory.py", line 249, in add_security_headers
    |     response = await call_next(request)
    |                ^^^^^^^^^^^^^^^^^^^^^^^^
    |   File "C:\Python314\Lib\site-packages\starlette\middleware\base.py", line 168, in call_next
    |     raise app_exc from app_exc.__cause__ or app_exc.__context__
    |   File "C:\Python314\Lib\site-packages\starlette\middleware\base.py", line 144, in coro
    |     await self.app(scope, receive_or_disconnect, send_no_error)
    |   File "C:\Python314\Lib\site-packages\starlette\middleware\base.py", line 191, in __call__
    |     with recv_stream, send_stream, collapse_excgroups():
    |                                    ~~~~~~~~~~~~~~~~~~^^
    |   File "C:\Python314\Lib\contextlib.py", line 162, in __exit__
    |     self.gen.throw(value)
    |     ~~~~~~~~~~~~~~^^^^^^^
    |   File "C:\Python314\Lib\site-packages\starlette\_utils.py", line 87, in collapse_excgroups
    |     raise exc
    |   File "C:\Python314\Lib\site-packages\starlette\middleware\base.py", line 193, in __call__
    |     response = await self.dispatch_func(request, call_next)
    |                ^^^^^^^^^^^^^^^^^^^^^^^^^^^^^^^^^^^^^^^^^^^^
    |   File "D:\BikeMaster\bike_analyzer\backend\api\app_factory.py", line 224, in audit_log_middleware
    |     response = await call_next(request)
    |                ^^^^^^^^^^^^^^^^^^^^^^^^
    |   File "C:\Python314\Lib\site-packages\starlette\middleware\base.py", line 168, in call_next
    |     raise app_exc from app_exc.__cause__ or app_exc.__context__
    |   File "C:\Python314\Lib\site-packages\starlette\middleware\base.py", line 144, in coro
    |     await self.app(scope, receive_or_disconnect, send_no_error)
    |   File "C:\Python314\Lib\site-packages\starlette\middleware\base.py", line 191, in __call__
    |     with recv_stream, send_stream, collapse_excgroups():
    |                                    ~~~~~~~~~~~~~~~~~~^^
    |   File "C:\Python314\Lib\contextlib.py", line 162, in __exit__
    |     self.gen.throw(value)
    |     ~~~~~~~~~~~~~~^^^^^^^
    |   File "C:\Python314\Lib\site-packages\starlette\_utils.py", line 87, in collapse_excgroups
    |     raise exc
    |   File "C:\Python314\Lib\site-packages\starlette\middleware\base.py", line 193, in __call__
    |     response = await self.dispatch_func(request, call_next)
    |                ^^^^^^^^^^^^^^^^^^^^^^^^^^^^^^^^^^^^^^^^^^^^
    |   File "D:\BikeMaster\bike_analyzer\backend\api\app_factory.py", line 199, in user_api_keys_middleware
    |     response = await call_next(request)
    |                ^^^^^^^^^^^^^^^^^^^^^^^^
    |   File "C:\Python314\Lib\site-packages\starlette\middleware\base.py", line 168, in call_next
    |     raise app_exc from app_exc.__cause__ or app_exc.__context__
    |   File "C:\Python314\Lib\site-packages\starlette\middleware\base.py", line 144, in coro
    |     await self.app(scope, receive_or_disconnect, send_no_error)
    |   File "C:\Python314\Lib\site-packages\starlette\middleware\base.py", line 191, in __call__
    |     with recv_stream, send_stream, collapse_excgroups():
    |                                    ~~~~~~~~~~~~~~~~~~^^
    |   File "C:\Python314\Lib\contextlib.py", line 162, in __exit__
    |     self.gen.throw(value)
    |     ~~~~~~~~~~~~~~^^^^^^^
    |   File "C:\Python314\Lib\site-packages\starlette\_utils.py", line 87, in collapse_excgroups
    |     raise exc
    |   File "C:\Python314\Lib\site-packages\starlette\middleware\base.py", line 193, in __call__
    |     response = await self.dispatch_func(request, call_next)
    |                ^^^^^^^^^^^^^^^^^^^^^^^^^^^^^^^^^^^^^^^^^^^^
    |   File "D:\BikeMaster\bike_analyzer\backend\api\app_factory.py", line 183, in correlation_id_middleware
    |     response = await call_next(request)
    |                ^^^^^^^^^^^^^^^^^^^^^^^^
    |   File "C:\Python314\Lib\site-packages\starlette\middleware\base.py", line 168, in call_next
    |     raise app_exc from app_exc.__cause__ or app_exc.__context__
    |   File "C:\Python314\Lib\site-packages\starlette\middleware\base.py", line 144, in coro
    |     await self.app(scope, receive_or_disconnect, send_no_error)
    |   File "D:\BikeMaster\bike_analyzer\backend\monitoring.py", line 315, in __call__
    |     await self.app(scope, receive, send_with_metrics)
    |   File "C:\Python314\Lib\site-packages\starlette\middleware\base.py", line 191, in __call__
    |     with recv_stream, send_stream, collapse_excgroups():
    |                                    ~~~~~~~~~~~~~~~~~~^^
    |   File "C:\Python314\Lib\contextlib.py", line 162, in __exit__
    |     self.gen.throw(value)
    |     ~~~~~~~~~~~~~~^^^^^^^
    |   File "C:\Python314\Lib\site-packages\starlette\_utils.py", line 87, in collapse_excgroups
    |     raise exc
    |   File "C:\Python314\Lib\site-packages\starlette\middleware\base.py", line 193, in __call__
    |     response = await self.dispatch_func(request, call_next)
    |                ^^^^^^^^^^^^^^^^^^^^^^^^^^^^^^^^^^^^^^^^^^^^
    |   File "C:\Python314\Lib\site-packages\slowapi\middleware.py", line 136, in dispatch
    |     response = await call_next(request)
    |                ^^^^^^^^^^^^^^^^^^^^^^^^
    |   File "C:\Python314\Lib\site-packages\starlette\middleware\base.py", line 168, in call_next
    |     raise app_exc from app_exc.__cause__ or app_exc.__context__
    |   File "C:\Python314\Lib\site-packages\starlette\middleware\base.py", line 144, in coro
    |     await self.app(scope, receive_or_disconnect, send_no_error)
    |   File "C:\Python314\Lib\site-packages\starlette\middleware\exceptions.py", line 63, in __call__
    |     await wrap_app_handling_exceptions(self.app, conn)(scope, receive, send)
    |   File "C:\Python314\Lib\site-packages\starlette\_exception_handler.py", line 53, in wrapped_app
    |     raise exc
    |   File "C:\Python314\Lib\site-packages\starlette\_exception_handler.py", line 42, in wrapped_app
    |     await app(scope, receive, sender)
    |   File "C:\Python314\Lib\site-packages\fastapi\middleware\asyncexitstack.py", line 18, in __call__
    |     await self.app(scope, receive, send)
    |   File "C:\Python314\Lib\site-packages\starlette\routing.py", line 716, in __call__
    |     await self.middleware_stack(scope, receive, send)
    |   File "C:\Python314\Lib\site-packages\starlette\routing.py", line 736, in app
    |     await route.handle(scope, receive, send)
    |   File "C:\Python314\Lib\site-packages\starlette\routing.py", line 290, in handle
    |     await self.app(scope, receive, send)
    |   File "C:\Python314\Lib\site-packages\fastapi\routing.py", line 134, in app
    |     await wrap_app_handling_exceptions(app, request)(scope, receive, send)
    |   File "C:\Python314\Lib\site-packages\starlette\_exception_handler.py", line 53, in wrapped_app
    |     raise exc
    |   File "C:\Python314\Lib\site-packages\starlette\_exception_handler.py", line 42, in wrapped_app
    |     await app(scope, receive, sender)
    |   File "C:\Python314\Lib\site-packages\fastapi\routing.py", line 120, in app
    |     response = await f(request)
    |                ^^^^^^^^^^^^^^^^
    |   File "C:\Python314\Lib\site-packages\fastapi\routing.py", line 674, in app
    |     raw_response = await run_endpoint_function(
    |                    ^^^^^^^^^^^^^^^^^^^^^^^^^^^^
    |     ...<3 lines>...
    |     )
    |     ^
    |   File "C:\Python314\Lib\site-packages\fastapi\routing.py", line 328, in run_endpoint_function
    |     return await dependant.call(**values)
    |            ^^^^^^^^^^^^^^^^^^^^^^^^^^^^^^
    |   File "D:\BikeMaster\bike_analyzer\backend\api\routes.py", line 1199, in get_ride_segments
    |     points = [GPSPoint(**p) for p in normalized]
    |               ~~~~~~~~^^^^^
    | TypeError: GPSPoint.__init__() got an unexpected keyword argument 'elevation'
    +------------------------------------

The above exception was the direct cause of the following exception:

Traceback (most recent call last):
  File "D:\BikeMaster\tests\test_routes_coverage_extra.py", line 103, in test_ride_segments_and_missing
    assert client.get(f"/api/v1/rides/{ride_id}/segments").status_code == 200
           ~~~~~~~~~~^^^^^^^^^^^^^^^^^^^^^^^^^^^^^^^^^^^^^
  File "C:\Python314\Lib\site-packages\starlette\testclient.py", line 473, in get
    return super().get(
           ~~~~~~~~~~~^
        url,
        ^^^^
    ...<6 lines>...
        extensions=extensions,
        ^^^^^^^^^^^^^^^^^^^^^^
    )
    ^
  File "C:\Python314\Lib\site-packages\httpx\_client.py", line 1053, in get
    return self.request(
           ~~~~~~~~~~~~^
        "GET",
        ^^^^^^
    ...<7 lines>...
        extensions=extensions,
        ^^^^^^^^^^^^^^^^^^^^^^
    )
    ^
  File "C:\Python314\Lib\site-packages\starlette\testclient.py", line 445, in request
    return super().request(
           ~~~~~~~~~~~~~~~^
        method,
        ^^^^^^^
    ...<11 lines>...
        extensions=extensions,
        ^^^^^^^^^^^^^^^^^^^^^^
    )
    ^
  File "C:\Python314\Lib\site-packages\httpx\_client.py", line 825, in request
    return self.send(request, auth=auth, follow_redirects=follow_redirects)
           ~~~~~~~~~^^^^^^^^^^^^^^^^^^^^^^^^^^^^^^^^^^^^^^^^^^^^^^^^^^^^^^^
  File "C:\Python314\Lib\site-packages\httpx\_client.py", line 914, in send
    response = self._send_handling_auth(
        request,
    ...<2 lines>...
        history=[],
    )
  File "C:\Python314\Lib\site-packages\httpx\_client.py", line 942, in _send_handling_auth
    response = self._send_handling_redirects(
        request,
        follow_redirects=follow_redirects,
        history=history,
    )
  File "C:\Python314\Lib\site-packages\httpx\_client.py", line 979, in _send_handling_redirects
    response = self._send_single_request(request)
  File "C:\Python314\Lib\site-packages\httpx\_client.py", line 1014, in _send_single_request
    response = transport.handle_request(request)
  File "C:\Python314\Lib\site-packages\starlette\testclient.py", line 348, in handle_request
    raise exc
  File "C:\Python314\Lib\site-packages\starlette\testclient.py", line 345, in handle_request
    portal.call(self.app, scope, receive, send)
    ~~~~~~~~~~~^^^^^^^^^^^^^^^^^^^^^^^^^^^^^^^^
  File "C:\Python314\Lib\site-packages\anyio\from_thread.py", line 334, in call
    return cast(T_Retval, self.start_task_soon(func, *args).result())
                          ~~~~~~~~~~~~~~~~~~~~~~~~~~~~~~~~~~~~~~~~^^
  File "C:\Python314\Lib\concurrent\futures\_base.py", line 450, in result
    return self.__get_result()
           ~~~~~~~~~~~~~~~~~^^
  File "C:\Python314\Lib\concurrent\futures\_base.py", line 395, in __get_result
    raise self._exception
  File "C:\Python314\Lib\site-packages\anyio\from_thread.py", line 259, in _call_func
    retval = await retval_or_awaitable
             ^^^^^^^^^^^^^^^^^^^^^^^^^
  File "C:\Python314\Lib\site-packages\fastapi\applications.py", line 1159, in __call__
    await super().__call__(scope, receive, send)
  File "C:\Python314\Lib\site-packages\starlette\applications.py", line 107, in __call__
    await self.middleware_stack(scope, receive, send)
  File "C:\Python314\Lib\site-packages\starlette\middleware\errors.py", line 186, in __call__
    raise exc
  File "C:\Python314\Lib\site-packages\starlette\middleware\errors.py", line 164, in __call__
    await self.app(scope, receive, _send)
  File "C:\Python314\Lib\site-packages\starlette\middleware\cors.py", line 87, in __call__
    await self.app(scope, receive, send)
  File "C:\Python314\Lib\site-packages\starlette\middleware\base.py", line 191, in __call__
    with recv_stream, send_stream, collapse_excgroups():
                                   ~~~~~~~~~~~~~~~~~~^^
  File "C:\Python314\Lib\contextlib.py", line 162, in __exit__
    self.gen.throw(value)
    ~~~~~~~~~~~~~~^^^^^^^
  File "C:\Python314\Lib\site-packages\starlette\_utils.py", line 87, in collapse_excgroups
    raise exc
  File "C:\Python314\Lib\site-packages\starlette\middleware\base.py", line 193, in __call__
    response = await self.dispatch_func(request, call_next)
               ^^^^^^^^^^^^^^^^^^^^^^^^^^^^^^^^^^^^^^^^^^^^
  File "D:\BikeMaster\bike_analyzer\backend\api\app_factory.py", line 249, in add_security_headers
    response = await call_next(request)
               ^^^^^^^^^^^^^^^^^^^^^^^^
  File "C:\Python314\Lib\site-packages\starlette\middleware\base.py", line 168, in call_next
    raise app_exc from app_exc.__cause__ or app_exc.__context__
  File "C:\Python314\Lib\site-packages\starlette\middleware\base.py", line 144, in coro
    await self.app(scope, receive_or_disconnect, send_no_error)
  File "C:\Python314\Lib\site-packages\starlette\middleware\base.py", line 191, in __call__
    with recv_stream, send_stream, collapse_excgroups():
                                   ~~~~~~~~~~~~~~~~~~^^
  File "C:\Python314\Lib\contextlib.py", line 162, in __exit__
    self.gen.throw(value)
    ~~~~~~~~~~~~~~^^^^^^^
  File "C:\Python314\Lib\site-packages\starlette\_utils.py", line 87, in collapse_excgroups
    raise exc
  File "C:\Python314\Lib\site-packages\starlette\middleware\base.py", line 193, in __call__
    response = await self.dispatch_func(request, call_next)
               ^^^^^^^^^^^^^^^^^^^^^^^^^^^^^^^^^^^^^^^^^^^^
  File "D:\BikeMaster\bike_analyzer\backend\api\app_factory.py", line 224, in audit_log_middleware
    response = await call_next(request)
               ^^^^^^^^^^^^^^^^^^^^^^^^
  File "C:\Python314\Lib\site-packages\starlette\middleware\base.py", line 168, in call_next
    raise app_exc from app_exc.__cause__ or app_exc.__context__
  File "C:\Python314\Lib\site-packages\starlette\middleware\base.py", line 144, in coro
    await self.app(scope, receive_or_disconnect, send_no_error)
  File "C:\Python314\Lib\site-packages\starlette\middleware\base.py", line 191, in __call__
    with recv_stream, send_stream, collapse_excgroups():
                                   ~~~~~~~~~~~~~~~~~~^^
  File "C:\Python314\Lib\contextlib.py", line 162, in __exit__
    self.gen.throw(value)
    ~~~~~~~~~~~~~~^^^^^^^
  File "C:\Python314\Lib\site-packages\starlette\_utils.py", line 87, in collapse_excgroups
    raise exc
  File "C:\Python314\Lib\site-packages\starlette\middleware\base.py", line 193, in __call__
    response = await self.dispatch_func(request, call_next)
               ^^^^^^^^^^^^^^^^^^^^^^^^^^^^^^^^^^^^^^^^^^^^
  File "D:\BikeMaster\bike_analyzer\backend\api\app_factory.py", line 199, in user_api_keys_middleware
    response = await call_next(request)
               ^^^^^^^^^^^^^^^^^^^^^^^^
  File "C:\Python314\Lib\site-packages\starlette\middleware\base.py", line 168, in call_next
    raise app_exc from app_exc.__cause__ or app_exc.__context__
  File "C:\Python314\Lib\site-packages\starlette\middleware\base.py", line 144, in coro
    await self.app(scope, receive_or_disconnect, send_no_error)
  File "C:\Python314\Lib\site-packages\starlette\middleware\base.py", line 191, in __call__
    with recv_stream, send_stream, collapse_excgroups():
                                   ~~~~~~~~~~~~~~~~~~^^
  File "C:\Python314\Lib\contextlib.py", line 162, in __exit__
    self.gen.throw(value)
    ~~~~~~~~~~~~~~^^^^^^^
  File "C:\Python314\Lib\site-packages\starlette\_utils.py", line 87, in collapse_excgroups
    raise exc
  File "C:\Python314\Lib\site-packages\starlette\middleware\base.py", line 193, in __call__
    response = await self.dispatch_func(request, call_next)
               ^^^^^^^^^^^^^^^^^^^^^^^^^^^^^^^^^^^^^^^^^^^^
  File "D:\BikeMaster\bike_analyzer\backend\api\app_factory.py", line 183, in correlation_id_middleware
    response = await call_next(request)
               ^^^^^^^^^^^^^^^^^^^^^^^^
  File "C:\Python314\Lib\site-packages\starlette\middleware\base.py", line 168, in call_next
    raise app_exc from app_exc.__cause__ or app_exc.__context__
  File "C:\Python314\Lib\site-packages\starlette\middleware\base.py", line 144, in coro
    await self.app(scope, receive_or_disconnect, send_no_error)
  File "D:\BikeMaster\bike_analyzer\backend\monitoring.py", line 315, in __call__
    await self.app(scope, receive, send_with_metrics)
  File "C:\Python314\Lib\site-packages\starlette\middleware\base.py", line 191, in __call__
    with recv_stream, send_stream, collapse_excgroups():
                                   ~~~~~~~~~~~~~~~~~~^^
  File "C:\Python314\Lib\contextlib.py", line 162, in __exit__
    self.gen.throw(value)
    ~~~~~~~~~~~~~~^^^^^^^
  File "C:\Python314\Lib\site-packages\starlette\_utils.py", line 87, in collapse_excgroups
    raise exc
  File "C:\Python314\Lib\site-packages\starlette\middleware\base.py", line 193, in __call__
    response = await self.dispatch_func(request, call_next)
               ^^^^^^^^^^^^^^^^^^^^^^^^^^^^^^^^^^^^^^^^^^^^
  File "C:\Python314\Lib\site-packages\slowapi\middleware.py", line 136, in dispatch
    response = await call_next(request)
               ^^^^^^^^^^^^^^^^^^^^^^^^
  File "C:\Python314\Lib\site-packages\starlette\middleware\base.py", line 168, in call_next
    raise app_exc from app_exc.__cause__ or app_exc.__context__
  File "C:\Python314\Lib\site-packages\starlette\middleware\base.py", line 144, in coro
    await self.app(scope, receive_or_disconnect, send_no_error)
  File "C:\Python314\Lib\site-packages\starlette\middleware\exceptions.py", line 63, in __call__
    await wrap_app_handling_exceptions(self.app, conn)(scope, receive, send)
  File "C:\Python314\Lib\site-packages\starlette\_exception_handler.py", line 53, in wrapped_app
    raise exc
  File "C:\Python314\Lib\site-packages\starlette\_exception_handler.py", line 42, in wrapped_app
    await app(scope, receive, sender)
  File "C:\Python314\Lib\site-packages\fastapi\middleware\asyncexitstack.py", line 18, in __call__
    await self.app(scope, receive, send)
  File "C:\Python314\Lib\site-packages\starlette\routing.py", line 716, in __call__
    await self.middleware_stack(scope, receive, send)
  File "C:\Python314\Lib\site-packages\starlette\routing.py", line 736, in app
    await route.handle(scope, receive, send)
  File "C:\Python314\Lib\site-packages\starlette\routing.py", line 290, in handle
    await self.app(scope, receive, send)
  File "C:\Python314\Lib\site-packages\fastapi\routing.py", line 134, in app
    await wrap_app_handling_exceptions(app, request)(scope, receive, send)
  File "C:\Python314\Lib\site-packages\starlette\_exception_handler.py", line 53, in wrapped_app
    raise exc
  File "C:\Python314\Lib\site-packages\starlette\_exception_handler.py", line 42, in wrapped_app
    await app(scope, receive, sender)
  File "C:\Python314\Lib\site-packages\fastapi\routing.py", line 120, in app
    response = await f(request)
               ^^^^^^^^^^^^^^^^
  File "C:\Python314\Lib\site-packages\fastapi\routing.py", line 674, in app
    raw_response = await run_endpoint_function(
                   ^^^^^^^^^^^^^^^^^^^^^^^^^^^^
    ...<3 lines>...
    )
    ^
  File "C:\Python314\Lib\site-packages\fastapi\routing.py", line 328, in run_endpoint_function
    return await dependant.call(**values)
           ^^^^^^^^^^^^^^^^^^^^^^^^^^^^^^
  File "D:\BikeMaster\bike_analyzer\backend\api\routes.py", line 1199, in get_ride_segments
    points = [GPSPoint(**p) for p in normalized]
              ~~~~~~~~^^^^^
TypeError: GPSPoint.__init__() got an unexpected keyword argument 'elevation'

The above exception was the direct cause of the following exception:

client = <starlette.testclient.TestClient object at 0x00000148AD2EF570>

    def test_ride_segments_and_missing(client):
        resp = client.post("/api/v1/rides", json=SAMPLE_RIDE)
        ride_id = resp.json()["id"]
>       assert client.get(f"/api/v1/rides/{ride_id}/segments").status_code == 200
               ^^^^^^^^^^^^^^^^^^^^^^^^^^^^^^^^^^^^^^^^^^^^^^^

tests\test_routes_coverage_extra.py:103: 
_ _ _ _ _ _ _ _ _ _ _ _ _ _ _ _ _ _ _ _ _ _ _ _ _ _ _ _ _ _ _ _ _ _ _ _ _ _ _ _
C:\Python314\Lib\site-packages\starlette\testclient.py:473: in get
    return super().get(
C:\Python314\Lib\site-packages\httpx\_client.py:1053: in get
    return self.request(
C:\Python314\Lib\site-packages\starlette\testclient.py:445: in request
    return super().request(
C:\Python314\Lib\site-packages\httpx\_client.py:825: in request
    return self.send(request, auth=auth, follow_redirects=follow_redirects)
           ^^^^^^^^^^^^^^^^^^^^^^^^^^^^^^^^^^^^^^^^^^^^^^^^^^^^^^^^^^^^^^^^
C:\Python314\Lib\site-packages\httpx\_client.py:914: in send
    response = self._send_handling_auth(
C:\Python314\Lib\site-packages\httpx\_client.py:942: in _send_handling_auth
    response = self._send_handling_redirects(
C:\Python314\Lib\site-packages\httpx\_client.py:979: in _send_handling_redirects
    response = self._send_single_request(request)
               ^^^^^^^^^^^^^^^^^^^^^^^^^^^^^^^^^^
C:\Python314\Lib\site-packages\httpx\_client.py:1014: in _send_single_request
    response = transport.handle_request(request)
               ^^^^^^^^^^^^^^^^^^^^^^^^^^^^^^^^^
C:\Python314\Lib\site-packages\starlette\testclient.py:348: in handle_request
    raise exc
C:\Python314\Lib\site-packages\starlette\testclient.py:345: in handle_request
    portal.call(self.app, scope, receive, send)
C:\Python314\Lib\site-packages\anyio\from_thread.py:334: in call
    return cast(T_Retval, self.start_task_soon(func, *args).result())
                          ^^^^^^^^^^^^^^^^^^^^^^^^^^^^^^^^^^^^^^^^^^
C:\Python314\Lib\concurrent\futures\_base.py:450: in result
    return self.__get_result()
           ^^^^^^^^^^^^^^^^^^^
C:\Python314\Lib\concurrent\futures\_base.py:395: in __get_result
    raise self._exception
C:\Python314\Lib\site-packages\anyio\from_thread.py:259: in _call_func
    retval = await retval_or_awaitable
             ^^^^^^^^^^^^^^^^^^^^^^^^^
C:\Python314\Lib\site-packages\fastapi\applications.py:1159: in __call__
    await super().__call__(scope, receive, send)
C:\Python314\Lib\site-packages\starlette\applications.py:107: in __call__
    await self.middleware_stack(scope, receive, send)
C:\Python314\Lib\site-packages\starlette\middleware\errors.py:186: in __call__
    raise exc
C:\Python314\Lib\site-packages\starlette\middleware\errors.py:164: in __call__
    await self.app(scope, receive, _send)
C:\Python314\Lib\site-packages\starlette\middleware\cors.py:87: in __call__
    await self.app(scope, receive, send)
C:\Python314\Lib\site-packages\starlette\middleware\base.py:191: in __call__
    with recv_stream, send_stream, collapse_excgroups():
                                   ^^^^^^^^^^^^^^^^^^^^
C:\Python314\Lib\contextlib.py:162: in __exit__
    self.gen.throw(value)
C:\Python314\Lib\site-packages\starlette\_utils.py:87: in collapse_excgroups
    raise exc
C:\Python314\Lib\site-packages\starlette\middleware\base.py:193: in __call__
    response = await self.dispatch_func(request, call_next)
               ^^^^^^^^^^^^^^^^^^^^^^^^^^^^^^^^^^^^^^^^^^^^
bike_analyzer\backend\api\app_factory.py:249: in add_security_headers
    response = await call_next(request)
               ^^^^^^^^^^^^^^^^^^^^^^^^
C:\Python314\Lib\site-packages\starlette\middleware\base.py:168: in call_next
    raise app_exc from app_exc.__cause__ or app_exc.__context__
C:\Python314\Lib\site-packages\starlette\middleware\base.py:144: in coro
    await self.app(scope, receive_or_disconnect, send_no_error)
C:\Python314\Lib\site-packages\starlette\middleware\base.py:191: in __call__
    with recv_stream, send_stream, collapse_excgroups():
                                   ^^^^^^^^^^^^^^^^^^^^
C:\Python314\Lib\contextlib.py:162: in __exit__
    self.gen.throw(value)
C:\Python314\Lib\site-packages\starlette\_utils.py:87: in collapse_excgroups
    raise exc
C:\Python314\Lib\site-packages\starlette\middleware\base.py:193: in __call__
    response = await self.dispatch_func(request, call_next)
               ^^^^^^^^^^^^^^^^^^^^^^^^^^^^^^^^^^^^^^^^^^^^
bike_analyzer\backend\api\app_factory.py:224: in audit_log_middleware
    response = await call_next(request)
               ^^^^^^^^^^^^^^^^^^^^^^^^
C:\Python314\Lib\site-packages\starlette\middleware\base.py:168: in call_next
    raise app_exc from app_exc.__cause__ or app_exc.__context__
C:\Python314\Lib\site-packages\starlette\middleware\base.py:144: in coro
    await self.app(scope, receive_or_disconnect, send_no_error)
C:\Python314\Lib\site-packages\starlette\middleware\base.py:191: in __call__
    with recv_stream, send_stream, collapse_excgroups():
                                   ^^^^^^^^^^^^^^^^^^^^
C:\Python314\Lib\contextlib.py:162: in __exit__
    self.gen.throw(value)
C:\Python314\Lib\site-packages\starlette\_utils.py:87: in collapse_excgroups
    raise exc
C:\Python314\Lib\site-packages\starlette\middleware\base.py:193: in __call__
    response = await self.dispatch_func(request, call_next)
               ^^^^^^^^^^^^^^^^^^^^^^^^^^^^^^^^^^^^^^^^^^^^
bike_analyzer\backend\api\app_factory.py:199: in user_api_keys_middleware
    response = await call_next(request)
               ^^^^^^^^^^^^^^^^^^^^^^^^
C:\Python314\Lib\site-packages\starlette\middleware\base.py:168: in call_next
    raise app_exc from app_exc.__cause__ or app_exc.__context__
C:\Python314\Lib\site-packages\starlette\middleware\base.py:144: in coro
    await self.app(scope, receive_or_disconnect, send_no_error)
C:\Python314\Lib\site-packages\starlette\middleware\base.py:191: in __call__
    with recv_stream, send_stream, collapse_excgroups():
                                   ^^^^^^^^^^^^^^^^^^^^
C:\Python314\Lib\contextlib.py:162: in __exit__
    self.gen.throw(value)
C:\Python314\Lib\site-packages\starlette\_utils.py:87: in collapse_excgroups
    raise exc
C:\Python314\Lib\site-packages\starlette\middleware\base.py:193: in __call__
    response = await self.dispatch_func(request, call_next)
               ^^^^^^^^^^^^^^^^^^^^^^^^^^^^^^^^^^^^^^^^^^^^
bike_analyzer\backend\api\app_factory.py:183: in correlation_id_middleware
    response = await call_next(request)
               ^^^^^^^^^^^^^^^^^^^^^^^^
C:\Python314\Lib\site-packages\starlette\middleware\base.py:168: in call_next
    raise app_exc from app_exc.__cause__ or app_exc.__context__
C:\Python314\Lib\site-packages\starlette\middleware\base.py:144: in coro
    await self.app(scope, receive_or_disconnect, send_no_error)
bike_analyzer\backend\monitoring.py:315: in __call__
    await self.app(scope, receive, send_with_metrics)
C:\Python314\Lib\site-packages\starlette\middleware\base.py:191: in __call__
    with recv_stream, send_stream, collapse_excgroups():
                                   ^^^^^^^^^^^^^^^^^^^^
C:\Python314\Lib\contextlib.py:162: in __exit__
    self.gen.throw(value)
C:\Python314\Lib\site-packages\starlette\_utils.py:87: in collapse_excgroups
    raise exc
C:\Python314\Lib\site-packages\starlette\middleware\base.py:193: in __call__
    response = await self.dispatch_func(request, call_next)
               ^^^^^^^^^^^^^^^^^^^^^^^^^^^^^^^^^^^^^^^^^^^^
C:\Python314\Lib\site-packages\slowapi\middleware.py:136: in dispatch
    response = await call_next(request)
               ^^^^^^^^^^^^^^^^^^^^^^^^
C:\Python314\Lib\site-packages\starlette\middleware\base.py:168: in call_next
    raise app_exc from app_exc.__cause__ or app_exc.__context__
C:\Python314\Lib\site-packages\starlette\middleware\base.py:144: in coro
    await self.app(scope, receive_or_disconnect, send_no_error)
C:\Python314\Lib\site-packages\starlette\middleware\exceptions.py:63: in __call__
    await wrap_app_handling_exceptions(self.app, conn)(scope, receive, send)
C:\Python314\Lib\site-packages\starlette\_exception_handler.py:53: in wrapped_app
    raise exc
C:\Python314\Lib\site-packages\starlette\_exception_handler.py:42: in wrapped_app
    await app(scope, receive, sender)
C:\Python314\Lib\site-packages\fastapi\middleware\asyncexitstack.py:18: in __call__
    await self.app(scope, receive, send)
C:\Python314\Lib\site-packages\starlette\routing.py:716: in __call__
    await self.middleware_stack(scope, receive, send)
C:\Python314\Lib\site-packages\starlette\routing.py:736: in app
    await route.handle(scope, receive, send)
C:\Python314\Lib\site-packages\starlette\routing.py:290: in handle
    await self.app(scope, receive, send)
C:\Python314\Lib\site-packages\fastapi\routing.py:134: in app
    await wrap_app_handling_exceptions(app, request)(scope, receive, send)
C:\Python314\Lib\site-packages\starlette\_exception_handler.py:53: in wrapped_app
    raise exc
C:\Python314\Lib\site-packages\starlette\_exception_handler.py:42: in wrapped_app
    await app(scope, receive, sender)
C:\Python314\Lib\site-packages\fastapi\routing.py:120: in app
    response = await f(request)
               ^^^^^^^^^^^^^^^^
C:\Python314\Lib\site-packages\fastapi\routing.py:674: in app
    raw_response = await run_endpoint_function(
C:\Python314\Lib\site-packages\fastapi\routing.py:328: in run_endpoint_function
    return await dependant.call(**values)
           ^^^^^^^^^^^^^^^^^^^^^^^^^^^^^^
_ _ _ _ _ _ _ _ _ _ _ _ _ _ _ _ _ _ _ _ _ _ _ _ _ _ _ _ _ _ _ _ _ _ _ _ _ _ _ _

ride_id = 1, min_distance_m = 1000, current_user = {'id': 0, 'is_admin': True}

    @router.get("/rides/{ride_id}/segments")
    async def get_ride_segments(
        ride_id: int, min_distance_m: int = Query(1000), current_user: dict = Depends(get_current_user)
    ):
        """Detect and return significant segments from ride GPS points."""
        from ..db.database import get_ride as _get_ride
        from ..models.models import GPSPoint
    
        ride = _get_ride(ride_id)
        if not ride:
            raise HTTPException(status_code=404, detail="Ride not found")
        _ensure_ride_access(ride, current_user)
    
        gps_points = ride.get("gps_points")
        if not gps_points:
            raise HTTPException(status_code=400, detail="No GPS points for this ride")
        normalized = []
        for p in gps_points:
            if "altitude" not in p and "elevation" in p:
                normalized.append({**p, "altitude": p.get("elevation")})
            else:
                normalized.append(p)
>       points = [GPSPoint(**p) for p in normalized]
                  ^^^^^^^^^^^^^
E       TypeError: GPSPoint.__init__() got an unexpected keyword argument 'elevation'

bike_analyzer\backend\api\routes.py:1199: TypeError
------------------------------ Captured log call ------------------------------
ERROR    bike_analyzer.backend.api.app_factory:app_factory.py:185 Unhandled exception for request_id=6502c72f-a728-4ea2-bb24-990b05cffbd0
  + Exception Group Traceback (most recent call last):
  |   File "C:\Python314\Lib\site-packages\starlette\_utils.py", line 81, in collapse_excgroups
  |     yield
  |   File "C:\Python314\Lib\site-packages\starlette\middleware\base.py", line 192, in __call__
  |     async with anyio.create_task_group() as task_group:
  |                ~~~~~~~~~~~~~~~~~~~~~~~^^
  |   File "C:\Python314\Lib\site-packages\anyio\_backends\_asyncio.py", line 799, in __aexit__
  |     raise BaseExceptionGroup(
  |         "unhandled errors in a TaskGroup", self._exceptions
  |     ) from None
  | ExceptionGroup: unhandled errors in a TaskGroup (1 sub-exception)
  +-+---------------- 1 ----------------
    | Traceback (most recent call last):
    |   File "D:\BikeMaster\bike_analyzer\backend\api\app_factory.py", line 183, in correlation_id_middleware
    |     response = await call_next(request)
    |                ^^^^^^^^^^^^^^^^^^^^^^^^
    |   File "C:\Python314\Lib\site-packages\starlette\middleware\base.py", line 168, in call_next
    |     raise app_exc from app_exc.__cause__ or app_exc.__context__
    |   File "C:\Python314\Lib\site-packages\starlette\middleware\base.py", line 144, in coro
    |     await self.app(scope, receive_or_disconnect, send_no_error)
    |   File "D:\BikeMaster\bike_analyzer\backend\monitoring.py", line 315, in __call__
    |     await self.app(scope, receive, send_with_metrics)
    |   File "C:\Python314\Lib\site-packages\starlette\middleware\base.py", line 191, in __call__
    |     with recv_stream, send_stream, collapse_excgroups():
    |                                    ~~~~~~~~~~~~~~~~~~^^
    |   File "C:\Python314\Lib\contextlib.py", line 162, in __exit__
    |     self.gen.throw(value)
    |     ~~~~~~~~~~~~~~^^^^^^^
    |   File "C:\Python314\Lib\site-packages\starlette\_utils.py", line 87, in collapse_excgroups
    |     raise exc
    |   File "C:\Python314\Lib\site-packages\starlette\middleware\base.py", line 193, in __call__
    |     response = await self.dispatch_func(request, call_next)
    |                ^^^^^^^^^^^^^^^^^^^^^^^^^^^^^^^^^^^^^^^^^^^^
    |   File "C:\Python314\Lib\site-packages\slowapi\middleware.py", line 136, in dispatch
    |     response = await call_next(request)
    |                ^^^^^^^^^^^^^^^^^^^^^^^^
    |   File "C:\Python314\Lib\site-packages\starlette\middleware\base.py", line 168, in call_next
    |     raise app_exc from app_exc.__cause__ or app_exc.__context__
    |   File "C:\Python314\Lib\site-packages\starlette\middleware\base.py", line 144, in coro
    |     await self.app(scope, receive_or_disconnect, send_no_error)
    |   File "C:\Python314\Lib\site-packages\starlette\middleware\exceptions.py", line 63, in __call__
    |     await wrap_app_handling_exceptions(self.app, conn)(scope, receive, send)
    |   File "C:\Python314\Lib\site-packages\starlette\_exception_handler.py", line 53, in wrapped_app
    |     raise exc
    |   File "C:\Python314\Lib\site-packages\starlette\_exception_handler.py", line 42, in wrapped_app
    |     await app(scope, receive, sender)
    |   File "C:\Python314\Lib\site-packages\fastapi\middleware\asyncexitstack.py", line 18, in __call__
    |     await self.app(scope, receive, send)
    |   File "C:\Python314\Lib\site-packages\starlette\routing.py", line 716, in __call__
    |     await self.middleware_stack(scope, receive, send)
    |   File "C:\Python314\Lib\site-packages\starlette\routing.py", line 736, in app
    |     await route.handle(scope, receive, send)
    |   File "C:\Python314\Lib\site-packages\starlette\routing.py", line 290, in handle
    |     await self.app(scope, receive, send)
    |   File "C:\Python314\Lib\site-packages\fastapi\routing.py", line 134, in app
    |     await wrap_app_handling_exceptions(app, request)(scope, receive, send)
    |   File "C:\Python314\Lib\site-packages\starlette\_exception_handler.py", line 53, in wrapped_app
    |     raise exc
    |   File "C:\Python314\Lib\site-packages\starlette\_exception_handler.py", line 42, in wrapped_app
    |     await app(scope, receive, sender)
    |   File "C:\Python314\Lib\site-packages\fastapi\routing.py", line 120, in app
    |     response = await f(request)
    |                ^^^^^^^^^^^^^^^^
    |   File "C:\Python314\Lib\site-packages\fastapi\routing.py", line 674, in app
    |     raw_response = await run_endpoint_function(
    |                    ^^^^^^^^^^^^^^^^^^^^^^^^^^^^
    |     ...<3 lines>...
    |     )
    |     ^
    |   File "C:\Python314\Lib\site-packages\fastapi\routing.py", line 328, in run_endpoint_function
    |     return await dependant.call(**values)
    |            ^^^^^^^^^^^^^^^^^^^^^^^^^^^^^^
    |   File "D:\BikeMaster\bike_analyzer\backend\api\routes.py", line 1199, in get_ride_segments
    |     points = [GPSPoint(**p) for p in normalized]
    |               ~~~~~~~~^^^^^
    | TypeError: GPSPoint.__init__() got an unexpected keyword argument 'elevation'
    +------------------------------------

The above exception was the direct cause of the following exception:

Traceback (most recent call last):
  File "D:\BikeMaster\bike_analyzer\backend\api\app_factory.py", line 183, in correlation_id_middleware
    response = await call_next(request)
               ^^^^^^^^^^^^^^^^^^^^^^^^
  File "C:\Python314\Lib\site-packages\starlette\middleware\base.py", line 168, in call_next
    raise app_exc from app_exc.__cause__ or app_exc.__context__
  File "C:\Python314\Lib\site-packages\starlette\middleware\base.py", line 144, in coro
    await self.app(scope, receive_or_disconnect, send_no_error)
  File "D:\BikeMaster\bike_analyzer\backend\monitoring.py", line 315, in __call__
    await self.app(scope, receive, send_with_metrics)
  File "C:\Python314\Lib\site-packages\starlette\middleware\base.py", line 191, in __call__
    with recv_stream, send_stream, collapse_excgroups():
                                   ~~~~~~~~~~~~~~~~~~^^
  File "C:\Python314\Lib\contextlib.py", line 162, in __exit__
    self.gen.throw(value)
    ~~~~~~~~~~~~~~^^^^^^^
  File "C:\Python314\Lib\site-packages\starlette\_utils.py", line 87, in collapse_excgroups
    raise exc
  File "C:\Python314\Lib\site-packages\starlette\middleware\base.py", line 193, in __call__
    response = await self.dispatch_func(request, call_next)
               ^^^^^^^^^^^^^^^^^^^^^^^^^^^^^^^^^^^^^^^^^^^^
  File "C:\Python314\Lib\site-packages\slowapi\middleware.py", line 136, in dispatch
    response = await call_next(request)
               ^^^^^^^^^^^^^^^^^^^^^^^^
  File "C:\Python314\Lib\site-packages\starlette\middleware\base.py", line 168, in call_next
    raise app_exc from app_exc.__cause__ or app_exc.__context__
  File "C:\Python314\Lib\site-packages\starlette\middleware\base.py", line 144, in coro
    await self.app(scope, receive_or_disconnect, send_no_error)
  File "C:\Python314\Lib\site-packages\starlette\middleware\exceptions.py", line 63, in __call__
    await wrap_app_handling_exceptions(self.app, conn)(scope, receive, send)
  File "C:\Python314\Lib\site-packages\starlette\_exception_handler.py", line 53, in wrapped_app
    raise exc
  File "C:\Python314\Lib\site-packages\starlette\_exception_handler.py", line 42, in wrapped_app
    await app(scope, receive, sender)
  File "C:\Python314\Lib\site-packages\fastapi\middleware\asyncexitstack.py", line 18, in __call__
    await self.app(scope, receive, send)
  File "C:\Python314\Lib\site-packages\starlette\routing.py", line 716, in __call__
    await self.middleware_stack(scope, receive, send)
  File "C:\Python314\Lib\site-packages\starlette\routing.py", line 736, in app
    await route.handle(scope, receive, send)
  File "C:\Python314\Lib\site-packages\starlette\routing.py", line 290, in handle
    await self.app(scope, receive, send)
  File "C:\Python314\Lib\site-packages\fastapi\routing.py", line 134, in app
    await wrap_app_handling_exceptions(app, request)(scope, receive, send)
  File "C:\Python314\Lib\site-packages\starlette\_exception_handler.py", line 53, in wrapped_app
    raise exc
  File "C:\Python314\Lib\site-packages\starlette\_exception_handler.py", line 42, in wrapped_app
    await app(scope, receive, sender)
  File "C:\Python314\Lib\site-packages\fastapi\routing.py", line 120, in app
    response = await f(request)
               ^^^^^^^^^^^^^^^^
  File "C:\Python314\Lib\site-packages\fastapi\routing.py", line 674, in app
    raw_response = await run_endpoint_function(
                   ^^^^^^^^^^^^^^^^^^^^^^^^^^^^
    ...<3 lines>...
    )
    ^
  File "C:\Python314\Lib\site-packages\fastapi\routing.py", line 328, in run_endpoint_function
    return await dependant.call(**values)
           ^^^^^^^^^^^^^^^^^^^^^^^^^^^^^^
  File "D:\BikeMaster\bike_analyzer\backend\api\routes.py", line 1199, in get_ride_segments
    points = [GPSPoint(**p) for p in normalized]
              ~~~~~~~~^^^^^
TypeError: GPSPoint.__init__() got an unexpected keyword argument 'elevation'
____________________ test_register_success_and_duplicates _____________________

self = <ProactorEventLoop running=False closed=True debug=False>
callback = <bound method BaseProtocol._on_waiter_completed of <asyncpg.protocol.protocol.Protocol object at 0x00000148A48E60D0>>
context = <_contextvars.Context object at 0x00000148AA1A4AC0>
args = (<Future finished exception=RuntimeError('Event loop is closed')>,)

    def call_soon(self, callback, *args, context=None):
        """Arrange for a callback to be called as soon as possible.
    
        This operates as a FIFO queue: callbacks are called in the
        order in which they are registered.  Each callback will be
        called exactly once.
    
        Any positional arguments after the callback will be passed to
        the callback when it is called.
        """
>       self._check_closed()

C:\Python314\Lib\asyncio\base_events.py:827: 
_ _ _ _ _ _ _ _ _ _ _ _ _ _ _ _ _ _ _ _ _ _ _ _ _ _ _ _ _ _ _ _ _ _ _ _ _ _ _ _

self = <ProactorEventLoop running=False closed=True debug=False>

    def _check_closed(self):
        if self._closed:
>           raise RuntimeError('Event loop is closed')
E           RuntimeError: Event loop is closed

C:\Python314\Lib\asyncio\base_events.py:550: RuntimeError

The above exception was the direct cause of the following exception:

db_path = 'C:\\Users\\user\\AppData\\Local\\Temp\\bikemaster_test_dbs\\test_1411486769648.db'

    def test_register_success_and_duplicates(db_path):
        tc = _make_client("0", is_admin=True, db_path=db_path)
        r = tc.post("/api/v1/auth/register", json={"username": "alice_xyz", "password": "password123"})
        assert r.status_code == 200
>       assert tc.post("/api/v1/auth/register", json={"username": "alice_xyz", "password": "password123"}).status_code == 400
               ^^^^^^^^^^^^^^^^^^^^^^^^^^^^^^^^^^^^^^^^^^^^^^^^^^^^^^^^^^^^^^^^^^^^^^^^^^^^^^^^^^^^^^^^^^^

tests\test_routes_coverage_extra.py:130: 
_ _ _ _ _ _ _ _ _ _ _ _ _ _ _ _ _ _ _ _ _ _ _ _ _ _ _ _ _ _ _ _ _ _ _ _ _ _ _ _
C:\Python314\Lib\site-packages\starlette\testclient.py:546: in post
    return super().post(
C:\Python314\Lib\site-packages\httpx\_client.py:1144: in post
    return self.request(
C:\Python314\Lib\site-packages\starlette\testclient.py:445: in request
    return super().request(
C:\Python314\Lib\site-packages\httpx\_client.py:825: in request
    return self.send(request, auth=auth, follow_redirects=follow_redirects)
           ^^^^^^^^^^^^^^^^^^^^^^^^^^^^^^^^^^^^^^^^^^^^^^^^^^^^^^^^^^^^^^^^
C:\Python314\Lib\site-packages\httpx\_client.py:914: in send
    response = self._send_handling_auth(
C:\Python314\Lib\site-packages\httpx\_client.py:942: in _send_handling_auth
    response = self._send_handling_redirects(
C:\Python314\Lib\site-packages\httpx\_client.py:979: in _send_handling_redirects
    response = self._send_single_request(request)
               ^^^^^^^^^^^^^^^^^^^^^^^^^^^^^^^^^^
C:\Python314\Lib\site-packages\httpx\_client.py:1014: in _send_single_request
    response = transport.handle_request(request)
               ^^^^^^^^^^^^^^^^^^^^^^^^^^^^^^^^^
C:\Python314\Lib\site-packages\starlette\testclient.py:348: in handle_request
    raise exc
C:\Python314\Lib\site-packages\starlette\testclient.py:345: in handle_request
    portal.call(self.app, scope, receive, send)
C:\Python314\Lib\site-packages\anyio\from_thread.py:334: in call
    return cast(T_Retval, self.start_task_soon(func, *args).result())
                          ^^^^^^^^^^^^^^^^^^^^^^^^^^^^^^^^^^^^^^^^^^
C:\Python314\Lib\concurrent\futures\_base.py:450: in result
    return self.__get_result()
           ^^^^^^^^^^^^^^^^^^^
C:\Python314\Lib\concurrent\futures\_base.py:395: in __get_result
    raise self._exception
C:\Python314\Lib\site-packages\anyio\from_thread.py:259: in _call_func
    retval = await retval_or_awaitable
             ^^^^^^^^^^^^^^^^^^^^^^^^^
C:\Python314\Lib\site-packages\fastapi\applications.py:1159: in __call__
    await super().__call__(scope, receive, send)
C:\Python314\Lib\site-packages\starlette\applications.py:107: in __call__
    await self.middleware_stack(scope, receive, send)
C:\Python314\Lib\site-packages\starlette\middleware\errors.py:186: in __call__
    raise exc
C:\Python314\Lib\site-packages\starlette\middleware\errors.py:164: in __call__
    await self.app(scope, receive, _send)
C:\Python314\Lib\site-packages\starlette\middleware\cors.py:87: in __call__
    await self.app(scope, receive, send)
C:\Python314\Lib\site-packages\starlette\middleware\base.py:191: in __call__
    with recv_stream, send_stream, collapse_excgroups():
                                   ^^^^^^^^^^^^^^^^^^^^
C:\Python314\Lib\contextlib.py:162: in __exit__
    self.gen.throw(value)
C:\Python314\Lib\site-packages\starlette\_utils.py:87: in collapse_excgroups
    raise exc
C:\Python314\Lib\site-packages\starlette\middleware\base.py:193: in __call__
    response = await self.dispatch_func(request, call_next)
               ^^^^^^^^^^^^^^^^^^^^^^^^^^^^^^^^^^^^^^^^^^^^
bike_analyzer\backend\api\app_factory.py:249: in add_security_headers
    response = await call_next(request)
               ^^^^^^^^^^^^^^^^^^^^^^^^
C:\Python314\Lib\site-packages\starlette\middleware\base.py:168: in call_next
    raise app_exc from app_exc.__cause__ or app_exc.__context__
C:\Python314\Lib\site-packages\starlette\middleware\base.py:144: in coro
    await self.app(scope, receive_or_disconnect, send_no_error)
C:\Python314\Lib\site-packages\starlette\middleware\base.py:191: in __call__
    with recv_stream, send_stream, collapse_excgroups():
                                   ^^^^^^^^^^^^^^^^^^^^
C:\Python314\Lib\contextlib.py:162: in __exit__
    self.gen.throw(value)
C:\Python314\Lib\site-packages\starlette\_utils.py:87: in collapse_excgroups
    raise exc
C:\Python314\Lib\site-packages\starlette\middleware\base.py:193: in __call__
    response = await self.dispatch_func(request, call_next)
               ^^^^^^^^^^^^^^^^^^^^^^^^^^^^^^^^^^^^^^^^^^^^
bike_analyzer\backend\api\app_factory.py:224: in audit_log_middleware
    response = await call_next(request)
               ^^^^^^^^^^^^^^^^^^^^^^^^
C:\Python314\Lib\site-packages\starlette\middleware\base.py:168: in call_next
    raise app_exc from app_exc.__cause__ or app_exc.__context__
C:\Python314\Lib\site-packages\starlette\middleware\base.py:144: in coro
    await self.app(scope, receive_or_disconnect, send_no_error)
C:\Python314\Lib\site-packages\starlette\middleware\base.py:191: in __call__
    with recv_stream, send_stream, collapse_excgroups():
                                   ^^^^^^^^^^^^^^^^^^^^
C:\Python314\Lib\contextlib.py:162: in __exit__
    self.gen.throw(value)
C:\Python314\Lib\site-packages\starlette\_utils.py:87: in collapse_excgroups
    raise exc
C:\Python314\Lib\site-packages\starlette\middleware\base.py:193: in __call__
    response = await self.dispatch_func(request, call_next)
               ^^^^^^^^^^^^^^^^^^^^^^^^^^^^^^^^^^^^^^^^^^^^
bike_analyzer\backend\api\app_factory.py:199: in user_api_keys_middleware
    response = await call_next(request)
               ^^^^^^^^^^^^^^^^^^^^^^^^
C:\Python314\Lib\site-packages\starlette\middleware\base.py:168: in call_next
    raise app_exc from app_exc.__cause__ or app_exc.__context__
C:\Python314\Lib\site-packages\starlette\middleware\base.py:144: in coro
    await self.app(scope, receive_or_disconnect, send_no_error)
C:\Python314\Lib\site-packages\starlette\middleware\base.py:191: in __call__
    with recv_stream, send_stream, collapse_excgroups():
                                   ^^^^^^^^^^^^^^^^^^^^
C:\Python314\Lib\contextlib.py:162: in __exit__
    self.gen.throw(value)
C:\Python314\Lib\site-packages\starlette\_utils.py:87: in collapse_excgroups
    raise exc
C:\Python314\Lib\site-packages\starlette\middleware\base.py:193: in __call__
    response = await self.dispatch_func(request, call_next)
               ^^^^^^^^^^^^^^^^^^^^^^^^^^^^^^^^^^^^^^^^^^^^
bike_analyzer\backend\api\app_factory.py:183: in correlation_id_middleware
    response = await call_next(request)
               ^^^^^^^^^^^^^^^^^^^^^^^^
C:\Python314\Lib\site-packages\starlette\middleware\base.py:168: in call_next
    raise app_exc from app_exc.__cause__ or app_exc.__context__
C:\Python314\Lib\site-packages\starlette\middleware\base.py:144: in coro
    await self.app(scope, receive_or_disconnect, send_no_error)
bike_analyzer\backend\monitoring.py:315: in __call__
    await self.app(scope, receive, send_with_metrics)
C:\Python314\Lib\site-packages\starlette\middleware\base.py:191: in __call__
    with recv_stream, send_stream, collapse_excgroups():
                                   ^^^^^^^^^^^^^^^^^^^^
C:\Python314\Lib\contextlib.py:162: in __exit__
    self.gen.throw(value)
C:\Python314\Lib\site-packages\starlette\_utils.py:87: in collapse_excgroups
    raise exc
C:\Python314\Lib\site-packages\starlette\middleware\base.py:193: in __call__
    response = await self.dispatch_func(request, call_next)
               ^^^^^^^^^^^^^^^^^^^^^^^^^^^^^^^^^^^^^^^^^^^^
C:\Python314\Lib\site-packages\slowapi\middleware.py:128: in dispatch
    return await call_next(request)
           ^^^^^^^^^^^^^^^^^^^^^^^^
C:\Python314\Lib\site-packages\starlette\middleware\base.py:168: in call_next
    raise app_exc from app_exc.__cause__ or app_exc.__context__
C:\Python314\Lib\site-packages\starlette\middleware\base.py:144: in coro
    await self.app(scope, receive_or_disconnect, send_no_error)
C:\Python314\Lib\site-packages\starlette\middleware\exceptions.py:63: in __call__
    await wrap_app_handling_exceptions(self.app, conn)(scope, receive, send)
C:\Python314\Lib\site-packages\starlette\_exception_handler.py:53: in wrapped_app
    raise exc
C:\Python314\Lib\site-packages\starlette\_exception_handler.py:42: in wrapped_app
    await app(scope, receive, sender)
C:\Python314\Lib\site-packages\fastapi\middleware\asyncexitstack.py:18: in __call__
    await self.app(scope, receive, send)
C:\Python314\Lib\site-packages\starlette\routing.py:716: in __call__
    await self.middleware_stack(scope, receive, send)
C:\Python314\Lib\site-packages\starlette\routing.py:736: in app
    await route.handle(scope, receive, send)
C:\Python314\Lib\site-packages\starlette\routing.py:290: in handle
    await self.app(scope, receive, send)
C:\Python314\Lib\site-packages\fastapi\routing.py:134: in app
    await wrap_app_handling_exceptions(app, request)(scope, receive, send)
C:\Python314\Lib\site-packages\starlette\_exception_handler.py:53: in wrapped_app
    raise exc
C:\Python314\Lib\site-packages\starlette\_exception_handler.py:42: in wrapped_app
    await app(scope, receive, sender)
C:\Python314\Lib\site-packages\fastapi\routing.py:120: in app
    response = await f(request)
               ^^^^^^^^^^^^^^^^
C:\Python314\Lib\site-packages\fastapi\routing.py:674: in app
    raw_response = await run_endpoint_function(
C:\Python314\Lib\site-packages\fastapi\routing.py:328: in run_endpoint_function
    return await dependant.call(**values)
           ^^^^^^^^^^^^^^^^^^^^^^^^^^^^^^
C:\Python314\Lib\site-packages\slowapi\extension.py:734: in async_wrapper
    response = await func(*args, **kwargs)  # type: ignore
               ^^^^^^^^^^^^^^^^^^^^^^^^^^^
bike_analyzer\backend\api\routes.py:639: in register
    result = await session.execute(stmt)
             ^^^^^^^^^^^^^^^^^^^^^^^^^^^
C:\Python314\Lib\site-packages\sqlalchemy\ext\asyncio\session.py:449: in execute
    result = await greenlet_spawn(
C:\Python314\Lib\site-packages\sqlalchemy\util\_concurrency_py3k.py:201: in greenlet_spawn
    result = context.throw(*sys.exc_info())
             ^^^^^^^^^^^^^^^^^^^^^^^^^^^^^^
C:\Python314\Lib\site-packages\sqlalchemy\orm\session.py:2351: in execute
    return self._execute_internal(
C:\Python314\Lib\site-packages\sqlalchemy\orm\session.py:2239: in _execute_internal
    conn = self._connection_for_bind(bind)
           ^^^^^^^^^^^^^^^^^^^^^^^^^^^^^^^
C:\Python314\Lib\site-packages\sqlalchemy\orm\session.py:2108: in _connection_for_bind
    return trans._connection_for_bind(engine, execution_options)
           ^^^^^^^^^^^^^^^^^^^^^^^^^^^^^^^^^^^^^^^^^^^^^^^^^^^^^
<string>:2: in _connection_for_bind
    ???
C:\Python314\Lib\site-packages\sqlalchemy\orm\state_changes.py:137: in _go
    ret_value = fn(self, *arg, **kw)
                ^^^^^^^^^^^^^^^^^^^^
C:\Python314\Lib\site-packages\sqlalchemy\orm\session.py:1187: in _connection_for_bind
    conn = bind.connect()
           ^^^^^^^^^^^^^^
C:\Python314\Lib\site-packages\sqlalchemy\engine\base.py:3293: in connect
    return self._connection_cls(self)
           ^^^^^^^^^^^^^^^^^^^^^^^^^^
C:\Python314\Lib\site-packages\sqlalchemy\engine\base.py:143: in __init__
    self._dbapi_connection = engine.raw_connection()
                             ^^^^^^^^^^^^^^^^^^^^^^^
C:\Python314\Lib\site-packages\sqlalchemy\engine\base.py:3317: in raw_connection
    return self.pool.connect()
           ^^^^^^^^^^^^^^^^^^^
C:\Python314\Lib\site-packages\sqlalchemy\pool\base.py:448: in connect
    return _ConnectionFairy._checkout(self)
           ^^^^^^^^^^^^^^^^^^^^^^^^^^^^^^^^
C:\Python314\Lib\site-packages\sqlalchemy\pool\base.py:1371: in _checkout
    with util.safe_reraise():
         ^^^^^^^^^^^^^^^^^^^
C:\Python314\Lib\site-packages\sqlalchemy\util\langhelpers.py:121: in __exit__
    raise exc_value.with_traceback(exc_tb)
C:\Python314\Lib\site-packages\sqlalchemy\pool\base.py:1309: in _checkout
    result = pool._dialect._do_ping_w_event(
C:\Python314\Lib\site-packages\sqlalchemy\engine\default.py:729: in _do_ping_w_event
    return self.do_ping(dbapi_connection)
           ^^^^^^^^^^^^^^^^^^^^^^^^^^^^^^
C:\Python314\Lib\site-packages\sqlalchemy\dialects\postgresql\asyncpg.py:1160: in do_ping
    dbapi_connection.ping()
C:\Python314\Lib\site-packages\sqlalchemy\dialects\postgresql\asyncpg.py:818: in ping
    self._handle_exception(error)
C:\Python314\Lib\site-packages\sqlalchemy\dialects\postgresql\asyncpg.py:799: in _handle_exception
    raise error
C:\Python314\Lib\site-packages\sqlalchemy\dialects\postgresql\asyncpg.py:816: in ping
    _ = self.await_(self._async_ping())
        ^^^^^^^^^^^^^^^^^^^^^^^^^^^^^^^
C:\Python314\Lib\site-packages\sqlalchemy\util\_concurrency_py3k.py:132: in await_only
    return current.parent.switch(awaitable)  # type: ignore[no-any-return,attr-defined] # noqa: E501
           ^^^^^^^^^^^^^^^^^^^^^^^^^^^^^^^^
C:\Python314\Lib\site-packages\sqlalchemy\util\_concurrency_py3k.py:196: in greenlet_spawn
    value = await result
            ^^^^^^^^^^^^
C:\Python314\Lib\site-packages\sqlalchemy\dialects\postgresql\asyncpg.py:825: in _async_ping
    await tr.start()
C:\Python314\Lib\site-packages\asyncpg\transaction.py:146: in start
    await self._connection.execute(query)
C:\Python314\Lib\site-packages\asyncpg\connection.py:354: in execute
    result = await self._protocol.query(query, timeout)
             ^^^^^^^^^^^^^^^^^^^^^^^^^^^^^^^^^^^^^^^^^^
asyncpg/protocol/protocol.pyx:369: in query
    ???
asyncpg/protocol/protocol.pyx:362: in asyncpg.protocol.protocol.BaseProtocol.query
    ???
asyncpg/protocol/coreproto.pyx:1174: in asyncpg.protocol.protocol.CoreProtocol._simple_query
    ???
asyncpg/protocol/protocol.pyx:956: in asyncpg.protocol.protocol.BaseProtocol._write
    ???
C:\Python314\Lib\asyncio\sslproto.py:222: in write
    self._ssl_protocol._write_appdata((data,))
C:\Python314\Lib\asyncio\sslproto.py:700: in _write_appdata
    self._fatal_error(ex, 'Fatal error on SSL protocol')
C:\Python314\Lib\asyncio\sslproto.py:918: in _fatal_error
    self._transport._force_close(exc)
C:\Python314\Lib\asyncio\proactor_events.py:152: in _force_close
    self._loop.call_soon(self._call_connection_lost, exc)
C:\Python314\Lib\asyncio\base_events.py:827: in call_soon
    self._check_closed()
_ _ _ _ _ _ _ _ _ _ _ _ _ _ _ _ _ _ _ _ _ _ _ _ _ _ _ _ _ _ _ _ _ _ _ _ _ _ _ _

self = <ProactorEventLoop running=False closed=True debug=False>

    def _check_closed(self):
        if self._closed:
>           raise RuntimeError('Event loop is closed')
E           RuntimeError: Event loop is closed

C:\Python314\Lib\asyncio\base_events.py:550: RuntimeError
------------------------------ Captured log call ------------------------------
ERROR    sqlalchemy.pool.impl.AsyncAdaptedQueuePool:base.py:377 Exception terminating connection <AdaptedConnection <asyncpg.connection.Connection object at 0x00000148AD85A210>>
Traceback (most recent call last):
  File "C:\Python314\Lib\site-packages\sqlalchemy\pool\base.py", line 373, in _close_connection
    self._dialect.do_terminate(connection)
    ~~~~~~~~~~~~~~~~~~~~~~~~~~^^^^^^^^^^^^
  File "C:\Python314\Lib\site-packages\sqlalchemy\dialects\postgresql\asyncpg.py", line 1127, in do_terminate
    dbapi_connection.terminate()
    ~~~~~~~~~~~~~~~~~~~~~~~~~~^^
  File "C:\Python314\Lib\site-packages\sqlalchemy\connectors\asyncio.py", line 402, in terminate
    self.await_(asyncio.shield(self._terminate_graceful_close()))  # type: ignore[attr-defined] # noqa: E501
    ~~~~~~~~~~~^^^^^^^^^^^^^^^^^^^^^^^^^^^^^^^^^^^^^^^^^^^^^^^^^^
  File "C:\Python314\Lib\site-packages\sqlalchemy\util\_concurrency_py3k.py", line 132, in await_only
    return current.parent.switch(awaitable)  # type: ignore[no-any-return,attr-defined] # noqa: E501
           ~~~~~~~~~~~~~~~~~~~~~^^^^^^^^^^^
  File "C:\Python314\Lib\site-packages\sqlalchemy\util\_concurrency_py3k.py", line 196, in greenlet_spawn
    value = await result
            ^^^^^^^^^^^^
  File "C:\Python314\Lib\site-packages\sqlalchemy\dialects\postgresql\asyncpg.py", line 912, in _terminate_graceful_close
    await self._connection.close(timeout=2)
  File "C:\Python314\Lib\site-packages\asyncpg\connection.py", line 1513, in close
    await self._protocol.close(timeout)
  File "asyncpg/protocol/protocol.pyx", line 617, in close
  File "asyncpg/protocol/protocol.pyx", line 650, in asyncpg.protocol.protocol.BaseProtocol._request_cancel
  File "C:\Python314\Lib\site-packages\asyncpg\connection.py", line 1682, in _cancel_current_command
    self._cancellations.add(self._loop.create_task(self._cancel(waiter)))
                            ~~~~~~~~~~~~~~~~~~~~~~^^^^^^^^^^^^^^^^^^^^^^
  File "C:\Python314\Lib\asyncio\base_events.py", line 466, in create_task
    self._check_closed()
    ~~~~~~~~~~~~~~~~~~^^
  File "C:\Python314\Lib\asyncio\base_events.py", line 550, in _check_closed
    raise RuntimeError('Event loop is closed')
RuntimeError: Event loop is closed
ERROR    bike_analyzer.backend.api.app_factory:app_factory.py:185 Unhandled exception for request_id=3020bdb4-c00b-4c3e-999c-fa7a3d87c2f1
Traceback (most recent call last):
  File "C:\Python314\Lib\asyncio\base_events.py", line 827, in call_soon
    self._check_closed()
    ~~~~~~~~~~~~~~~~~~^^
  File "C:\Python314\Lib\asyncio\base_events.py", line 550, in _check_closed
    raise RuntimeError('Event loop is closed')
RuntimeError: Event loop is closed

The above exception was the direct cause of the following exception:

Traceback (most recent call last):
  File "D:\BikeMaster\bike_analyzer\backend\api\app_factory.py", line 183, in correlation_id_middleware
    response = await call_next(request)
               ^^^^^^^^^^^^^^^^^^^^^^^^
  File "C:\Python314\Lib\site-packages\starlette\middleware\base.py", line 168, in call_next
    raise app_exc from app_exc.__cause__ or app_exc.__context__
  File "C:\Python314\Lib\site-packages\starlette\middleware\base.py", line 144, in coro
    await self.app(scope, receive_or_disconnect, send_no_error)
  File "D:\BikeMaster\bike_analyzer\backend\monitoring.py", line 315, in __call__
    await self.app(scope, receive, send_with_metrics)
  File "C:\Python314\Lib\site-packages\starlette\middleware\base.py", line 191, in __call__
    with recv_stream, send_stream, collapse_excgroups():
                                   ~~~~~~~~~~~~~~~~~~^^
  File "C:\Python314\Lib\contextlib.py", line 162, in __exit__
    self.gen.throw(value)
    ~~~~~~~~~~~~~~^^^^^^^
  File "C:\Python314\Lib\site-packages\starlette\_utils.py", line 87, in collapse_excgroups
    raise exc
  File "C:\Python314\Lib\site-packages\starlette\middleware\base.py", line 193, in __call__
    response = await self.dispatch_func(request, call_next)
               ^^^^^^^^^^^^^^^^^^^^^^^^^^^^^^^^^^^^^^^^^^^^
  File "C:\Python314\Lib\site-packages\slowapi\middleware.py", line 128, in dispatch
    return await call_next(request)
           ^^^^^^^^^^^^^^^^^^^^^^^^
  File "C:\Python314\Lib\site-packages\starlette\middleware\base.py", line 168, in call_next
    raise app_exc from app_exc.__cause__ or app_exc.__context__
  File "C:\Python314\Lib\site-packages\starlette\middleware\base.py", line 144, in coro
    await self.app(scope, receive_or_disconnect, send_no_error)
  File "C:\Python314\Lib\site-packages\starlette\middleware\exceptions.py", line 63, in __call__
    await wrap_app_handling_exceptions(self.app, conn)(scope, receive, send)
  File "C:\Python314\Lib\site-packages\starlette\_exception_handler.py", line 53, in wrapped_app
    raise exc
  File "C:\Python314\Lib\site-packages\starlette\_exception_handler.py", line 42, in wrapped_app
    await app(scope, receive, sender)
  File "C:\Python314\Lib\site-packages\fastapi\middleware\asyncexitstack.py", line 18, in __call__
    await self.app(scope, receive, send)
  File "C:\Python314\Lib\site-packages\starlette\routing.py", line 716, in __call__
    await self.middleware_stack(scope, receive, send)
  File "C:\Python314\Lib\site-packages\starlette\routing.py", line 736, in app
    await route.handle(scope, receive, send)
  File "C:\Python314\Lib\site-packages\starlette\routing.py", line 290, in handle
    await self.app(scope, receive, send)
  File "C:\Python314\Lib\site-packages\fastapi\routing.py", line 134, in app
    await wrap_app_handling_exceptions(app, request)(scope, receive, send)
  File "C:\Python314\Lib\site-packages\starlette\_exception_handler.py", line 53, in wrapped_app
    raise exc
  File "C:\Python314\Lib\site-packages\starlette\_exception_handler.py", line 42, in wrapped_app
    await app(scope, receive, sender)
  File "C:\Python314\Lib\site-packages\fastapi\routing.py", line 120, in app
    response = await f(request)
               ^^^^^^^^^^^^^^^^
  File "C:\Python314\Lib\site-packages\fastapi\routing.py", line 674, in app
    raw_response = await run_endpoint_function(
                   ^^^^^^^^^^^^^^^^^^^^^^^^^^^^
    ...<3 lines>...
    )
    ^
  File "C:\Python314\Lib\site-packages\fastapi\routing.py", line 328, in run_endpoint_function
    return await dependant.call(**values)
           ^^^^^^^^^^^^^^^^^^^^^^^^^^^^^^
  File "C:\Python314\Lib\site-packages\slowapi\extension.py", line 734, in async_wrapper
    response = await func(*args, **kwargs)  # type: ignore
               ^^^^^^^^^^^^^^^^^^^^^^^^^^^
  File "D:\BikeMaster\bike_analyzer\backend\api\routes.py", line 639, in register
    result = await session.execute(stmt)
             ^^^^^^^^^^^^^^^^^^^^^^^^^^^
  File "C:\Python314\Lib\site-packages\sqlalchemy\ext\asyncio\session.py", line 449, in execute
    result = await greenlet_spawn(
             ^^^^^^^^^^^^^^^^^^^^^
    ...<6 lines>...
    )
    ^
  File "C:\Python314\Lib\site-packages\sqlalchemy\util\_concurrency_py3k.py", line 201, in greenlet_spawn
    result = context.throw(*sys.exc_info())
  File "C:\Python314\Lib\site-packages\sqlalchemy\orm\session.py", line 2351, in execute
    return self._execute_internal(
           ~~~~~~~~~~~~~~~~~~~~~~^
        statement,
        ^^^^^^^^^^
    ...<4 lines>...
        _add_event=_add_event,
        ^^^^^^^^^^^^^^^^^^^^^^
    )
    ^
  File "C:\Python314\Lib\site-packages\sqlalchemy\orm\session.py", line 2239, in _execute_internal
    conn = self._connection_for_bind(bind)
  File "C:\Python314\Lib\site-packages\sqlalchemy\orm\session.py", line 2108, in _connection_for_bind
    return trans._connection_for_bind(engine, execution_options)
           ~~~~~~~~~~~~~~~~~~~~~~~~~~^^^^^^^^^^^^^^^^^^^^^^^^^^^
  File "<string>", line 2, in _connection_for_bind
  File "C:\Python314\Lib\site-packages\sqlalchemy\orm\state_changes.py", line 137, in _go
    ret_value = fn(self, *arg, **kw)
  File "C:\Python314\Lib\site-packages\sqlalchemy\orm\session.py", line 1187, in _connection_for_bind
    conn = bind.connect()
  File "C:\Python314\Lib\site-packages\sqlalchemy\engine\base.py", line 3293, in connect
    return self._connection_cls(self)
           ~~~~~~~~~~~~~~~~~~~~^^^^^^
  File "C:\Python314\Lib\site-packages\sqlalchemy\engine\base.py", line 143, in __init__
    self._dbapi_connection = engine.raw_connection()
                             ~~~~~~~~~~~~~~~~~~~~~^^
  File "C:\Python314\Lib\site-packages\sqlalchemy\engine\base.py", line 3317, in raw_connection
    return self.pool.connect()
           ~~~~~~~~~~~~~~~~~^^
  File "C:\Python314\Lib\site-packages\sqlalchemy\pool\base.py", line 448, in connect
    return _ConnectionFairy._checkout(self)
           ~~~~~~~~~~~~~~~~~~~~~~~~~~^^^^^^
  File "C:\Python314\Lib\site-packages\sqlalchemy\pool\base.py", line 1371, in _checkout
    with util.safe_reraise():
         ~~~~~~~~~~~~~~~~~^^
  File "C:\Python314\Lib\site-packages\sqlalchemy\util\langhelpers.py", line 121, in __exit__
    raise exc_value.with_traceback(exc_tb)
  File "C:\Python314\Lib\site-packages\sqlalchemy\pool\base.py", line 1309, in _checkout
    result = pool._dialect._do_ping_w_event(
        fairy.dbapi_connection
    )
  File "C:\Python314\Lib\site-packages\sqlalchemy\engine\default.py", line 729, in _do_ping_w_event
    return self.do_ping(dbapi_connection)
           ~~~~~~~~~~~~^^^^^^^^^^^^^^^^^^
  File "C:\Python314\Lib\site-packages\sqlalchemy\dialects\postgresql\asyncpg.py", line 1160, in do_ping
    dbapi_connection.ping()
    ~~~~~~~~~~~~~~~~~~~~~^^
  File "C:\Python314\Lib\site-packages\sqlalchemy\dialects\postgresql\asyncpg.py", line 818, in ping
    self._handle_exception(error)
    ~~~~~~~~~~~~~~~~~~~~~~^^^^^^^
  File "C:\Python314\Lib\site-packages\sqlalchemy\dialects\postgresql\asyncpg.py", line 799, in _handle_exception
    raise error
  File "C:\Python314\Lib\site-packages\sqlalchemy\dialects\postgresql\asyncpg.py", line 816, in ping
    _ = self.await_(self._async_ping())
  File "C:\Python314\Lib\site-packages\sqlalchemy\util\_concurrency_py3k.py", line 132, in await_only
    return current.parent.switch(awaitable)  # type: ignore[no-any-return,attr-defined] # noqa: E501
           ~~~~~~~~~~~~~~~~~~~~~^^^^^^^^^^^
  File "C:\Python314\Lib\site-packages\sqlalchemy\util\_concurrency_py3k.py", line 196, in greenlet_spawn
    value = await result
            ^^^^^^^^^^^^
  File "C:\Python314\Lib\site-packages\sqlalchemy\dialects\postgresql\asyncpg.py", line 825, in _async_ping
    await tr.start()
  File "C:\Python314\Lib\site-packages\asyncpg\transaction.py", line 146, in start
    await self._connection.execute(query)
  File "C:\Python314\Lib\site-packages\asyncpg\connection.py", line 354, in execute
    result = await self._protocol.query(query, timeout)
             ^^^^^^^^^^^^^^^^^^^^^^^^^^^^^^^^^^^^^^^^^^
  File "asyncpg/protocol/protocol.pyx", line 369, in query
  File "asyncpg/protocol/protocol.pyx", line 362, in asyncpg.protocol.protocol.BaseProtocol.query
  File "asyncpg/protocol/coreproto.pyx", line 1174, in asyncpg.protocol.protocol.CoreProtocol._simple_query
  File "asyncpg/protocol/protocol.pyx", line 956, in asyncpg.protocol.protocol.BaseProtocol._write
  File "C:\Python314\Lib\asyncio\sslproto.py", line 222, in write
    self._ssl_protocol._write_appdata((data,))
    ~~~~~~~~~~~~~~~~~~~~~~~~~~~~~~~~~^^^^^^^^^
  File "C:\Python314\Lib\asyncio\sslproto.py", line 700, in _write_appdata
    self._fatal_error(ex, 'Fatal error on SSL protocol')
    ~~~~~~~~~~~~~~~~~^^^^^^^^^^^^^^^^^^^^^^^^^^^^^^^^^^^
  File "C:\Python314\Lib\asyncio\sslproto.py", line 918, in _fatal_error
    self._transport._force_close(exc)
    ~~~~~~~~~~~~~~~~~~~~~~~~~~~~^^^^^
  File "C:\Python314\Lib\asyncio\proactor_events.py", line 152, in _force_close
    self._loop.call_soon(self._call_connection_lost, exc)
    ~~~~~~~~~~~~~~~~~~~~^^^^^^^^^^^^^^^^^^^^^^^^^^^^^^^^^
  File "C:\Python314\Lib\asyncio\base_events.py", line 827, in call_soon
    self._check_closed()
    ~~~~~~~~~~~~~~~~~~^^
  File "C:\Python314\Lib\asyncio\base_events.py", line 550, in _check_closed
    raise RuntimeError('Event loop is closed')
RuntimeError: Event loop is closed
___________________________ test_login_and_refresh ____________________________

self = <ProactorEventLoop running=False closed=True debug=False>
callback = <bound method BaseProtocol._on_waiter_completed of <asyncpg.protocol.protocol.Protocol object at 0x00000148AB2EBE20>>
context = <_contextvars.Context object at 0x00000148AA191B40>
args = (<Future finished exception=RuntimeError('Event loop is closed')>,)

    def call_soon(self, callback, *args, context=None):
        """Arrange for a callback to be called as soon as possible.
    
        This operates as a FIFO queue: callbacks are called in the
        order in which they are registered.  Each callback will be
        called exactly once.
    
        Any positional arguments after the callback will be passed to
        the callback when it is called.
        """
>       self._check_closed()

C:\Python314\Lib\asyncio\base_events.py:827: 
_ _ _ _ _ _ _ _ _ _ _ _ _ _ _ _ _ _ _ _ _ _ _ _ _ _ _ _ _ _ _ _ _ _ _ _ _ _ _ _

self = <ProactorEventLoop running=False closed=True debug=False>

    def _check_closed(self):
        if self._closed:
>           raise RuntimeError('Event loop is closed')
E           RuntimeError: Event loop is closed

C:\Python314\Lib\asyncio\base_events.py:550: RuntimeError

The above exception was the direct cause of the following exception:

db_path = 'C:\\Users\\user\\AppData\\Local\\Temp\\bikemaster_test_dbs\\test_1411486769648.db'

    def test_login_and_refresh(db_path):
        tc = _make_client("0", is_admin=True, db_path=db_path)
        tc.post("/api/v1/auth/register", json={"username": "dave_xyz", "password": "password123"})
>       r = tc.post("/api/v1/auth/login", data={"username": "dave_xyz", "password": "password123"})
            ^^^^^^^^^^^^^^^^^^^^^^^^^^^^^^^^^^^^^^^^^^^^^^^^^^^^^^^^^^^^^^^^^^^^^^^^^^^^^^^^^^^^^^^

tests\test_routes_coverage_extra.py:139: 
_ _ _ _ _ _ _ _ _ _ _ _ _ _ _ _ _ _ _ _ _ _ _ _ _ _ _ _ _ _ _ _ _ _ _ _ _ _ _ _
C:\Python314\Lib\site-packages\starlette\testclient.py:546: in post
    return super().post(
C:\Python314\Lib\site-packages\httpx\_client.py:1144: in post
    return self.request(
C:\Python314\Lib\site-packages\starlette\testclient.py:445: in request
    return super().request(
C:\Python314\Lib\site-packages\httpx\_client.py:825: in request
    return self.send(request, auth=auth, follow_redirects=follow_redirects)
           ^^^^^^^^^^^^^^^^^^^^^^^^^^^^^^^^^^^^^^^^^^^^^^^^^^^^^^^^^^^^^^^^
C:\Python314\Lib\site-packages\httpx\_client.py:914: in send
    response = self._send_handling_auth(
C:\Python314\Lib\site-packages\httpx\_client.py:942: in _send_handling_auth
    response = self._send_handling_redirects(
C:\Python314\Lib\site-packages\httpx\_client.py:979: in _send_handling_redirects
    response = self._send_single_request(request)
               ^^^^^^^^^^^^^^^^^^^^^^^^^^^^^^^^^^
C:\Python314\Lib\site-packages\httpx\_client.py:1014: in _send_single_request
    response = transport.handle_request(request)
               ^^^^^^^^^^^^^^^^^^^^^^^^^^^^^^^^^
C:\Python314\Lib\site-packages\starlette\testclient.py:348: in handle_request
    raise exc
C:\Python314\Lib\site-packages\starlette\testclient.py:345: in handle_request
    portal.call(self.app, scope, receive, send)
C:\Python314\Lib\site-packages\anyio\from_thread.py:334: in call
    return cast(T_Retval, self.start_task_soon(func, *args).result())
                          ^^^^^^^^^^^^^^^^^^^^^^^^^^^^^^^^^^^^^^^^^^
C:\Python314\Lib\concurrent\futures\_base.py:450: in result
    return self.__get_result()
           ^^^^^^^^^^^^^^^^^^^
C:\Python314\Lib\concurrent\futures\_base.py:395: in __get_result
    raise self._exception
C:\Python314\Lib\site-packages\anyio\from_thread.py:259: in _call_func
    retval = await retval_or_awaitable
             ^^^^^^^^^^^^^^^^^^^^^^^^^
C:\Python314\Lib\site-packages\fastapi\applications.py:1159: in __call__
    await super().__call__(scope, receive, send)
C:\Python314\Lib\site-packages\starlette\applications.py:107: in __call__
    await self.middleware_stack(scope, receive, send)
C:\Python314\Lib\site-packages\starlette\middleware\errors.py:186: in __call__
    raise exc
C:\Python314\Lib\site-packages\starlette\middleware\errors.py:164: in __call__
    await self.app(scope, receive, _send)
C:\Python314\Lib\site-packages\starlette\middleware\cors.py:87: in __call__
    await self.app(scope, receive, send)
C:\Python314\Lib\site-packages\starlette\middleware\base.py:191: in __call__
    with recv_stream, send_stream, collapse_excgroups():
                                   ^^^^^^^^^^^^^^^^^^^^
C:\Python314\Lib\contextlib.py:162: in __exit__
    self.gen.throw(value)
C:\Python314\Lib\site-packages\starlette\_utils.py:87: in collapse_excgroups
    raise exc
C:\Python314\Lib\site-packages\starlette\middleware\base.py:193: in __call__
    response = await self.dispatch_func(request, call_next)
               ^^^^^^^^^^^^^^^^^^^^^^^^^^^^^^^^^^^^^^^^^^^^
bike_analyzer\backend\api\app_factory.py:249: in add_security_headers
    response = await call_next(request)
               ^^^^^^^^^^^^^^^^^^^^^^^^
C:\Python314\Lib\site-packages\starlette\middleware\base.py:168: in call_next
    raise app_exc from app_exc.__cause__ or app_exc.__context__
C:\Python314\Lib\site-packages\starlette\middleware\base.py:144: in coro
    await self.app(scope, receive_or_disconnect, send_no_error)
C:\Python314\Lib\site-packages\starlette\middleware\base.py:191: in __call__
    with recv_stream, send_stream, collapse_excgroups():
                                   ^^^^^^^^^^^^^^^^^^^^
C:\Python314\Lib\contextlib.py:162: in __exit__
    self.gen.throw(value)
C:\Python314\Lib\site-packages\starlette\_utils.py:87: in collapse_excgroups
    raise exc
C:\Python314\Lib\site-packages\starlette\middleware\base.py:193: in __call__
    response = await self.dispatch_func(request, call_next)
               ^^^^^^^^^^^^^^^^^^^^^^^^^^^^^^^^^^^^^^^^^^^^
bike_analyzer\backend\api\app_factory.py:224: in audit_log_middleware
    response = await call_next(request)
               ^^^^^^^^^^^^^^^^^^^^^^^^
C:\Python314\Lib\site-packages\starlette\middleware\base.py:168: in call_next
    raise app_exc from app_exc.__cause__ or app_exc.__context__
C:\Python314\Lib\site-packages\starlette\middleware\base.py:144: in coro
    await self.app(scope, receive_or_disconnect, send_no_error)
C:\Python314\Lib\site-packages\starlette\middleware\base.py:191: in __call__
    with recv_stream, send_stream, collapse_excgroups():
                                   ^^^^^^^^^^^^^^^^^^^^
C:\Python314\Lib\contextlib.py:162: in __exit__
    self.gen.throw(value)
C:\Python314\Lib\site-packages\starlette\_utils.py:87: in collapse_excgroups
    raise exc
C:\Python314\Lib\site-packages\starlette\middleware\base.py:193: in __call__
    response = await self.dispatch_func(request, call_next)
               ^^^^^^^^^^^^^^^^^^^^^^^^^^^^^^^^^^^^^^^^^^^^
bike_analyzer\backend\api\app_factory.py:199: in user_api_keys_middleware
    response = await call_next(request)
               ^^^^^^^^^^^^^^^^^^^^^^^^
C:\Python314\Lib\site-packages\starlette\middleware\base.py:168: in call_next
    raise app_exc from app_exc.__cause__ or app_exc.__context__
C:\Python314\Lib\site-packages\starlette\middleware\base.py:144: in coro
    await self.app(scope, receive_or_disconnect, send_no_error)
C:\Python314\Lib\site-packages\starlette\middleware\base.py:191: in __call__
    with recv_stream, send_stream, collapse_excgroups():
                                   ^^^^^^^^^^^^^^^^^^^^
C:\Python314\Lib\contextlib.py:162: in __exit__
    self.gen.throw(value)
C:\Python314\Lib\site-packages\starlette\_utils.py:87: in collapse_excgroups
    raise exc
C:\Python314\Lib\site-packages\starlette\middleware\base.py:193: in __call__
    response = await self.dispatch_func(request, call_next)
               ^^^^^^^^^^^^^^^^^^^^^^^^^^^^^^^^^^^^^^^^^^^^
bike_analyzer\backend\api\app_factory.py:183: in correlation_id_middleware
    response = await call_next(request)
               ^^^^^^^^^^^^^^^^^^^^^^^^
C:\Python314\Lib\site-packages\starlette\middleware\base.py:168: in call_next
    raise app_exc from app_exc.__cause__ or app_exc.__context__
C:\Python314\Lib\site-packages\starlette\middleware\base.py:144: in coro
    await self.app(scope, receive_or_disconnect, send_no_error)
bike_analyzer\backend\monitoring.py:315: in __call__
    await self.app(scope, receive, send_with_metrics)
C:\Python314\Lib\site-packages\starlette\middleware\base.py:191: in __call__
    with recv_stream, send_stream, collapse_excgroups():
                                   ^^^^^^^^^^^^^^^^^^^^
C:\Python314\Lib\contextlib.py:162: in __exit__
    self.gen.throw(value)
C:\Python314\Lib\site-packages\starlette\_utils.py:87: in collapse_excgroups
    raise exc
C:\Python314\Lib\site-packages\starlette\middleware\base.py:193: in __call__
    response = await self.dispatch_func(request, call_next)
               ^^^^^^^^^^^^^^^^^^^^^^^^^^^^^^^^^^^^^^^^^^^^
C:\Python314\Lib\site-packages\slowapi\middleware.py:128: in dispatch
    return await call_next(request)
           ^^^^^^^^^^^^^^^^^^^^^^^^
C:\Python314\Lib\site-packages\starlette\middleware\base.py:168: in call_next
    raise app_exc from app_exc.__cause__ or app_exc.__context__
C:\Python314\Lib\site-packages\starlette\middleware\base.py:144: in coro
    await self.app(scope, receive_or_disconnect, send_no_error)
C:\Python314\Lib\site-packages\starlette\middleware\exceptions.py:63: in __call__
    await wrap_app_handling_exceptions(self.app, conn)(scope, receive, send)
C:\Python314\Lib\site-packages\starlette\_exception_handler.py:53: in wrapped_app
    raise exc
C:\Python314\Lib\site-packages\starlette\_exception_handler.py:42: in wrapped_app
    await app(scope, receive, sender)
C:\Python314\Lib\site-packages\fastapi\middleware\asyncexitstack.py:18: in __call__
    await self.app(scope, receive, send)
C:\Python314\Lib\site-packages\starlette\routing.py:716: in __call__
    await self.middleware_stack(scope, receive, send)
C:\Python314\Lib\site-packages\starlette\routing.py:736: in app
    await route.handle(scope, receive, send)
C:\Python314\Lib\site-packages\starlette\routing.py:290: in handle
    await self.app(scope, receive, send)
C:\Python314\Lib\site-packages\fastapi\routing.py:134: in app
    await wrap_app_handling_exceptions(app, request)(scope, receive, send)
C:\Python314\Lib\site-packages\starlette\_exception_handler.py:53: in wrapped_app
    raise exc
C:\Python314\Lib\site-packages\starlette\_exception_handler.py:42: in wrapped_app
    await app(scope, receive, sender)
C:\Python314\Lib\site-packages\fastapi\routing.py:120: in app
    response = await f(request)
               ^^^^^^^^^^^^^^^^
C:\Python314\Lib\site-packages\fastapi\routing.py:674: in app
    raw_response = await run_endpoint_function(
C:\Python314\Lib\site-packages\fastapi\routing.py:328: in run_endpoint_function
    return await dependant.call(**values)
           ^^^^^^^^^^^^^^^^^^^^^^^^^^^^^^
C:\Python314\Lib\site-packages\slowapi\extension.py:734: in async_wrapper
    response = await func(*args, **kwargs)  # type: ignore
               ^^^^^^^^^^^^^^^^^^^^^^^^^^^
bike_analyzer\backend\api\routes.py:495: in login
    result = await session.execute(stmt)
             ^^^^^^^^^^^^^^^^^^^^^^^^^^^
C:\Python314\Lib\site-packages\sqlalchemy\ext\asyncio\session.py:449: in execute
    result = await greenlet_spawn(
C:\Python314\Lib\site-packages\sqlalchemy\util\_concurrency_py3k.py:201: in greenlet_spawn
    result = context.throw(*sys.exc_info())
             ^^^^^^^^^^^^^^^^^^^^^^^^^^^^^^
C:\Python314\Lib\site-packages\sqlalchemy\orm\session.py:2351: in execute
    return self._execute_internal(
C:\Python314\Lib\site-packages\sqlalchemy\orm\session.py:2239: in _execute_internal
    conn = self._connection_for_bind(bind)
           ^^^^^^^^^^^^^^^^^^^^^^^^^^^^^^^
C:\Python314\Lib\site-packages\sqlalchemy\orm\session.py:2108: in _connection_for_bind
    return trans._connection_for_bind(engine, execution_options)
           ^^^^^^^^^^^^^^^^^^^^^^^^^^^^^^^^^^^^^^^^^^^^^^^^^^^^^
<string>:2: in _connection_for_bind
    ???
C:\Python314\Lib\site-packages\sqlalchemy\orm\state_changes.py:137: in _go
    ret_value = fn(self, *arg, **kw)
                ^^^^^^^^^^^^^^^^^^^^
C:\Python314\Lib\site-packages\sqlalchemy\orm\session.py:1187: in _connection_for_bind
    conn = bind.connect()
           ^^^^^^^^^^^^^^
C:\Python314\Lib\site-packages\sqlalchemy\engine\base.py:3293: in connect
    return self._connection_cls(self)
           ^^^^^^^^^^^^^^^^^^^^^^^^^^
C:\Python314\Lib\site-packages\sqlalchemy\engine\base.py:143: in __init__
    self._dbapi_connection = engine.raw_connection()
                             ^^^^^^^^^^^^^^^^^^^^^^^
C:\Python314\Lib\site-packages\sqlalchemy\engine\base.py:3317: in raw_connection
    return self.pool.connect()
           ^^^^^^^^^^^^^^^^^^^
C:\Python314\Lib\site-packages\sqlalchemy\pool\base.py:448: in connect
    return _ConnectionFairy._checkout(self)
           ^^^^^^^^^^^^^^^^^^^^^^^^^^^^^^^^
C:\Python314\Lib\site-packages\sqlalchemy\pool\base.py:1371: in _checkout
    with util.safe_reraise():
         ^^^^^^^^^^^^^^^^^^^
C:\Python314\Lib\site-packages\sqlalchemy\util\langhelpers.py:121: in __exit__
    raise exc_value.with_traceback(exc_tb)
C:\Python314\Lib\site-packages\sqlalchemy\pool\base.py:1309: in _checkout
    result = pool._dialect._do_ping_w_event(
C:\Python314\Lib\site-packages\sqlalchemy\engine\default.py:729: in _do_ping_w_event
    return self.do_ping(dbapi_connection)
           ^^^^^^^^^^^^^^^^^^^^^^^^^^^^^^
C:\Python314\Lib\site-packages\sqlalchemy\dialects\postgresql\asyncpg.py:1160: in do_ping
    dbapi_connection.ping()
C:\Python314\Lib\site-packages\sqlalchemy\dialects\postgresql\asyncpg.py:818: in ping
    self._handle_exception(error)
C:\Python314\Lib\site-packages\sqlalchemy\dialects\postgresql\asyncpg.py:799: in _handle_exception
    raise error
C:\Python314\Lib\site-packages\sqlalchemy\dialects\postgresql\asyncpg.py:816: in ping
    _ = self.await_(self._async_ping())
        ^^^^^^^^^^^^^^^^^^^^^^^^^^^^^^^
C:\Python314\Lib\site-packages\sqlalchemy\util\_concurrency_py3k.py:132: in await_only
    return current.parent.switch(awaitable)  # type: ignore[no-any-return,attr-defined] # noqa: E501
           ^^^^^^^^^^^^^^^^^^^^^^^^^^^^^^^^
C:\Python314\Lib\site-packages\sqlalchemy\util\_concurrency_py3k.py:196: in greenlet_spawn
    value = await result
            ^^^^^^^^^^^^
C:\Python314\Lib\site-packages\sqlalchemy\dialects\postgresql\asyncpg.py:825: in _async_ping
    await tr.start()
C:\Python314\Lib\site-packages\asyncpg\transaction.py:146: in start
    await self._connection.execute(query)
C:\Python314\Lib\site-packages\asyncpg\connection.py:354: in execute
    result = await self._protocol.query(query, timeout)
             ^^^^^^^^^^^^^^^^^^^^^^^^^^^^^^^^^^^^^^^^^^
asyncpg/protocol/protocol.pyx:369: in query
    ???
asyncpg/protocol/protocol.pyx:362: in asyncpg.protocol.protocol.BaseProtocol.query
    ???
asyncpg/protocol/coreproto.pyx:1174: in asyncpg.protocol.protocol.CoreProtocol._simple_query
    ???
asyncpg/protocol/protocol.pyx:956: in asyncpg.protocol.protocol.BaseProtocol._write
    ???
C:\Python314\Lib\asyncio\sslproto.py:222: in write
    self._ssl_protocol._write_appdata((data,))
C:\Python314\Lib\asyncio\sslproto.py:700: in _write_appdata
    self._fatal_error(ex, 'Fatal error on SSL protocol')
C:\Python314\Lib\asyncio\sslproto.py:918: in _fatal_error
    self._transport._force_close(exc)
C:\Python314\Lib\asyncio\proactor_events.py:152: in _force_close
    self._loop.call_soon(self._call_connection_lost, exc)
C:\Python314\Lib\asyncio\base_events.py:827: in call_soon
    self._check_closed()
_ _ _ _ _ _ _ _ _ _ _ _ _ _ _ _ _ _ _ _ _ _ _ _ _ _ _ _ _ _ _ _ _ _ _ _ _ _ _ _

self = <ProactorEventLoop running=False closed=True debug=False>

    def _check_closed(self):
        if self._closed:
>           raise RuntimeError('Event loop is closed')
E           RuntimeError: Event loop is closed

C:\Python314\Lib\asyncio\base_events.py:550: RuntimeError
------------------------------ Captured log call ------------------------------
ERROR    sqlalchemy.pool.impl.AsyncAdaptedQueuePool:base.py:377 Exception terminating connection <AdaptedConnection <asyncpg.connection.Connection object at 0x00000148AD836030>>
Traceback (most recent call last):
  File "C:\Python314\Lib\site-packages\sqlalchemy\pool\base.py", line 373, in _close_connection
    self._dialect.do_terminate(connection)
    ~~~~~~~~~~~~~~~~~~~~~~~~~~^^^^^^^^^^^^
  File "C:\Python314\Lib\site-packages\sqlalchemy\dialects\postgresql\asyncpg.py", line 1127, in do_terminate
    dbapi_connection.terminate()
    ~~~~~~~~~~~~~~~~~~~~~~~~~~^^
  File "C:\Python314\Lib\site-packages\sqlalchemy\connectors\asyncio.py", line 402, in terminate
    self.await_(asyncio.shield(self._terminate_graceful_close()))  # type: ignore[attr-defined] # noqa: E501
    ~~~~~~~~~~~^^^^^^^^^^^^^^^^^^^^^^^^^^^^^^^^^^^^^^^^^^^^^^^^^^
  File "C:\Python314\Lib\site-packages\sqlalchemy\util\_concurrency_py3k.py", line 132, in await_only
    return current.parent.switch(awaitable)  # type: ignore[no-any-return,attr-defined] # noqa: E501
           ~~~~~~~~~~~~~~~~~~~~~^^^^^^^^^^^
  File "C:\Python314\Lib\site-packages\sqlalchemy\util\_concurrency_py3k.py", line 196, in greenlet_spawn
    value = await result
            ^^^^^^^^^^^^
  File "C:\Python314\Lib\site-packages\sqlalchemy\dialects\postgresql\asyncpg.py", line 912, in _terminate_graceful_close
    await self._connection.close(timeout=2)
  File "C:\Python314\Lib\site-packages\asyncpg\connection.py", line 1513, in close
    await self._protocol.close(timeout)
  File "asyncpg/protocol/protocol.pyx", line 617, in close
  File "asyncpg/protocol/protocol.pyx", line 650, in asyncpg.protocol.protocol.BaseProtocol._request_cancel
  File "C:\Python314\Lib\site-packages\asyncpg\connection.py", line 1682, in _cancel_current_command
    self._cancellations.add(self._loop.create_task(self._cancel(waiter)))
                            ~~~~~~~~~~~~~~~~~~~~~~^^^^^^^^^^^^^^^^^^^^^^
  File "C:\Python314\Lib\asyncio\base_events.py", line 466, in create_task
    self._check_closed()
    ~~~~~~~~~~~~~~~~~~^^
  File "C:\Python314\Lib\asyncio\base_events.py", line 550, in _check_closed
    raise RuntimeError('Event loop is closed')
RuntimeError: Event loop is closed
ERROR    bike_analyzer.backend.api.app_factory:app_factory.py:185 Unhandled exception for request_id=c2539fb5-f769-49a7-aec6-706f5c61278e
Traceback (most recent call last):
  File "C:\Python314\Lib\asyncio\base_events.py", line 827, in call_soon
    self._check_closed()
    ~~~~~~~~~~~~~~~~~~^^
  File "C:\Python314\Lib\asyncio\base_events.py", line 550, in _check_closed
    raise RuntimeError('Event loop is closed')
RuntimeError: Event loop is closed

The above exception was the direct cause of the following exception:

Traceback (most recent call last):
  File "D:\BikeMaster\bike_analyzer\backend\api\app_factory.py", line 183, in correlation_id_middleware
    response = await call_next(request)
               ^^^^^^^^^^^^^^^^^^^^^^^^
  File "C:\Python314\Lib\site-packages\starlette\middleware\base.py", line 168, in call_next
    raise app_exc from app_exc.__cause__ or app_exc.__context__
  File "C:\Python314\Lib\site-packages\starlette\middleware\base.py", line 144, in coro
    await self.app(scope, receive_or_disconnect, send_no_error)
  File "D:\BikeMaster\bike_analyzer\backend\monitoring.py", line 315, in __call__
    await self.app(scope, receive, send_with_metrics)
  File "C:\Python314\Lib\site-packages\starlette\middleware\base.py", line 191, in __call__
    with recv_stream, send_stream, collapse_excgroups():
                                   ~~~~~~~~~~~~~~~~~~^^
  File "C:\Python314\Lib\contextlib.py", line 162, in __exit__
    self.gen.throw(value)
    ~~~~~~~~~~~~~~^^^^^^^
  File "C:\Python314\Lib\site-packages\starlette\_utils.py", line 87, in collapse_excgroups
    raise exc
  File "C:\Python314\Lib\site-packages\starlette\middleware\base.py", line 193, in __call__
    response = await self.dispatch_func(request, call_next)
               ^^^^^^^^^^^^^^^^^^^^^^^^^^^^^^^^^^^^^^^^^^^^
  File "C:\Python314\Lib\site-packages\slowapi\middleware.py", line 128, in dispatch
    return await call_next(request)
           ^^^^^^^^^^^^^^^^^^^^^^^^
  File "C:\Python314\Lib\site-packages\starlette\middleware\base.py", line 168, in call_next
    raise app_exc from app_exc.__cause__ or app_exc.__context__
  File "C:\Python314\Lib\site-packages\starlette\middleware\base.py", line 144, in coro
    await self.app(scope, receive_or_disconnect, send_no_error)
  File "C:\Python314\Lib\site-packages\starlette\middleware\exceptions.py", line 63, in __call__
    await wrap_app_handling_exceptions(self.app, conn)(scope, receive, send)
  File "C:\Python314\Lib\site-packages\starlette\_exception_handler.py", line 53, in wrapped_app
    raise exc
  File "C:\Python314\Lib\site-packages\starlette\_exception_handler.py", line 42, in wrapped_app
    await app(scope, receive, sender)
  File "C:\Python314\Lib\site-packages\fastapi\middleware\asyncexitstack.py", line 18, in __call__
    await self.app(scope, receive, send)
  File "C:\Python314\Lib\site-packages\starlette\routing.py", line 716, in __call__
    await self.middleware_stack(scope, receive, send)
  File "C:\Python314\Lib\site-packages\starlette\routing.py", line 736, in app
    await route.handle(scope, receive, send)
  File "C:\Python314\Lib\site-packages\starlette\routing.py", line 290, in handle
    await self.app(scope, receive, send)
  File "C:\Python314\Lib\site-packages\fastapi\routing.py", line 134, in app
    await wrap_app_handling_exceptions(app, request)(scope, receive, send)
  File "C:\Python314\Lib\site-packages\starlette\_exception_handler.py", line 53, in wrapped_app
    raise exc
  File "C:\Python314\Lib\site-packages\starlette\_exception_handler.py", line 42, in wrapped_app
    await app(scope, receive, sender)
  File "C:\Python314\Lib\site-packages\fastapi\routing.py", line 120, in app
    response = await f(request)
               ^^^^^^^^^^^^^^^^
  File "C:\Python314\Lib\site-packages\fastapi\routing.py", line 674, in app
    raw_response = await run_endpoint_function(
                   ^^^^^^^^^^^^^^^^^^^^^^^^^^^^
    ...<3 lines>...
    )
    ^
  File "C:\Python314\Lib\site-packages\fastapi\routing.py", line 328, in run_endpoint_function
    return await dependant.call(**values)
           ^^^^^^^^^^^^^^^^^^^^^^^^^^^^^^
  File "C:\Python314\Lib\site-packages\slowapi\extension.py", line 734, in async_wrapper
    response = await func(*args, **kwargs)  # type: ignore
               ^^^^^^^^^^^^^^^^^^^^^^^^^^^
  File "D:\BikeMaster\bike_analyzer\backend\api\routes.py", line 495, in login
    result = await session.execute(stmt)
             ^^^^^^^^^^^^^^^^^^^^^^^^^^^
  File "C:\Python314\Lib\site-packages\sqlalchemy\ext\asyncio\session.py", line 449, in execute
    result = await greenlet_spawn(
             ^^^^^^^^^^^^^^^^^^^^^
    ...<6 lines>...
    )
    ^
  File "C:\Python314\Lib\site-packages\sqlalchemy\util\_concurrency_py3k.py", line 201, in greenlet_spawn
    result = context.throw(*sys.exc_info())
  File "C:\Python314\Lib\site-packages\sqlalchemy\orm\session.py", line 2351, in execute
    return self._execute_internal(
           ~~~~~~~~~~~~~~~~~~~~~~^
        statement,
        ^^^^^^^^^^
    ...<4 lines>...
        _add_event=_add_event,
        ^^^^^^^^^^^^^^^^^^^^^^
    )
    ^
  File "C:\Python314\Lib\site-packages\sqlalchemy\orm\session.py", line 2239, in _execute_internal
    conn = self._connection_for_bind(bind)
  File "C:\Python314\Lib\site-packages\sqlalchemy\orm\session.py", line 2108, in _connection_for_bind
    return trans._connection_for_bind(engine, execution_options)
           ~~~~~~~~~~~~~~~~~~~~~~~~~~^^^^^^^^^^^^^^^^^^^^^^^^^^^
  File "<string>", line 2, in _connection_for_bind
  File "C:\Python314\Lib\site-packages\sqlalchemy\orm\state_changes.py", line 137, in _go
    ret_value = fn(self, *arg, **kw)
  File "C:\Python314\Lib\site-packages\sqlalchemy\orm\session.py", line 1187, in _connection_for_bind
    conn = bind.connect()
  File "C:\Python314\Lib\site-packages\sqlalchemy\engine\base.py", line 3293, in connect
    return self._connection_cls(self)
           ~~~~~~~~~~~~~~~~~~~~^^^^^^
  File "C:\Python314\Lib\site-packages\sqlalchemy\engine\base.py", line 143, in __init__
    self._dbapi_connection = engine.raw_connection()
                             ~~~~~~~~~~~~~~~~~~~~~^^
  File "C:\Python314\Lib\site-packages\sqlalchemy\engine\base.py", line 3317, in raw_connection
    return self.pool.connect()
           ~~~~~~~~~~~~~~~~~^^
  File "C:\Python314\Lib\site-packages\sqlalchemy\pool\base.py", line 448, in connect
    return _ConnectionFairy._checkout(self)
           ~~~~~~~~~~~~~~~~~~~~~~~~~~^^^^^^
  File "C:\Python314\Lib\site-packages\sqlalchemy\pool\base.py", line 1371, in _checkout
    with util.safe_reraise():
         ~~~~~~~~~~~~~~~~~^^
  File "C:\Python314\Lib\site-packages\sqlalchemy\util\langhelpers.py", line 121, in __exit__
    raise exc_value.with_traceback(exc_tb)
  File "C:\Python314\Lib\site-packages\sqlalchemy\pool\base.py", line 1309, in _checkout
    result = pool._dialect._do_ping_w_event(
        fairy.dbapi_connection
    )
  File "C:\Python314\Lib\site-packages\sqlalchemy\engine\default.py", line 729, in _do_ping_w_event
    return self.do_ping(dbapi_connection)
           ~~~~~~~~~~~~^^^^^^^^^^^^^^^^^^
  File "C:\Python314\Lib\site-packages\sqlalchemy\dialects\postgresql\asyncpg.py", line 1160, in do_ping
    dbapi_connection.ping()
    ~~~~~~~~~~~~~~~~~~~~~^^
  File "C:\Python314\Lib\site-packages\sqlalchemy\dialects\postgresql\asyncpg.py", line 818, in ping
    self._handle_exception(error)
    ~~~~~~~~~~~~~~~~~~~~~~^^^^^^^
  File "C:\Python314\Lib\site-packages\sqlalchemy\dialects\postgresql\asyncpg.py", line 799, in _handle_exception
    raise error
  File "C:\Python314\Lib\site-packages\sqlalchemy\dialects\postgresql\asyncpg.py", line 816, in ping
    _ = self.await_(self._async_ping())
  File "C:\Python314\Lib\site-packages\sqlalchemy\util\_concurrency_py3k.py", line 132, in await_only
    return current.parent.switch(awaitable)  # type: ignore[no-any-return,attr-defined] # noqa: E501
           ~~~~~~~~~~~~~~~~~~~~~^^^^^^^^^^^
  File "C:\Python314\Lib\site-packages\sqlalchemy\util\_concurrency_py3k.py", line 196, in greenlet_spawn
    value = await result
            ^^^^^^^^^^^^
  File "C:\Python314\Lib\site-packages\sqlalchemy\dialects\postgresql\asyncpg.py", line 825, in _async_ping
    await tr.start()
  File "C:\Python314\Lib\site-packages\asyncpg\transaction.py", line 146, in start
    await self._connection.execute(query)
  File "C:\Python314\Lib\site-packages\asyncpg\connection.py", line 354, in execute
    result = await self._protocol.query(query, timeout)
             ^^^^^^^^^^^^^^^^^^^^^^^^^^^^^^^^^^^^^^^^^^
  File "asyncpg/protocol/protocol.pyx", line 369, in query
  File "asyncpg/protocol/protocol.pyx", line 362, in asyncpg.protocol.protocol.BaseProtocol.query
  File "asyncpg/protocol/coreproto.pyx", line 1174, in asyncpg.protocol.protocol.CoreProtocol._simple_query
  File "asyncpg/protocol/protocol.pyx", line 956, in asyncpg.protocol.protocol.BaseProtocol._write
  File "C:\Python314\Lib\asyncio\sslproto.py", line 222, in write
    self._ssl_protocol._write_appdata((data,))
    ~~~~~~~~~~~~~~~~~~~~~~~~~~~~~~~~~^^^^^^^^^
  File "C:\Python314\Lib\asyncio\sslproto.py", line 700, in _write_appdata
    self._fatal_error(ex, 'Fatal error on SSL protocol')
    ~~~~~~~~~~~~~~~~~^^^^^^^^^^^^^^^^^^^^^^^^^^^^^^^^^^^
  File "C:\Python314\Lib\asyncio\sslproto.py", line 918, in _fatal_error
    self._transport._force_close(exc)
    ~~~~~~~~~~~~~~~~~~~~~~~~~~~~^^^^^
  File "C:\Python314\Lib\asyncio\proactor_events.py", line 152, in _force_close
    self._loop.call_soon(self._call_connection_lost, exc)
    ~~~~~~~~~~~~~~~~~~~~^^^^^^^^^^^^^^^^^^^^^^^^^^^^^^^^^
  File "C:\Python314\Lib\asyncio\base_events.py", line 827, in call_soon
    self._check_closed()
    ~~~~~~~~~~~~~~~~~~^^
  File "C:\Python314\Lib\asyncio\base_events.py", line 550, in _check_closed
    raise RuntimeError('Event loop is closed')
RuntimeError: Event loop is closed
_________________________ test_refresh_token_variants _________________________

db_path = 'C:\\Users\\user\\AppData\\Local\\Temp\\bikemaster_test_dbs\\test_1411486769648.db'

    def test_refresh_token_variants(db_path):
        tc = _make_client("0", is_admin=True, db_path=db_path)
        r = tc.post("/api/v1/auth/refresh", json={"refresh_token": "not.a.jwt"})
        assert r.status_code == 401
        access = create_access_token(subject="0")
>       refresh = create_access_token(subject="0", token_type="refresh")
                  ^^^^^^^^^^^^^^^^^^^^^^^^^^^^^^^^^^^^^^^^^^^^^^^^^^^^^^
E       TypeError: create_access_token() got an unexpected keyword argument 'token_type'

tests\test_routes_coverage_extra.py:153: TypeError
_________________ test_auth_me_profile_change_password_logout _________________

db_path = 'C:\\Users\\user\\AppData\\Local\\Temp\\bikemaster_test_dbs\\test_1411486769648.db'

    def test_auth_me_profile_change_password_logout(db_path):
        tc = _make_client("0", is_admin=True, db_path=db_path)
        tc.post("/api/v1/auth/register", json={"username": "erin_xyz", "password": "password123"})
        token = create_access_token(subject="7", is_admin=False)
        erc = TestClient(create_app())
        erc.headers["Authorization"] = f"Bearer {token}"
        os.environ["DB_PATH"] = db_path
        assert erc.get("/api/v1/auth/me").status_code == 200
        r = erc.put("/api/v1/auth/profile", json={"weight_kg": 80, "goals": "granfondo"})
        assert r.status_code == 200
>       assert erc.post("/api/v1/auth/profile", json={}).status_code == 400
E       AssertionError: assert 405 == 400
E        +  where 405 = <Response [405 Method Not Allowed]>.status_code
E        +    where <Response [405 Method Not Allowed]> = post('/api/v1/auth/profile', json={})
E        +      where post = <starlette.testclient.TestClient object at 0x00000148B1695260>.post

tests\test_routes_coverage_extra.py:168: AssertionError
------------------------------ Captured log call ------------------------------
WARNING  bike_analyzer.backend.redis_client:redis_client.py:64 Redis unavailable: Error 11001 connecting to red-d8qnqf8g4nts739ddi90:6379. 11001. � cache disabled
_____________________ test_change_password_user_not_found _____________________

db_path = 'C:\\Users\\user\\AppData\\Local\\Temp\\bikemaster_test_dbs\\test_1411486769648.db'

    def test_change_password_user_not_found(db_path):
        tc = _make_client("99", is_admin=False, db_path=db_path)
        r = tc.post("/api/v1/auth/change-password", json={"current_password": "x", "new_password": "newpassword123"})
>       assert r.status_code == 404
E       assert 422 == 404
E        +  where 422 = <Response [422 Unprocessable Entity]>.status_code

tests\test_routes_coverage_extra.py:180: AssertionError
___________________________ test_training_endpoints ___________________________

self = <sqlalchemy.engine.base.Connection object at 0x00000148B02A8650>
dialect = <sqlalchemy.dialects.postgresql.psycopg2.PGDialect_psycopg2 object at 0x00000148AD1038C0>
context = <sqlalchemy.dialects.postgresql.psycopg2.PGExecutionContext_psycopg2 object at 0x00000148AD892190>
statement = <sqlalchemy.dialects.postgresql.base.PGCompiler object at 0x00000148B0246FD0>
parameters = [{'athlete_id': 0, 'created_at': None, 'description': None, 'goal_type': 'granfondo', ...}]

    def _exec_single_context(
        self,
        dialect: Dialect,
        context: ExecutionContext,
        statement: Union[str, Compiled],
        parameters: Optional[_AnyMultiExecuteParams],
    ) -> CursorResult[Any]:
        """continue the _execute_context() method for a single DBAPI
        cursor.execute() or cursor.executemany() call.
    
        """
        if dialect.bind_typing is BindTyping.SETINPUTSIZES:
            generic_setinputsizes = context._prepare_set_input_sizes()
    
            if generic_setinputsizes:
                try:
                    dialect.do_set_input_sizes(
                        context.cursor, generic_setinputsizes, context
                    )
                except BaseException as e:
                    self._handle_dbapi_exception(
                        e, str(statement), parameters, None, context
                    )
    
        cursor, str_statement, parameters = (
            context.cursor,
            context.statement,
            context.parameters,
        )
    
        effective_parameters: Optional[_AnyExecuteParams]
    
        if not context.executemany:
            effective_parameters = parameters[0]
        else:
            effective_parameters = parameters
    
        if self._has_events or self.engine._has_events:
            for fn in self.dispatch.before_cursor_execute:
                str_statement, effective_parameters = fn(
                    self,
                    cursor,
                    str_statement,
                    effective_parameters,
                    context,
                    context.executemany,
                )
    
        if self._echo:
            self._log_info(str_statement)
    
            stats = context._get_cache_stats()
    
            if not self.engine.hide_parameters:
                self._log_info(
                    "[%s] %r",
                    stats,
                    sql_util._repr_params(
                        effective_parameters,
                        batches=10,
                        ismulti=context.executemany,
                    ),
                )
            else:
                self._log_info(
                    "[%s] [SQL parameters hidden due to hide_parameters=True]",
                    stats,
                )
    
        evt_handled: bool = False
        try:
            if context.execute_style is ExecuteStyle.EXECUTEMANY:
                effective_parameters = cast(
                    "_CoreMultiExecuteParams", effective_parameters
                )
                if self.dialect._has_events:
                    for fn in self.dialect.dispatch.do_executemany:
                        if fn(
                            cursor,
                            str_statement,
                            effective_parameters,
                            context,
                        ):
                            evt_handled = True
                            break
                if not evt_handled:
                    self.dialect.do_executemany(
                        cursor,
                        str_statement,
                        effective_parameters,
                        context,
                    )
            elif not effective_parameters and context.no_parameters:
                if self.dialect._has_events:
                    for fn in self.dialect.dispatch.do_execute_no_params:
                        if fn(cursor, str_statement, context):
                            evt_handled = True
                            break
                if not evt_handled:
                    self.dialect.do_execute_no_params(
                        cursor, str_statement, context
                    )
            else:
                effective_parameters = cast(
                    "_CoreSingleExecuteParams", effective_parameters
                )
                if self.dialect._has_events:
                    for fn in self.dialect.dispatch.do_execute:
                        if fn(
                            cursor,
                            str_statement,
                            effective_parameters,
                            context,
                        ):
                            evt_handled = True
                            break
                if not evt_handled:
>                   self.dialect.do_execute(
                        cursor, str_statement, effective_parameters, context
                    )

C:\Python314\Lib\site-packages\sqlalchemy\engine\base.py:1967: 
_ _ _ _ _ _ _ _ _ _ _ _ _ _ _ _ _ _ _ _ _ _ _ _ _ _ _ _ _ _ _ _ _ _ _ _ _ _ _ _

self = <sqlalchemy.dialects.postgresql.psycopg2.PGDialect_psycopg2 object at 0x00000148AD1038C0>
cursor = <cursor object at 0x00000148B0250E40; closed: -1>
statement = 'INSERT INTO training_goals (athlete_id, tenant_id, title, description, goal_type, target_date, target_distance_km, ta...target_date)s, %(target_distance_km)s, %(target_elevation_m)s, %(status)s, %(created_at)s) RETURNING training_goals.id'
parameters = {'athlete_id': 0, 'created_at': None, 'description': None, 'goal_type': 'granfondo', ...}
context = <sqlalchemy.dialects.postgresql.psycopg2.PGExecutionContext_psycopg2 object at 0x00000148AD892190>

    def do_execute(self, cursor, statement, parameters, context=None):
>       cursor.execute(statement, parameters)
E       psycopg2.errors.ForeignKeyViolation: insert or update on table "training_goals" violates foreign key constraint "training_goals_athlete_id_fkey"
E       DETAIL:  Key (athlete_id)=(0) is not present in table "athletes".

C:\Python314\Lib\site-packages\sqlalchemy\engine\default.py:952: ForeignKeyViolation

The above exception was the direct cause of the following exception:

client = <starlette.testclient.TestClient object at 0x00000148ACC11F20>

    def test_training_endpoints(client):
        assert client.get("/api/v1/training/load", params={"athlete_id": 0, "days": 30}).status_code == 200
        assert client.get("/api/v1/training/status", params={"athlete_id": 0}).status_code == 200
        assert client.get("/api/v1/training/summary", params={"athlete_id": 0}).status_code == 200
        assert client.get("/api/v1/training/goals", params={"athlete_id": 0}).status_code == 200
>       r = client.post("/api/v1/training/goals", json={"title": "Granfondo 2024", "goal_type": "granfondo", "target_distance_km": 120})
            ^^^^^^^^^^^^^^^^^^^^^^^^^^^^^^^^^^^^^^^^^^^^^^^^^^^^^^^^^^^^^^^^^^^^^^^^^^^^^^^^^^^^^^^^^^^^^^^^^^^^^^^^^^^^^^^^^^^^^^^^^^^^

tests\test_routes_coverage_extra.py:202: 
_ _ _ _ _ _ _ _ _ _ _ _ _ _ _ _ _ _ _ _ _ _ _ _ _ _ _ _ _ _ _ _ _ _ _ _ _ _ _ _
C:\Python314\Lib\site-packages\starlette\testclient.py:546: in post
    return super().post(
C:\Python314\Lib\site-packages\httpx\_client.py:1144: in post
    return self.request(
C:\Python314\Lib\site-packages\starlette\testclient.py:445: in request
    return super().request(
C:\Python314\Lib\site-packages\httpx\_client.py:825: in request
    return self.send(request, auth=auth, follow_redirects=follow_redirects)
           ^^^^^^^^^^^^^^^^^^^^^^^^^^^^^^^^^^^^^^^^^^^^^^^^^^^^^^^^^^^^^^^^
C:\Python314\Lib\site-packages\httpx\_client.py:914: in send
    response = self._send_handling_auth(
C:\Python314\Lib\site-packages\httpx\_client.py:942: in _send_handling_auth
    response = self._send_handling_redirects(
C:\Python314\Lib\site-packages\httpx\_client.py:979: in _send_handling_redirects
    response = self._send_single_request(request)
               ^^^^^^^^^^^^^^^^^^^^^^^^^^^^^^^^^^
C:\Python314\Lib\site-packages\httpx\_client.py:1014: in _send_single_request
    response = transport.handle_request(request)
               ^^^^^^^^^^^^^^^^^^^^^^^^^^^^^^^^^
C:\Python314\Lib\site-packages\starlette\testclient.py:348: in handle_request
    raise exc
C:\Python314\Lib\site-packages\starlette\testclient.py:345: in handle_request
    portal.call(self.app, scope, receive, send)
C:\Python314\Lib\site-packages\anyio\from_thread.py:334: in call
    return cast(T_Retval, self.start_task_soon(func, *args).result())
                          ^^^^^^^^^^^^^^^^^^^^^^^^^^^^^^^^^^^^^^^^^^
C:\Python314\Lib\concurrent\futures\_base.py:450: in result
    return self.__get_result()
           ^^^^^^^^^^^^^^^^^^^
C:\Python314\Lib\concurrent\futures\_base.py:395: in __get_result
    raise self._exception
C:\Python314\Lib\site-packages\anyio\from_thread.py:259: in _call_func
    retval = await retval_or_awaitable
             ^^^^^^^^^^^^^^^^^^^^^^^^^
C:\Python314\Lib\site-packages\fastapi\applications.py:1159: in __call__
    await super().__call__(scope, receive, send)
C:\Python314\Lib\site-packages\starlette\applications.py:107: in __call__
    await self.middleware_stack(scope, receive, send)
C:\Python314\Lib\site-packages\starlette\middleware\errors.py:186: in __call__
    raise exc
C:\Python314\Lib\site-packages\starlette\middleware\errors.py:164: in __call__
    await self.app(scope, receive, _send)
C:\Python314\Lib\site-packages\starlette\middleware\cors.py:87: in __call__
    await self.app(scope, receive, send)
C:\Python314\Lib\site-packages\starlette\middleware\base.py:191: in __call__
    with recv_stream, send_stream, collapse_excgroups():
                                   ^^^^^^^^^^^^^^^^^^^^
C:\Python314\Lib\contextlib.py:162: in __exit__
    self.gen.throw(value)
C:\Python314\Lib\site-packages\starlette\_utils.py:87: in collapse_excgroups
    raise exc
C:\Python314\Lib\site-packages\starlette\middleware\base.py:193: in __call__
    response = await self.dispatch_func(request, call_next)
               ^^^^^^^^^^^^^^^^^^^^^^^^^^^^^^^^^^^^^^^^^^^^
bike_analyzer\backend\api\app_factory.py:249: in add_security_headers
    response = await call_next(request)
               ^^^^^^^^^^^^^^^^^^^^^^^^
C:\Python314\Lib\site-packages\starlette\middleware\base.py:168: in call_next
    raise app_exc from app_exc.__cause__ or app_exc.__context__
C:\Python314\Lib\site-packages\starlette\middleware\base.py:144: in coro
    await self.app(scope, receive_or_disconnect, send_no_error)
C:\Python314\Lib\site-packages\starlette\middleware\base.py:191: in __call__
    with recv_stream, send_stream, collapse_excgroups():
                                   ^^^^^^^^^^^^^^^^^^^^
C:\Python314\Lib\contextlib.py:162: in __exit__
    self.gen.throw(value)
C:\Python314\Lib\site-packages\starlette\_utils.py:87: in collapse_excgroups
    raise exc
C:\Python314\Lib\site-packages\starlette\middleware\base.py:193: in __call__
    response = await self.dispatch_func(request, call_next)
               ^^^^^^^^^^^^^^^^^^^^^^^^^^^^^^^^^^^^^^^^^^^^
bike_analyzer\backend\api\app_factory.py:224: in audit_log_middleware
    response = await call_next(request)
               ^^^^^^^^^^^^^^^^^^^^^^^^
C:\Python314\Lib\site-packages\starlette\middleware\base.py:168: in call_next
    raise app_exc from app_exc.__cause__ or app_exc.__context__
C:\Python314\Lib\site-packages\starlette\middleware\base.py:144: in coro
    await self.app(scope, receive_or_disconnect, send_no_error)
C:\Python314\Lib\site-packages\starlette\middleware\base.py:191: in __call__
    with recv_stream, send_stream, collapse_excgroups():
                                   ^^^^^^^^^^^^^^^^^^^^
C:\Python314\Lib\contextlib.py:162: in __exit__
    self.gen.throw(value)
C:\Python314\Lib\site-packages\starlette\_utils.py:87: in collapse_excgroups
    raise exc
C:\Python314\Lib\site-packages\starlette\middleware\base.py:193: in __call__
    response = await self.dispatch_func(request, call_next)
               ^^^^^^^^^^^^^^^^^^^^^^^^^^^^^^^^^^^^^^^^^^^^
bike_analyzer\backend\api\app_factory.py:199: in user_api_keys_middleware
    response = await call_next(request)
               ^^^^^^^^^^^^^^^^^^^^^^^^
C:\Python314\Lib\site-packages\starlette\middleware\base.py:168: in call_next
    raise app_exc from app_exc.__cause__ or app_exc.__context__
C:\Python314\Lib\site-packages\starlette\middleware\base.py:144: in coro
    await self.app(scope, receive_or_disconnect, send_no_error)
C:\Python314\Lib\site-packages\starlette\middleware\base.py:191: in __call__
    with recv_stream, send_stream, collapse_excgroups():
                                   ^^^^^^^^^^^^^^^^^^^^
C:\Python314\Lib\contextlib.py:162: in __exit__
    self.gen.throw(value)
C:\Python314\Lib\site-packages\starlette\_utils.py:87: in collapse_excgroups
    raise exc
C:\Python314\Lib\site-packages\starlette\middleware\base.py:193: in __call__
    response = await self.dispatch_func(request, call_next)
               ^^^^^^^^^^^^^^^^^^^^^^^^^^^^^^^^^^^^^^^^^^^^
bike_analyzer\backend\api\app_factory.py:183: in correlation_id_middleware
    response = await call_next(request)
               ^^^^^^^^^^^^^^^^^^^^^^^^
C:\Python314\Lib\site-packages\starlette\middleware\base.py:168: in call_next
    raise app_exc from app_exc.__cause__ or app_exc.__context__
C:\Python314\Lib\site-packages\starlette\middleware\base.py:144: in coro
    await self.app(scope, receive_or_disconnect, send_no_error)
bike_analyzer\backend\monitoring.py:315: in __call__
    await self.app(scope, receive, send_with_metrics)
C:\Python314\Lib\site-packages\starlette\middleware\base.py:191: in __call__
    with recv_stream, send_stream, collapse_excgroups():
                                   ^^^^^^^^^^^^^^^^^^^^
C:\Python314\Lib\contextlib.py:162: in __exit__
    self.gen.throw(value)
C:\Python314\Lib\site-packages\starlette\_utils.py:87: in collapse_excgroups
    raise exc
C:\Python314\Lib\site-packages\starlette\middleware\base.py:193: in __call__
    response = await self.dispatch_func(request, call_next)
               ^^^^^^^^^^^^^^^^^^^^^^^^^^^^^^^^^^^^^^^^^^^^
C:\Python314\Lib\site-packages\slowapi\middleware.py:136: in dispatch
    response = await call_next(request)
               ^^^^^^^^^^^^^^^^^^^^^^^^
C:\Python314\Lib\site-packages\starlette\middleware\base.py:168: in call_next
    raise app_exc from app_exc.__cause__ or app_exc.__context__
C:\Python314\Lib\site-packages\starlette\middleware\base.py:144: in coro
    await self.app(scope, receive_or_disconnect, send_no_error)
C:\Python314\Lib\site-packages\starlette\middleware\exceptions.py:63: in __call__
    await wrap_app_handling_exceptions(self.app, conn)(scope, receive, send)
C:\Python314\Lib\site-packages\starlette\_exception_handler.py:53: in wrapped_app
    raise exc
C:\Python314\Lib\site-packages\starlette\_exception_handler.py:42: in wrapped_app
    await app(scope, receive, sender)
C:\Python314\Lib\site-packages\fastapi\middleware\asyncexitstack.py:18: in __call__
    await self.app(scope, receive, send)
C:\Python314\Lib\site-packages\starlette\routing.py:716: in __call__
    await self.middleware_stack(scope, receive, send)
C:\Python314\Lib\site-packages\starlette\routing.py:736: in app
    await route.handle(scope, receive, send)
C:\Python314\Lib\site-packages\starlette\routing.py:290: in handle
    await self.app(scope, receive, send)
C:\Python314\Lib\site-packages\fastapi\routing.py:134: in app
    await wrap_app_handling_exceptions(app, request)(scope, receive, send)
C:\Python314\Lib\site-packages\starlette\_exception_handler.py:53: in wrapped_app
    raise exc
C:\Python314\Lib\site-packages\starlette\_exception_handler.py:42: in wrapped_app
    await app(scope, receive, sender)
C:\Python314\Lib\site-packages\fastapi\routing.py:120: in app
    response = await f(request)
               ^^^^^^^^^^^^^^^^
C:\Python314\Lib\site-packages\fastapi\routing.py:674: in app
    raw_response = await run_endpoint_function(
C:\Python314\Lib\site-packages\fastapi\routing.py:328: in run_endpoint_function
    return await dependant.call(**values)
           ^^^^^^^^^^^^^^^^^^^^^^^^^^^^^^
bike_analyzer\backend\api\routes.py:2859: in create_training_goal
    goal_id = save_training_goal(goal["athlete_id"], goal)
              ^^^^^^^^^^^^^^^^^^^^^^^^^^^^^^^^^^^^^^^^^^^^
bike_analyzer\backend\db\postgres_db.py:83: in save_training_goal
    session.commit()
C:\Python314\Lib\site-packages\sqlalchemy\orm\session.py:2030: in commit
    trans.commit(_to_root=True)
<string>:2: in commit
    ???
C:\Python314\Lib\site-packages\sqlalchemy\orm\state_changes.py:137: in _go
    ret_value = fn(self, *arg, **kw)
                ^^^^^^^^^^^^^^^^^^^^
C:\Python314\Lib\site-packages\sqlalchemy\orm\session.py:1311: in commit
    self._prepare_impl()
<string>:2: in _prepare_impl
    ???
C:\Python314\Lib\site-packages\sqlalchemy\orm\state_changes.py:137: in _go
    ret_value = fn(self, *arg, **kw)
                ^^^^^^^^^^^^^^^^^^^^
C:\Python314\Lib\site-packages\sqlalchemy\orm\session.py:1286: in _prepare_impl
    self.session.flush()
C:\Python314\Lib\site-packages\sqlalchemy\orm\session.py:4331: in flush
    self._flush(objects)
C:\Python314\Lib\site-packages\sqlalchemy\orm\session.py:4466: in _flush
    with util.safe_reraise():
         ^^^^^^^^^^^^^^^^^^^
C:\Python314\Lib\site-packages\sqlalchemy\util\langhelpers.py:121: in __exit__
    raise exc_value.with_traceback(exc_tb)
C:\Python314\Lib\site-packages\sqlalchemy\orm\session.py:4427: in _flush
    flush_context.execute()
C:\Python314\Lib\site-packages\sqlalchemy\orm\unitofwork.py:466: in execute
    rec.execute(self)
C:\Python314\Lib\site-packages\sqlalchemy\orm\unitofwork.py:642: in execute
    util.preloaded.orm_persistence.save_obj(
C:\Python314\Lib\site-packages\sqlalchemy\orm\persistence.py:93: in save_obj
    _emit_insert_statements(
C:\Python314\Lib\site-packages\sqlalchemy\orm\persistence.py:1233: in _emit_insert_statements
    result = connection.execute(
C:\Python314\Lib\site-packages\sqlalchemy\engine\base.py:1419: in execute
    return meth(
C:\Python314\Lib\site-packages\sqlalchemy\sql\elements.py:527: in _execute_on_connection
    return connection._execute_clauseelement(
C:\Python314\Lib\site-packages\sqlalchemy\engine\base.py:1641: in _execute_clauseelement
    ret = self._execute_context(
C:\Python314\Lib\site-packages\sqlalchemy\engine\base.py:1846: in _execute_context
    return self._exec_single_context(
C:\Python314\Lib\site-packages\sqlalchemy\engine\base.py:1986: in _exec_single_context
    self._handle_dbapi_exception(
C:\Python314\Lib\site-packages\sqlalchemy\engine\base.py:2363: in _handle_dbapi_exception
    raise sqlalchemy_exception.with_traceback(exc_info[2]) from e
C:\Python314\Lib\site-packages\sqlalchemy\engine\base.py:1967: in _exec_single_context
    self.dialect.do_execute(
_ _ _ _ _ _ _ _ _ _ _ _ _ _ _ _ _ _ _ _ _ _ _ _ _ _ _ _ _ _ _ _ _ _ _ _ _ _ _ _

self = <sqlalchemy.dialects.postgresql.psycopg2.PGDialect_psycopg2 object at 0x00000148AD1038C0>
cursor = <cursor object at 0x00000148B0250E40; closed: -1>
statement = 'INSERT INTO training_goals (athlete_id, tenant_id, title, description, goal_type, target_date, target_distance_km, ta...target_date)s, %(target_distance_km)s, %(target_elevation_m)s, %(status)s, %(created_at)s) RETURNING training_goals.id'
parameters = {'athlete_id': 0, 'created_at': None, 'description': None, 'goal_type': 'granfondo', ...}
context = <sqlalchemy.dialects.postgresql.psycopg2.PGExecutionContext_psycopg2 object at 0x00000148AD892190>

    def do_execute(self, cursor, statement, parameters, context=None):
>       cursor.execute(statement, parameters)
E       sqlalchemy.exc.IntegrityError: (psycopg2.errors.ForeignKeyViolation) insert or update on table "training_goals" violates foreign key constraint "training_goals_athlete_id_fkey"
E       DETAIL:  Key (athlete_id)=(0) is not present in table "athletes".
E       
E       [SQL: INSERT INTO training_goals (athlete_id, tenant_id, title, description, goal_type, target_date, target_distance_km, target_elevation_m, status, created_at) VALUES (%(athlete_id)s, %(tenant_id)s, %(title)s, %(description)s, %(goal_type)s, %(target_date)s, %(target_distance_km)s, %(target_elevation_m)s, %(status)s, %(created_at)s) RETURNING training_goals.id]
E       [parameters: {'athlete_id': 0, 'tenant_id': 0, 'title': 'Granfondo 2024', 'description': None, 'goal_type': 'granfondo', 'target_date': None, 'target_distance_km': 120, 'target_elevation_m': None, 'status': 'active', 'created_at': None}]
E       (Background on this error at: https://sqlalche.me/e/20/gkpj)

C:\Python314\Lib\site-packages\sqlalchemy\engine\default.py:952: IntegrityError
------------------------------ Captured log call ------------------------------
ERROR    bike_analyzer.backend.api.app_factory:app_factory.py:185 Unhandled exception for request_id=c4df7d44-8321-47d4-bfbf-79df5a9bfdfb
Traceback (most recent call last):
  File "C:\Python314\Lib\site-packages\sqlalchemy\engine\base.py", line 1967, in _exec_single_context
    self.dialect.do_execute(
    ~~~~~~~~~~~~~~~~~~~~~~~^
        cursor, str_statement, effective_parameters, context
        ^^^^^^^^^^^^^^^^^^^^^^^^^^^^^^^^^^^^^^^^^^^^^^^^^^^^
    )
    ^
  File "C:\Python314\Lib\site-packages\sqlalchemy\engine\default.py", line 952, in do_execute
    cursor.execute(statement, parameters)
    ~~~~~~~~~~~~~~^^^^^^^^^^^^^^^^^^^^^^^
psycopg2.errors.ForeignKeyViolation: insert or update on table "training_goals" violates foreign key constraint "training_goals_athlete_id_fkey"
DETAIL:  Key (athlete_id)=(0) is not present in table "athletes".


The above exception was the direct cause of the following exception:

Traceback (most recent call last):
  File "D:\BikeMaster\bike_analyzer\backend\api\app_factory.py", line 183, in correlation_id_middleware
    response = await call_next(request)
               ^^^^^^^^^^^^^^^^^^^^^^^^
  File "C:\Python314\Lib\site-packages\starlette\middleware\base.py", line 168, in call_next
    raise app_exc from app_exc.__cause__ or app_exc.__context__
  File "C:\Python314\Lib\site-packages\starlette\middleware\base.py", line 144, in coro
    await self.app(scope, receive_or_disconnect, send_no_error)
  File "D:\BikeMaster\bike_analyzer\backend\monitoring.py", line 315, in __call__
    await self.app(scope, receive, send_with_metrics)
  File "C:\Python314\Lib\site-packages\starlette\middleware\base.py", line 191, in __call__
    with recv_stream, send_stream, collapse_excgroups():
                                   ~~~~~~~~~~~~~~~~~~^^
  File "C:\Python314\Lib\contextlib.py", line 162, in __exit__
    self.gen.throw(value)
    ~~~~~~~~~~~~~~^^^^^^^
  File "C:\Python314\Lib\site-packages\starlette\_utils.py", line 87, in collapse_excgroups
    raise exc
  File "C:\Python314\Lib\site-packages\starlette\middleware\base.py", line 193, in __call__
    response = await self.dispatch_func(request, call_next)
               ^^^^^^^^^^^^^^^^^^^^^^^^^^^^^^^^^^^^^^^^^^^^
  File "C:\Python314\Lib\site-packages\slowapi\middleware.py", line 136, in dispatch
    response = await call_next(request)
               ^^^^^^^^^^^^^^^^^^^^^^^^
  File "C:\Python314\Lib\site-packages\starlette\middleware\base.py", line 168, in call_next
    raise app_exc from app_exc.__cause__ or app_exc.__context__
  File "C:\Python314\Lib\site-packages\starlette\middleware\base.py", line 144, in coro
    await self.app(scope, receive_or_disconnect, send_no_error)
  File "C:\Python314\Lib\site-packages\starlette\middleware\exceptions.py", line 63, in __call__
    await wrap_app_handling_exceptions(self.app, conn)(scope, receive, send)
  File "C:\Python314\Lib\site-packages\starlette\_exception_handler.py", line 53, in wrapped_app
    raise exc
  File "C:\Python314\Lib\site-packages\starlette\_exception_handler.py", line 42, in wrapped_app
    await app(scope, receive, sender)
  File "C:\Python314\Lib\site-packages\fastapi\middleware\asyncexitstack.py", line 18, in __call__
    await self.app(scope, receive, send)
  File "C:\Python314\Lib\site-packages\starlette\routing.py", line 716, in __call__
    await self.middleware_stack(scope, receive, send)
  File "C:\Python314\Lib\site-packages\starlette\routing.py", line 736, in app
    await route.handle(scope, receive, send)
  File "C:\Python314\Lib\site-packages\starlette\routing.py", line 290, in handle
    await self.app(scope, receive, send)
  File "C:\Python314\Lib\site-packages\fastapi\routing.py", line 134, in app
    await wrap_app_handling_exceptions(app, request)(scope, receive, send)
  File "C:\Python314\Lib\site-packages\starlette\_exception_handler.py", line 53, in wrapped_app
    raise exc
  File "C:\Python314\Lib\site-packages\starlette\_exception_handler.py", line 42, in wrapped_app
    await app(scope, receive, sender)
  File "C:\Python314\Lib\site-packages\fastapi\routing.py", line 120, in app
    response = await f(request)
               ^^^^^^^^^^^^^^^^
  File "C:\Python314\Lib\site-packages\fastapi\routing.py", line 674, in app
    raw_response = await run_endpoint_function(
                   ^^^^^^^^^^^^^^^^^^^^^^^^^^^^
    ...<3 lines>...
    )
    ^
  File "C:\Python314\Lib\site-packages\fastapi\routing.py", line 328, in run_endpoint_function
    return await dependant.call(**values)
           ^^^^^^^^^^^^^^^^^^^^^^^^^^^^^^
  File "D:\BikeMaster\bike_analyzer\backend\api\routes.py", line 2859, in create_training_goal
    goal_id = save_training_goal(goal["athlete_id"], goal)
  File "D:\BikeMaster\bike_analyzer\backend\db\postgres_db.py", line 83, in save_training_goal
    session.commit()
    ~~~~~~~~~~~~~~^^
  File "C:\Python314\Lib\site-packages\sqlalchemy\orm\session.py", line 2030, in commit
    trans.commit(_to_root=True)
    ~~~~~~~~~~~~^^^^^^^^^^^^^^^
  File "<string>", line 2, in commit
  File "C:\Python314\Lib\site-packages\sqlalchemy\orm\state_changes.py", line 137, in _go
    ret_value = fn(self, *arg, **kw)
  File "C:\Python314\Lib\site-packages\sqlalchemy\orm\session.py", line 1311, in commit
    self._prepare_impl()
    ~~~~~~~~~~~~~~~~~~^^
  File "<string>", line 2, in _prepare_impl
  File "C:\Python314\Lib\site-packages\sqlalchemy\orm\state_changes.py", line 137, in _go
    ret_value = fn(self, *arg, **kw)
  File "C:\Python314\Lib\site-packages\sqlalchemy\orm\session.py", line 1286, in _prepare_impl
    self.session.flush()
    ~~~~~~~~~~~~~~~~~~^^
  File "C:\Python314\Lib\site-packages\sqlalchemy\orm\session.py", line 4331, in flush
    self._flush(objects)
    ~~~~~~~~~~~^^^^^^^^^
  File "C:\Python314\Lib\site-packages\sqlalchemy\orm\session.py", line 4466, in _flush
    with util.safe_reraise():
         ~~~~~~~~~~~~~~~~~^^
  File "C:\Python314\Lib\site-packages\sqlalchemy\util\langhelpers.py", line 121, in __exit__
    raise exc_value.with_traceback(exc_tb)
  File "C:\Python314\Lib\site-packages\sqlalchemy\orm\session.py", line 4427, in _flush
    flush_context.execute()
    ~~~~~~~~~~~~~~~~~~~~~^^
  File "C:\Python314\Lib\site-packages\sqlalchemy\orm\unitofwork.py", line 466, in execute
    rec.execute(self)
    ~~~~~~~~~~~^^^^^^
  File "C:\Python314\Lib\site-packages\sqlalchemy\orm\unitofwork.py", line 642, in execute
    util.preloaded.orm_persistence.save_obj(
    ~~~~~~~~~~~~~~~~~~~~~~~~~~~~~~~~~~~~~~~^
        self.mapper,
        ^^^^^^^^^^^^
        uow.states_for_mapper_hierarchy(self.mapper, False, False),
        ^^^^^^^^^^^^^^^^^^^^^^^^^^^^^^^^^^^^^^^^^^^^^^^^^^^^^^^^^^^
        uow,
        ^^^^
    )
    ^
  File "C:\Python314\Lib\site-packages\sqlalchemy\orm\persistence.py", line 93, in save_obj
    _emit_insert_statements(
    ~~~~~~~~~~~~~~~~~~~~~~~^
        base_mapper,
        ^^^^^^^^^^^^
    ...<3 lines>...
        insert,
        ^^^^^^^
    )
    ^
  File "C:\Python314\Lib\site-packages\sqlalchemy\orm\persistence.py", line 1233, in _emit_insert_statements
    result = connection.execute(
        statement,
        params,
        execution_options=execution_options,
    )
  File "C:\Python314\Lib\site-packages\sqlalchemy\engine\base.py", line 1419, in execute
    return meth(
        self,
        distilled_parameters,
        execution_options or NO_OPTIONS,
    )
  File "C:\Python314\Lib\site-packages\sqlalchemy\sql\elements.py", line 527, in _execute_on_connection
    return connection._execute_clauseelement(
           ~~~~~~~~~~~~~~~~~~~~~~~~~~~~~~~~~^
        self, distilled_params, execution_options
        ^^^^^^^^^^^^^^^^^^^^^^^^^^^^^^^^^^^^^^^^^
    )
    ^
  File "C:\Python314\Lib\site-packages\sqlalchemy\engine\base.py", line 1641, in _execute_clauseelement
    ret = self._execute_context(
        dialect,
    ...<8 lines>...
        cache_hit=cache_hit,
    )
  File "C:\Python314\Lib\site-packages\sqlalchemy\engine\base.py", line 1846, in _execute_context
    return self._exec_single_context(
           ~~~~~~~~~~~~~~~~~~~~~~~~~^
        dialect, context, statement, parameters
        ^^^^^^^^^^^^^^^^^^^^^^^^^^^^^^^^^^^^^^^
    )
    ^
  File "C:\Python314\Lib\site-packages\sqlalchemy\engine\base.py", line 1986, in _exec_single_context
    self._handle_dbapi_exception(
    ~~~~~~~~~~~~~~~~~~~~~~~~~~~~^
        e, str_statement, effective_parameters, cursor, context
        ^^^^^^^^^^^^^^^^^^^^^^^^^^^^^^^^^^^^^^^^^^^^^^^^^^^^^^^
    )
    ^
  File "C:\Python314\Lib\site-packages\sqlalchemy\engine\base.py", line 2363, in _handle_dbapi_exception
    raise sqlalchemy_exception.with_traceback(exc_info[2]) from e
  File "C:\Python314\Lib\site-packages\sqlalchemy\engine\base.py", line 1967, in _exec_single_context
    self.dialect.do_execute(
    ~~~~~~~~~~~~~~~~~~~~~~~^
        cursor, str_statement, effective_parameters, context
        ^^^^^^^^^^^^^^^^^^^^^^^^^^^^^^^^^^^^^^^^^^^^^^^^^^^^
    )
    ^
  File "C:\Python314\Lib\site-packages\sqlalchemy\engine\default.py", line 952, in do_execute
    cursor.execute(statement, parameters)
    ~~~~~~~~~~~~~~^^^^^^^^^^^^^^^^^^^^^^^
sqlalchemy.exc.IntegrityError: (psycopg2.errors.ForeignKeyViolation) insert or update on table "training_goals" violates foreign key constraint "training_goals_athlete_id_fkey"
DETAIL:  Key (athlete_id)=(0) is not present in table "athletes".

[SQL: INSERT INTO training_goals (athlete_id, tenant_id, title, description, goal_type, target_date, target_distance_km, target_elevation_m, status, created_at) VALUES (%(athlete_id)s, %(tenant_id)s, %(title)s, %(description)s, %(goal_type)s, %(target_date)s, %(target_distance_km)s, %(target_elevation_m)s, %(status)s, %(created_at)s) RETURNING training_goals.id]
[parameters: {'athlete_id': 0, 'tenant_id': 0, 'title': 'Granfondo 2024', 'description': None, 'goal_type': 'granfondo', 'target_date': None, 'target_distance_km': 120, 'target_elevation_m': None, 'status': 'active', 'created_at': None}]
(Background on this error at: https://sqlalche.me/e/20/gkpj)
__________________________ test_calendar_events_crud __________________________

client = <starlette.testclient.TestClient object at 0x00000148B0EBB570>

    def test_calendar_events_crud(client):
        body = {"athlete_id": 0, "title": "Morning ride", "date": "2024-06-20", "event_type": "training"}
        r = client.post("/api/v1/calendar/events", json=body)
>       assert r.status_code == 200
E       assert 422 == 200
E        +  where 422 = <Response [422 Unprocessable Entity]>.status_code

tests\test_routes_coverage_extra.py:211: AssertionError
___________________________ test_weather_endpoints ____________________________

client = <starlette.testclient.TestClient object at 0x00000148B06C4160>

    def test_weather_endpoints(client):
        assert client.get("/api/v1/weather", params={"lat": 45.0, "lon": 7.0}).status_code in (200, 500)
>       assert client.get("/api/v1/weather/forecast", params={"lat": 45.0, "lon": 7.0}).status_code in (200, 500)
E       AssertionError: assert 422 in (200, 500)
E        +  where 422 = <Response [422 Unprocessable Entity]>.status_code
E        +    where <Response [422 Unprocessable Entity]> = get('/api/v1/weather/forecast', params={'lat': 45.0, 'lon': 7.0})
E        +      where get = <starlette.testclient.TestClient object at 0x00000148B06C4160>.get

tests\test_routes_coverage_extra.py:233: AssertionError
______________________________ test_maps_places _______________________________

client = <starlette.testclient.TestClient object at 0x00000148ADA14270>

    def test_maps_places(client):
>       assert client.get("/api/v1/maps/places/nearby", params={"lat": 45.0, "lon": 7.0}).status_code in (200, 500)
E       AssertionError: assert 422 in (200, 500)
E        +  where 422 = <Response [422 Unprocessable Entity]>.status_code
E        +    where <Response [422 Unprocessable Entity]> = get('/api/v1/maps/places/nearby', params={'lat': 45.0, 'lon': 7.0})
E        +      where get = <starlette.testclient.TestClient object at 0x00000148ADA14270>.get

tests\test_routes_coverage_extra.py:258: AssertionError
__________________________ test_scores_and_benchmark __________________________

client = <starlette.testclient.TestClient object at 0x00000148AE1BD370>

    def test_scores_and_benchmark(client):
>       assert client.get("/api/v1/scores/athlete/0").status_code == 200
E       AssertionError: assert 404 == 200
E        +  where 404 = <Response [404 Not Found]>.status_code
E        +    where <Response [404 Not Found]> = get('/api/v1/scores/athlete/0')
E        +      where get = <starlette.testclient.TestClient object at 0x00000148AE1BD370>.get

tests\test_routes_coverage_extra.py:267: AssertionError
____________________________ test_coach_endpoints _____________________________

client = <starlette.testclient.TestClient object at 0x00000148B0572E00>

    def test_coach_endpoints(client):
        assert client.get("/api/v1/coach/full", params={"athlete_id": 0}).status_code == 200
        assert client.get("/api/v1/coach/workout", params={"athlete_id": 0}).status_code == 200
        assert client.get("/api/v1/coach/recovery", params={"athlete_id": 0}).status_code == 200
        assert client.get("/api/v1/coach/trends", params={"athlete_id": 0}).status_code == 200
>       assert client.get("/api/v1/coach/history").status_code == 200
E       AssertionError: assert 422 == 200
E        +  where 422 = <Response [422 Unprocessable Entity]>.status_code
E        +    where <Response [422 Unprocessable Entity]> = get('/api/v1/coach/history')
E        +      where get = <starlette.testclient.TestClient object at 0x00000148B0572E00>.get

tests\test_routes_coverage_extra.py:277: AssertionError
------------------------------ Captured log call ------------------------------
WARNING  bike_analyzer.backend.redis_client:redis_client.py:64 Redis unavailable: Error 11001 connecting to red-d8qnqf8g4nts739ddi90:6379. 11001. � cache disabled
____________________________ test_admin_endpoints _____________________________
  + Exception Group Traceback (most recent call last):
  |   File "C:\Python314\Lib\site-packages\starlette\_utils.py", line 81, in collapse_excgroups
  |     yield
  |   File "C:\Python314\Lib\site-packages\starlette\middleware\base.py", line 192, in __call__
  |     async with anyio.create_task_group() as task_group:
  |                ~~~~~~~~~~~~~~~~~~~~~~~^^
  |   File "C:\Python314\Lib\site-packages\anyio\_backends\_asyncio.py", line 799, in __aexit__
  |     raise BaseExceptionGroup(
  |         "unhandled errors in a TaskGroup", self._exceptions
  |     ) from None
  | ExceptionGroup: unhandled errors in a TaskGroup (1 sub-exception)
  +-+---------------- 1 ----------------
    | Traceback (most recent call last):
    |   File "C:\Python314\Lib\site-packages\_pytest\runner.py", line 344, in from_call
    |     result: TResult | None = func()
    |                              ~~~~^^
    |   File "C:\Python314\Lib\site-packages\_pytest\runner.py", line 246, in <lambda>
    |     lambda: runtest_hook(item=item, **kwds), when=when, reraise=reraise
    |             ~~~~~~~~~~~~^^^^^^^^^^^^^^^^^^^
    |   File "C:\Python314\Lib\site-packages\pluggy\_hooks.py", line 512, in __call__
    |     return self._hookexec(self.name, self._hookimpls.copy(), kwargs, firstresult)
    |            ~~~~~~~~~~~~~~^^^^^^^^^^^^^^^^^^^^^^^^^^^^^^^^^^^^^^^^^^^^^^^^^^^^^^^^
    |   File "C:\Python314\Lib\site-packages\pluggy\_manager.py", line 120, in _hookexec
    |     return self._inner_hookexec(hook_name, methods, kwargs, firstresult)
    |            ~~~~~~~~~~~~~~~~~~~~^^^^^^^^^^^^^^^^^^^^^^^^^^^^^^^^^^^^^^^^^
    |   File "C:\Python314\Lib\site-packages\pluggy\_callers.py", line 167, in _multicall
    |     raise exception
    |   File "C:\Python314\Lib\site-packages\pluggy\_callers.py", line 139, in _multicall
    |     teardown.throw(exception)
    |     ~~~~~~~~~~~~~~^^^^^^^^^^^
    |   File "C:\Python314\Lib\site-packages\_pytest\logging.py", line 850, in pytest_runtest_call
    |     yield
    |   File "C:\Python314\Lib\site-packages\pluggy\_callers.py", line 139, in _multicall
    |     teardown.throw(exception)
    |     ~~~~~~~~~~~~~~^^^^^^^^^^^
    |   File "C:\Python314\Lib\site-packages\pluggy\_callers.py", line 53, in run_old_style_hookwrapper
    |     return result.get_result()
    |            ~~~~~~~~~~~~~~~~~^^
    |   File "C:\Python314\Lib\site-packages\pluggy\_result.py", line 103, in get_result
    |     raise exc.with_traceback(tb)
    |   File "C:\Python314\Lib\site-packages\pluggy\_callers.py", line 38, in run_old_style_hookwrapper
    |     res = yield
    |           ^^^^^
    |   File "C:\Python314\Lib\site-packages\pluggy\_callers.py", line 139, in _multicall
    |     teardown.throw(exception)
    |     ~~~~~~~~~~~~~~^^^^^^^^^^^
    |   File "C:\Python314\Lib\site-packages\_pytest\capture.py", line 900, in pytest_runtest_call
    |     return (yield)
    |             ^^^^^
    |   File "C:\Python314\Lib\site-packages\pluggy\_callers.py", line 139, in _multicall
    |     teardown.throw(exception)
    |     ~~~~~~~~~~~~~~^^^^^^^^^^^
    |   File "C:\Python314\Lib\site-packages\pluggy\_callers.py", line 53, in run_old_style_hookwrapper
    |     return result.get_result()
    |            ~~~~~~~~~~~~~~~~~^^
    |   File "C:\Python314\Lib\site-packages\pluggy\_result.py", line 103, in get_result
    |     raise exc.with_traceback(tb)
    |   File "C:\Python314\Lib\site-packages\pluggy\_callers.py", line 38, in run_old_style_hookwrapper
    |     res = yield
    |           ^^^^^
    |   File "C:\Python314\Lib\site-packages\pluggy\_callers.py", line 139, in _multicall
    |     teardown.throw(exception)
    |     ~~~~~~~~~~~~~~^^^^^^^^^^^
    |   File "C:\Python314\Lib\site-packages\_pytest\skipping.py", line 263, in pytest_runtest_call
    |     return (yield)
    |             ^^^^^
    |   File "C:\Python314\Lib\site-packages\pluggy\_callers.py", line 121, in _multicall
    |     res = hook_impl.function(*args)
    |   File "C:\Python314\Lib\site-packages\_pytest\runner.py", line 178, in pytest_runtest_call
    |     item.runtest()
    |     ~~~~~~~~~~~~^^
    |   File "C:\Python314\Lib\site-packages\_pytest\python.py", line 1671, in runtest
    |     self.ihook.pytest_pyfunc_call(pyfuncitem=self)
    |     ~~~~~~~~~~~~~~~~~~~~~~~~~~~~~^^^^^^^^^^^^^^^^^
    |   File "C:\Python314\Lib\site-packages\pluggy\_hooks.py", line 512, in __call__
    |     return self._hookexec(self.name, self._hookimpls.copy(), kwargs, firstresult)
    |            ~~~~~~~~~~~~~~^^^^^^^^^^^^^^^^^^^^^^^^^^^^^^^^^^^^^^^^^^^^^^^^^^^^^^^^
    |   File "C:\Python314\Lib\site-packages\pluggy\_manager.py", line 120, in _hookexec
    |     return self._inner_hookexec(hook_name, methods, kwargs, firstresult)
    |            ~~~~~~~~~~~~~~~~~~~~^^^^^^^^^^^^^^^^^^^^^^^^^^^^^^^^^^^^^^^^^
    |   File "C:\Python314\Lib\site-packages\pluggy\_callers.py", line 167, in _multicall
    |     raise exception
    |   File "C:\Python314\Lib\site-packages\pluggy\_callers.py", line 139, in _multicall
    |     teardown.throw(exception)
    |     ~~~~~~~~~~~~~~^^^^^^^^^^^
    |   File "C:\Python314\Lib\site-packages\pluggy\_callers.py", line 53, in run_old_style_hookwrapper
    |     return result.get_result()
    |            ~~~~~~~~~~~~~~~~~^^
    |   File "C:\Python314\Lib\site-packages\pluggy\_result.py", line 103, in get_result
    |     raise exc.with_traceback(tb)
    |   File "C:\Python314\Lib\site-packages\pluggy\_callers.py", line 38, in run_old_style_hookwrapper
    |     res = yield
    |           ^^^^^
    |   File "C:\Python314\Lib\site-packages\pluggy\_callers.py", line 121, in _multicall
    |     res = hook_impl.function(*args)
    |   File "C:\Python314\Lib\site-packages\_pytest\python.py", line 157, in pytest_pyfunc_call
    |     result = testfunction(**testargs)
    |   File "D:\BikeMaster\tests\test_routes_coverage_extra.py", line 297, in test_admin_endpoints
    |     assert client.post("/api/v1/admin/reset-demo").status_code in (200, 400, 500)
    |            ~~~~~~~~~~~^^^^^^^^^^^^^^^^^^^^^^^^^^^^
    |   File "C:\Python314\Lib\site-packages\starlette\testclient.py", line 546, in post
    |     return super().post(
    |            ~~~~~~~~~~~~^
    |         url,
    |         ^^^^
    |     ...<10 lines>...
    |         extensions=extensions,
    |         ^^^^^^^^^^^^^^^^^^^^^^
    |     )
    |     ^
    |   File "C:\Python314\Lib\site-packages\httpx\_client.py", line 1144, in post
    |     return self.request(
    |            ~~~~~~~~~~~~^
    |         "POST",
    |         ^^^^^^^
    |     ...<11 lines>...
    |         extensions=extensions,
    |         ^^^^^^^^^^^^^^^^^^^^^^
    |     )
    |     ^
    |   File "C:\Python314\Lib\site-packages\starlette\testclient.py", line 445, in request
    |     return super().request(
    |            ~~~~~~~~~~~~~~~^
    |         method,
    |         ^^^^^^^
    |     ...<11 lines>...
    |         extensions=extensions,
    |         ^^^^^^^^^^^^^^^^^^^^^^
    |     )
    |     ^
    |   File "C:\Python314\Lib\site-packages\httpx\_client.py", line 825, in request
    |     return self.send(request, auth=auth, follow_redirects=follow_redirects)
    |            ~~~~~~~~~^^^^^^^^^^^^^^^^^^^^^^^^^^^^^^^^^^^^^^^^^^^^^^^^^^^^^^^
    |   File "C:\Python314\Lib\site-packages\httpx\_client.py", line 914, in send
    |     response = self._send_handling_auth(
    |         request,
    |     ...<2 lines>...
    |         history=[],
    |     )
    |   File "C:\Python314\Lib\site-packages\httpx\_client.py", line 942, in _send_handling_auth
    |     response = self._send_handling_redirects(
    |         request,
    |         follow_redirects=follow_redirects,
    |         history=history,
    |     )
    |   File "C:\Python314\Lib\site-packages\httpx\_client.py", line 979, in _send_handling_redirects
    |     response = self._send_single_request(request)
    |   File "C:\Python314\Lib\site-packages\httpx\_client.py", line 1014, in _send_single_request
    |     response = transport.handle_request(request)
    |   File "C:\Python314\Lib\site-packages\starlette\testclient.py", line 348, in handle_request
    |     raise exc
    |   File "C:\Python314\Lib\site-packages\starlette\testclient.py", line 345, in handle_request
    |     portal.call(self.app, scope, receive, send)
    |     ~~~~~~~~~~~^^^^^^^^^^^^^^^^^^^^^^^^^^^^^^^^
    |   File "C:\Python314\Lib\site-packages\anyio\from_thread.py", line 334, in call
    |     return cast(T_Retval, self.start_task_soon(func, *args).result())
    |                           ~~~~~~~~~~~~~~~~~~~~~~~~~~~~~~~~~~~~~~~~^^
    |   File "C:\Python314\Lib\concurrent\futures\_base.py", line 450, in result
    |     return self.__get_result()
    |            ~~~~~~~~~~~~~~~~~^^
    |   File "C:\Python314\Lib\concurrent\futures\_base.py", line 395, in __get_result
    |     raise self._exception
    |   File "C:\Python314\Lib\site-packages\anyio\from_thread.py", line 259, in _call_func
    |     retval = await retval_or_awaitable
    |              ^^^^^^^^^^^^^^^^^^^^^^^^^
    |   File "C:\Python314\Lib\site-packages\fastapi\applications.py", line 1159, in __call__
    |     await super().__call__(scope, receive, send)
    |   File "C:\Python314\Lib\site-packages\starlette\applications.py", line 107, in __call__
    |     await self.middleware_stack(scope, receive, send)
    |   File "C:\Python314\Lib\site-packages\starlette\middleware\errors.py", line 186, in __call__
    |     raise exc
    |   File "C:\Python314\Lib\site-packages\starlette\middleware\errors.py", line 164, in __call__
    |     await self.app(scope, receive, _send)
    |   File "C:\Python314\Lib\site-packages\starlette\middleware\cors.py", line 87, in __call__
    |     await self.app(scope, receive, send)
    |   File "C:\Python314\Lib\site-packages\starlette\middleware\base.py", line 191, in __call__
    |     with recv_stream, send_stream, collapse_excgroups():
    |                                    ~~~~~~~~~~~~~~~~~~^^
    |   File "C:\Python314\Lib\contextlib.py", line 162, in __exit__
    |     self.gen.throw(value)
    |     ~~~~~~~~~~~~~~^^^^^^^
    |   File "C:\Python314\Lib\site-packages\starlette\_utils.py", line 87, in collapse_excgroups
    |     raise exc
    |   File "C:\Python314\Lib\site-packages\starlette\middleware\base.py", line 193, in __call__
    |     response = await self.dispatch_func(request, call_next)
    |                ^^^^^^^^^^^^^^^^^^^^^^^^^^^^^^^^^^^^^^^^^^^^
    |   File "D:\BikeMaster\bike_analyzer\backend\api\app_factory.py", line 249, in add_security_headers
    |     response = await call_next(request)
    |                ^^^^^^^^^^^^^^^^^^^^^^^^
    |   File "C:\Python314\Lib\site-packages\starlette\middleware\base.py", line 168, in call_next
    |     raise app_exc from app_exc.__cause__ or app_exc.__context__
    |   File "C:\Python314\Lib\site-packages\starlette\middleware\base.py", line 144, in coro
    |     await self.app(scope, receive_or_disconnect, send_no_error)
    |   File "C:\Python314\Lib\site-packages\starlette\middleware\base.py", line 191, in __call__
    |     with recv_stream, send_stream, collapse_excgroups():
    |                                    ~~~~~~~~~~~~~~~~~~^^
    |   File "C:\Python314\Lib\contextlib.py", line 162, in __exit__
    |     self.gen.throw(value)
    |     ~~~~~~~~~~~~~~^^^^^^^
    |   File "C:\Python314\Lib\site-packages\starlette\_utils.py", line 87, in collapse_excgroups
    |     raise exc
    |   File "C:\Python314\Lib\site-packages\starlette\middleware\base.py", line 193, in __call__
    |     response = await self.dispatch_func(request, call_next)
    |                ^^^^^^^^^^^^^^^^^^^^^^^^^^^^^^^^^^^^^^^^^^^^
    |   File "D:\BikeMaster\bike_analyzer\backend\api\app_factory.py", line 224, in audit_log_middleware
    |     response = await call_next(request)
    |                ^^^^^^^^^^^^^^^^^^^^^^^^
    |   File "C:\Python314\Lib\site-packages\starlette\middleware\base.py", line 168, in call_next
    |     raise app_exc from app_exc.__cause__ or app_exc.__context__
    |   File "C:\Python314\Lib\site-packages\starlette\middleware\base.py", line 144, in coro
    |     await self.app(scope, receive_or_disconnect, send_no_error)
    |   File "C:\Python314\Lib\site-packages\starlette\middleware\base.py", line 191, in __call__
    |     with recv_stream, send_stream, collapse_excgroups():
    |                                    ~~~~~~~~~~~~~~~~~~^^
    |   File "C:\Python314\Lib\contextlib.py", line 162, in __exit__
    |     self.gen.throw(value)
    |     ~~~~~~~~~~~~~~^^^^^^^
    |   File "C:\Python314\Lib\site-packages\starlette\_utils.py", line 87, in collapse_excgroups
    |     raise exc
    |   File "C:\Python314\Lib\site-packages\starlette\middleware\base.py", line 193, in __call__
    |     response = await self.dispatch_func(request, call_next)
    |                ^^^^^^^^^^^^^^^^^^^^^^^^^^^^^^^^^^^^^^^^^^^^
    |   File "D:\BikeMaster\bike_analyzer\backend\api\app_factory.py", line 199, in user_api_keys_middleware
    |     response = await call_next(request)
    |                ^^^^^^^^^^^^^^^^^^^^^^^^
    |   File "C:\Python314\Lib\site-packages\starlette\middleware\base.py", line 168, in call_next
    |     raise app_exc from app_exc.__cause__ or app_exc.__context__
    |   File "C:\Python314\Lib\site-packages\starlette\middleware\base.py", line 144, in coro
    |     await self.app(scope, receive_or_disconnect, send_no_error)
    |   File "C:\Python314\Lib\site-packages\starlette\middleware\base.py", line 191, in __call__
    |     with recv_stream, send_stream, collapse_excgroups():
    |                                    ~~~~~~~~~~~~~~~~~~^^
    |   File "C:\Python314\Lib\contextlib.py", line 162, in __exit__
    |     self.gen.throw(value)
    |     ~~~~~~~~~~~~~~^^^^^^^
    |   File "C:\Python314\Lib\site-packages\starlette\_utils.py", line 87, in collapse_excgroups
    |     raise exc
    |   File "C:\Python314\Lib\site-packages\starlette\middleware\base.py", line 193, in __call__
    |     response = await self.dispatch_func(request, call_next)
    |                ^^^^^^^^^^^^^^^^^^^^^^^^^^^^^^^^^^^^^^^^^^^^
    |   File "D:\BikeMaster\bike_analyzer\backend\api\app_factory.py", line 183, in correlation_id_middleware
    |     response = await call_next(request)
    |                ^^^^^^^^^^^^^^^^^^^^^^^^
    |   File "C:\Python314\Lib\site-packages\starlette\middleware\base.py", line 168, in call_next
    |     raise app_exc from app_exc.__cause__ or app_exc.__context__
    |   File "C:\Python314\Lib\site-packages\starlette\middleware\base.py", line 144, in coro
    |     await self.app(scope, receive_or_disconnect, send_no_error)
    |   File "D:\BikeMaster\bike_analyzer\backend\monitoring.py", line 315, in __call__
    |     await self.app(scope, receive, send_with_metrics)
    |   File "C:\Python314\Lib\site-packages\starlette\middleware\base.py", line 191, in __call__
    |     with recv_stream, send_stream, collapse_excgroups():
    |                                    ~~~~~~~~~~~~~~~~~~^^
    |   File "C:\Python314\Lib\contextlib.py", line 162, in __exit__
    |     self.gen.throw(value)
    |     ~~~~~~~~~~~~~~^^^^^^^
    |   File "C:\Python314\Lib\site-packages\starlette\_utils.py", line 87, in collapse_excgroups
    |     raise exc
    |   File "C:\Python314\Lib\site-packages\starlette\middleware\base.py", line 193, in __call__
    |     response = await self.dispatch_func(request, call_next)
    |                ^^^^^^^^^^^^^^^^^^^^^^^^^^^^^^^^^^^^^^^^^^^^
    |   File "C:\Python314\Lib\site-packages\slowapi\middleware.py", line 136, in dispatch
    |     response = await call_next(request)
    |                ^^^^^^^^^^^^^^^^^^^^^^^^
    |   File "C:\Python314\Lib\site-packages\starlette\middleware\base.py", line 168, in call_next
    |     raise app_exc from app_exc.__cause__ or app_exc.__context__
    |   File "C:\Python314\Lib\site-packages\starlette\middleware\base.py", line 144, in coro
    |     await self.app(scope, receive_or_disconnect, send_no_error)
    |   File "C:\Python314\Lib\site-packages\starlette\middleware\exceptions.py", line 63, in __call__
    |     await wrap_app_handling_exceptions(self.app, conn)(scope, receive, send)
    |   File "C:\Python314\Lib\site-packages\starlette\_exception_handler.py", line 53, in wrapped_app
    |     raise exc
    |   File "C:\Python314\Lib\site-packages\starlette\_exception_handler.py", line 42, in wrapped_app
    |     await app(scope, receive, sender)
    |   File "C:\Python314\Lib\site-packages\fastapi\middleware\asyncexitstack.py", line 18, in __call__
    |     await self.app(scope, receive, send)
    |   File "C:\Python314\Lib\site-packages\starlette\routing.py", line 716, in __call__
    |     await self.middleware_stack(scope, receive, send)
    |   File "C:\Python314\Lib\site-packages\starlette\routing.py", line 736, in app
    |     await route.handle(scope, receive, send)
    |   File "C:\Python314\Lib\site-packages\starlette\routing.py", line 290, in handle
    |     await self.app(scope, receive, send)
    |   File "C:\Python314\Lib\site-packages\fastapi\routing.py", line 134, in app
    |     await wrap_app_handling_exceptions(app, request)(scope, receive, send)
    |   File "C:\Python314\Lib\site-packages\starlette\_exception_handler.py", line 53, in wrapped_app
    |     raise exc
    |   File "C:\Python314\Lib\site-packages\starlette\_exception_handler.py", line 42, in wrapped_app
    |     await app(scope, receive, sender)
    |   File "C:\Python314\Lib\site-packages\fastapi\routing.py", line 120, in app
    |     response = await f(request)
    |                ^^^^^^^^^^^^^^^^
    |   File "C:\Python314\Lib\site-packages\fastapi\routing.py", line 674, in app
    |     raw_response = await run_endpoint_function(
    |                    ^^^^^^^^^^^^^^^^^^^^^^^^^^^^
    |     ...<3 lines>...
    |     )
    |     ^
    |   File "C:\Python314\Lib\site-packages\fastapi\routing.py", line 328, in run_endpoint_function
    |     return await dependant.call(**values)
    |            ^^^^^^^^^^^^^^^^^^^^^^^^^^^^^^
    |   File "D:\BikeMaster\bike_analyzer\backend\api\routes.py", line 2452, in reset_demo_data
    |     from scripts.generate_sample_ride import generate_sample_ride
    | ModuleNotFoundError: No module named 'scripts.generate_sample_ride'
    +------------------------------------

The above exception was the direct cause of the following exception:

Traceback (most recent call last):
  File "D:\BikeMaster\tests\test_routes_coverage_extra.py", line 297, in test_admin_endpoints
    assert client.post("/api/v1/admin/reset-demo").status_code in (200, 400, 500)
           ~~~~~~~~~~~^^^^^^^^^^^^^^^^^^^^^^^^^^^^
  File "C:\Python314\Lib\site-packages\starlette\testclient.py", line 546, in post
    return super().post(
           ~~~~~~~~~~~~^
        url,
        ^^^^
    ...<10 lines>...
        extensions=extensions,
        ^^^^^^^^^^^^^^^^^^^^^^
    )
    ^
  File "C:\Python314\Lib\site-packages\httpx\_client.py", line 1144, in post
    return self.request(
           ~~~~~~~~~~~~^
        "POST",
        ^^^^^^^
    ...<11 lines>...
        extensions=extensions,
        ^^^^^^^^^^^^^^^^^^^^^^
    )
    ^
  File "C:\Python314\Lib\site-packages\starlette\testclient.py", line 445, in request
    return super().request(
           ~~~~~~~~~~~~~~~^
        method,
        ^^^^^^^
    ...<11 lines>...
        extensions=extensions,
        ^^^^^^^^^^^^^^^^^^^^^^
    )
    ^
  File "C:\Python314\Lib\site-packages\httpx\_client.py", line 825, in request
    return self.send(request, auth=auth, follow_redirects=follow_redirects)
           ~~~~~~~~~^^^^^^^^^^^^^^^^^^^^^^^^^^^^^^^^^^^^^^^^^^^^^^^^^^^^^^^
  File "C:\Python314\Lib\site-packages\httpx\_client.py", line 914, in send
    response = self._send_handling_auth(
        request,
    ...<2 lines>...
        history=[],
    )
  File "C:\Python314\Lib\site-packages\httpx\_client.py", line 942, in _send_handling_auth
    response = self._send_handling_redirects(
        request,
        follow_redirects=follow_redirects,
        history=history,
    )
  File "C:\Python314\Lib\site-packages\httpx\_client.py", line 979, in _send_handling_redirects
    response = self._send_single_request(request)
  File "C:\Python314\Lib\site-packages\httpx\_client.py", line 1014, in _send_single_request
    response = transport.handle_request(request)
  File "C:\Python314\Lib\site-packages\starlette\testclient.py", line 348, in handle_request
    raise exc
  File "C:\Python314\Lib\site-packages\starlette\testclient.py", line 345, in handle_request
    portal.call(self.app, scope, receive, send)
    ~~~~~~~~~~~^^^^^^^^^^^^^^^^^^^^^^^^^^^^^^^^
  File "C:\Python314\Lib\site-packages\anyio\from_thread.py", line 334, in call
    return cast(T_Retval, self.start_task_soon(func, *args).result())
                          ~~~~~~~~~~~~~~~~~~~~~~~~~~~~~~~~~~~~~~~~^^
  File "C:\Python314\Lib\concurrent\futures\_base.py", line 450, in result
    return self.__get_result()
           ~~~~~~~~~~~~~~~~~^^
  File "C:\Python314\Lib\concurrent\futures\_base.py", line 395, in __get_result
    raise self._exception
  File "C:\Python314\Lib\site-packages\anyio\from_thread.py", line 259, in _call_func
    retval = await retval_or_awaitable
             ^^^^^^^^^^^^^^^^^^^^^^^^^
  File "C:\Python314\Lib\site-packages\fastapi\applications.py", line 1159, in __call__
    await super().__call__(scope, receive, send)
  File "C:\Python314\Lib\site-packages\starlette\applications.py", line 107, in __call__
    await self.middleware_stack(scope, receive, send)
  File "C:\Python314\Lib\site-packages\starlette\middleware\errors.py", line 186, in __call__
    raise exc
  File "C:\Python314\Lib\site-packages\starlette\middleware\errors.py", line 164, in __call__
    await self.app(scope, receive, _send)
  File "C:\Python314\Lib\site-packages\starlette\middleware\cors.py", line 87, in __call__
    await self.app(scope, receive, send)
  File "C:\Python314\Lib\site-packages\starlette\middleware\base.py", line 191, in __call__
    with recv_stream, send_stream, collapse_excgroups():
                                   ~~~~~~~~~~~~~~~~~~^^
  File "C:\Python314\Lib\contextlib.py", line 162, in __exit__
    self.gen.throw(value)
    ~~~~~~~~~~~~~~^^^^^^^
  File "C:\Python314\Lib\site-packages\starlette\_utils.py", line 87, in collapse_excgroups
    raise exc
  File "C:\Python314\Lib\site-packages\starlette\middleware\base.py", line 193, in __call__
    response = await self.dispatch_func(request, call_next)
               ^^^^^^^^^^^^^^^^^^^^^^^^^^^^^^^^^^^^^^^^^^^^
  File "D:\BikeMaster\bike_analyzer\backend\api\app_factory.py", line 249, in add_security_headers
    response = await call_next(request)
               ^^^^^^^^^^^^^^^^^^^^^^^^
  File "C:\Python314\Lib\site-packages\starlette\middleware\base.py", line 168, in call_next
    raise app_exc from app_exc.__cause__ or app_exc.__context__
  File "C:\Python314\Lib\site-packages\starlette\middleware\base.py", line 144, in coro
    await self.app(scope, receive_or_disconnect, send_no_error)
  File "C:\Python314\Lib\site-packages\starlette\middleware\base.py", line 191, in __call__
    with recv_stream, send_stream, collapse_excgroups():
                                   ~~~~~~~~~~~~~~~~~~^^
  File "C:\Python314\Lib\contextlib.py", line 162, in __exit__
    self.gen.throw(value)
    ~~~~~~~~~~~~~~^^^^^^^
  File "C:\Python314\Lib\site-packages\starlette\_utils.py", line 87, in collapse_excgroups
    raise exc
  File "C:\Python314\Lib\site-packages\starlette\middleware\base.py", line 193, in __call__
    response = await self.dispatch_func(request, call_next)
               ^^^^^^^^^^^^^^^^^^^^^^^^^^^^^^^^^^^^^^^^^^^^
  File "D:\BikeMaster\bike_analyzer\backend\api\app_factory.py", line 224, in audit_log_middleware
    response = await call_next(request)
               ^^^^^^^^^^^^^^^^^^^^^^^^
  File "C:\Python314\Lib\site-packages\starlette\middleware\base.py", line 168, in call_next
    raise app_exc from app_exc.__cause__ or app_exc.__context__
  File "C:\Python314\Lib\site-packages\starlette\middleware\base.py", line 144, in coro
    await self.app(scope, receive_or_disconnect, send_no_error)
  File "C:\Python314\Lib\site-packages\starlette\middleware\base.py", line 191, in __call__
    with recv_stream, send_stream, collapse_excgroups():
                                   ~~~~~~~~~~~~~~~~~~^^
  File "C:\Python314\Lib\contextlib.py", line 162, in __exit__
    self.gen.throw(value)
    ~~~~~~~~~~~~~~^^^^^^^
  File "C:\Python314\Lib\site-packages\starlette\_utils.py", line 87, in collapse_excgroups
    raise exc
  File "C:\Python314\Lib\site-packages\starlette\middleware\base.py", line 193, in __call__
    response = await self.dispatch_func(request, call_next)
               ^^^^^^^^^^^^^^^^^^^^^^^^^^^^^^^^^^^^^^^^^^^^
  File "D:\BikeMaster\bike_analyzer\backend\api\app_factory.py", line 199, in user_api_keys_middleware
    response = await call_next(request)
               ^^^^^^^^^^^^^^^^^^^^^^^^
  File "C:\Python314\Lib\site-packages\starlette\middleware\base.py", line 168, in call_next
    raise app_exc from app_exc.__cause__ or app_exc.__context__
  File "C:\Python314\Lib\site-packages\starlette\middleware\base.py", line 144, in coro
    await self.app(scope, receive_or_disconnect, send_no_error)
  File "C:\Python314\Lib\site-packages\starlette\middleware\base.py", line 191, in __call__
    with recv_stream, send_stream, collapse_excgroups():
                                   ~~~~~~~~~~~~~~~~~~^^
  File "C:\Python314\Lib\contextlib.py", line 162, in __exit__
    self.gen.throw(value)
    ~~~~~~~~~~~~~~^^^^^^^
  File "C:\Python314\Lib\site-packages\starlette\_utils.py", line 87, in collapse_excgroups
    raise exc
  File "C:\Python314\Lib\site-packages\starlette\middleware\base.py", line 193, in __call__
    response = await self.dispatch_func(request, call_next)
               ^^^^^^^^^^^^^^^^^^^^^^^^^^^^^^^^^^^^^^^^^^^^
  File "D:\BikeMaster\bike_analyzer\backend\api\app_factory.py", line 183, in correlation_id_middleware
    response = await call_next(request)
               ^^^^^^^^^^^^^^^^^^^^^^^^
  File "C:\Python314\Lib\site-packages\starlette\middleware\base.py", line 168, in call_next
    raise app_exc from app_exc.__cause__ or app_exc.__context__
  File "C:\Python314\Lib\site-packages\starlette\middleware\base.py", line 144, in coro
    await self.app(scope, receive_or_disconnect, send_no_error)
  File "D:\BikeMaster\bike_analyzer\backend\monitoring.py", line 315, in __call__
    await self.app(scope, receive, send_with_metrics)
  File "C:\Python314\Lib\site-packages\starlette\middleware\base.py", line 191, in __call__
    with recv_stream, send_stream, collapse_excgroups():
                                   ~~~~~~~~~~~~~~~~~~^^
  File "C:\Python314\Lib\contextlib.py", line 162, in __exit__
    self.gen.throw(value)
    ~~~~~~~~~~~~~~^^^^^^^
  File "C:\Python314\Lib\site-packages\starlette\_utils.py", line 87, in collapse_excgroups
    raise exc
  File "C:\Python314\Lib\site-packages\starlette\middleware\base.py", line 193, in __call__
    response = await self.dispatch_func(request, call_next)
               ^^^^^^^^^^^^^^^^^^^^^^^^^^^^^^^^^^^^^^^^^^^^
  File "C:\Python314\Lib\site-packages\slowapi\middleware.py", line 136, in dispatch
    response = await call_next(request)
               ^^^^^^^^^^^^^^^^^^^^^^^^
  File "C:\Python314\Lib\site-packages\starlette\middleware\base.py", line 168, in call_next
    raise app_exc from app_exc.__cause__ or app_exc.__context__
  File "C:\Python314\Lib\site-packages\starlette\middleware\base.py", line 144, in coro
    await self.app(scope, receive_or_disconnect, send_no_error)
  File "C:\Python314\Lib\site-packages\starlette\middleware\exceptions.py", line 63, in __call__
    await wrap_app_handling_exceptions(self.app, conn)(scope, receive, send)
  File "C:\Python314\Lib\site-packages\starlette\_exception_handler.py", line 53, in wrapped_app
    raise exc
  File "C:\Python314\Lib\site-packages\starlette\_exception_handler.py", line 42, in wrapped_app
    await app(scope, receive, sender)
  File "C:\Python314\Lib\site-packages\fastapi\middleware\asyncexitstack.py", line 18, in __call__
    await self.app(scope, receive, send)
  File "C:\Python314\Lib\site-packages\starlette\routing.py", line 716, in __call__
    await self.middleware_stack(scope, receive, send)
  File "C:\Python314\Lib\site-packages\starlette\routing.py", line 736, in app
    await route.handle(scope, receive, send)
  File "C:\Python314\Lib\site-packages\starlette\routing.py", line 290, in handle
    await self.app(scope, receive, send)
  File "C:\Python314\Lib\site-packages\fastapi\routing.py", line 134, in app
    await wrap_app_handling_exceptions(app, request)(scope, receive, send)
  File "C:\Python314\Lib\site-packages\starlette\_exception_handler.py", line 53, in wrapped_app
    raise exc
  File "C:\Python314\Lib\site-packages\starlette\_exception_handler.py", line 42, in wrapped_app
    await app(scope, receive, sender)
  File "C:\Python314\Lib\site-packages\fastapi\routing.py", line 120, in app
    response = await f(request)
               ^^^^^^^^^^^^^^^^
  File "C:\Python314\Lib\site-packages\fastapi\routing.py", line 674, in app
    raw_response = await run_endpoint_function(
                   ^^^^^^^^^^^^^^^^^^^^^^^^^^^^
    ...<3 lines>...
    )
    ^
  File "C:\Python314\Lib\site-packages\fastapi\routing.py", line 328, in run_endpoint_function
    return await dependant.call(**values)
           ^^^^^^^^^^^^^^^^^^^^^^^^^^^^^^
  File "D:\BikeMaster\bike_analyzer\backend\api\routes.py", line 2452, in reset_demo_data
    from scripts.generate_sample_ride import generate_sample_ride
ModuleNotFoundError: No module named 'scripts.generate_sample_ride'

The above exception was the direct cause of the following exception:

client = <starlette.testclient.TestClient object at 0x00000148C399C9E0>

    def test_admin_endpoints(client):
        assert client.get("/api/v1/admin/athletes").status_code == 200
        assert client.get("/api/v1/admin/stats").status_code == 200
        assert client.get("/api/v1/admin/backup").status_code in (200, 404, 500)
        assert client.post("/api/v1/admin/backup/scheduled").status_code in (200, 400, 404, 500)
        assert client.post("/api/v1/admin/indexes").status_code in (200, 400, 500)
>       assert client.post("/api/v1/admin/reset-demo").status_code in (200, 400, 500)
               ^^^^^^^^^^^^^^^^^^^^^^^^^^^^^^^^^^^^^^^

tests\test_routes_coverage_extra.py:297: 
_ _ _ _ _ _ _ _ _ _ _ _ _ _ _ _ _ _ _ _ _ _ _ _ _ _ _ _ _ _ _ _ _ _ _ _ _ _ _ _
C:\Python314\Lib\site-packages\starlette\testclient.py:546: in post
    return super().post(
C:\Python314\Lib\site-packages\httpx\_client.py:1144: in post
    return self.request(
C:\Python314\Lib\site-packages\starlette\testclient.py:445: in request
    return super().request(
C:\Python314\Lib\site-packages\httpx\_client.py:825: in request
    return self.send(request, auth=auth, follow_redirects=follow_redirects)
           ^^^^^^^^^^^^^^^^^^^^^^^^^^^^^^^^^^^^^^^^^^^^^^^^^^^^^^^^^^^^^^^^
C:\Python314\Lib\site-packages\httpx\_client.py:914: in send
    response = self._send_handling_auth(
C:\Python314\Lib\site-packages\httpx\_client.py:942: in _send_handling_auth
    response = self._send_handling_redirects(
C:\Python314\Lib\site-packages\httpx\_client.py:979: in _send_handling_redirects
    response = self._send_single_request(request)
               ^^^^^^^^^^^^^^^^^^^^^^^^^^^^^^^^^^
C:\Python314\Lib\site-packages\httpx\_client.py:1014: in _send_single_request
    response = transport.handle_request(request)
               ^^^^^^^^^^^^^^^^^^^^^^^^^^^^^^^^^
C:\Python314\Lib\site-packages\starlette\testclient.py:348: in handle_request
    raise exc
C:\Python314\Lib\site-packages\starlette\testclient.py:345: in handle_request
    portal.call(self.app, scope, receive, send)
C:\Python314\Lib\site-packages\anyio\from_thread.py:334: in call
    return cast(T_Retval, self.start_task_soon(func, *args).result())
                          ^^^^^^^^^^^^^^^^^^^^^^^^^^^^^^^^^^^^^^^^^^
C:\Python314\Lib\concurrent\futures\_base.py:450: in result
    return self.__get_result()
           ^^^^^^^^^^^^^^^^^^^
C:\Python314\Lib\concurrent\futures\_base.py:395: in __get_result
    raise self._exception
C:\Python314\Lib\site-packages\anyio\from_thread.py:259: in _call_func
    retval = await retval_or_awaitable
             ^^^^^^^^^^^^^^^^^^^^^^^^^
C:\Python314\Lib\site-packages\fastapi\applications.py:1159: in __call__
    await super().__call__(scope, receive, send)
C:\Python314\Lib\site-packages\starlette\applications.py:107: in __call__
    await self.middleware_stack(scope, receive, send)
C:\Python314\Lib\site-packages\starlette\middleware\errors.py:186: in __call__
    raise exc
C:\Python314\Lib\site-packages\starlette\middleware\errors.py:164: in __call__
    await self.app(scope, receive, _send)
C:\Python314\Lib\site-packages\starlette\middleware\cors.py:87: in __call__
    await self.app(scope, receive, send)
C:\Python314\Lib\site-packages\starlette\middleware\base.py:191: in __call__
    with recv_stream, send_stream, collapse_excgroups():
                                   ^^^^^^^^^^^^^^^^^^^^
C:\Python314\Lib\contextlib.py:162: in __exit__
    self.gen.throw(value)
C:\Python314\Lib\site-packages\starlette\_utils.py:87: in collapse_excgroups
    raise exc
C:\Python314\Lib\site-packages\starlette\middleware\base.py:193: in __call__
    response = await self.dispatch_func(request, call_next)
               ^^^^^^^^^^^^^^^^^^^^^^^^^^^^^^^^^^^^^^^^^^^^
bike_analyzer\backend\api\app_factory.py:249: in add_security_headers
    response = await call_next(request)
               ^^^^^^^^^^^^^^^^^^^^^^^^
C:\Python314\Lib\site-packages\starlette\middleware\base.py:168: in call_next
    raise app_exc from app_exc.__cause__ or app_exc.__context__
C:\Python314\Lib\site-packages\starlette\middleware\base.py:144: in coro
    await self.app(scope, receive_or_disconnect, send_no_error)
C:\Python314\Lib\site-packages\starlette\middleware\base.py:191: in __call__
    with recv_stream, send_stream, collapse_excgroups():
                                   ^^^^^^^^^^^^^^^^^^^^
C:\Python314\Lib\contextlib.py:162: in __exit__
    self.gen.throw(value)
C:\Python314\Lib\site-packages\starlette\_utils.py:87: in collapse_excgroups
    raise exc
C:\Python314\Lib\site-packages\starlette\middleware\base.py:193: in __call__
    response = await self.dispatch_func(request, call_next)
               ^^^^^^^^^^^^^^^^^^^^^^^^^^^^^^^^^^^^^^^^^^^^
bike_analyzer\backend\api\app_factory.py:224: in audit_log_middleware
    response = await call_next(request)
               ^^^^^^^^^^^^^^^^^^^^^^^^
C:\Python314\Lib\site-packages\starlette\middleware\base.py:168: in call_next
    raise app_exc from app_exc.__cause__ or app_exc.__context__
C:\Python314\Lib\site-packages\starlette\middleware\base.py:144: in coro
    await self.app(scope, receive_or_disconnect, send_no_error)
C:\Python314\Lib\site-packages\starlette\middleware\base.py:191: in __call__
    with recv_stream, send_stream, collapse_excgroups():
                                   ^^^^^^^^^^^^^^^^^^^^
C:\Python314\Lib\contextlib.py:162: in __exit__
    self.gen.throw(value)
C:\Python314\Lib\site-packages\starlette\_utils.py:87: in collapse_excgroups
    raise exc
C:\Python314\Lib\site-packages\starlette\middleware\base.py:193: in __call__
    response = await self.dispatch_func(request, call_next)
               ^^^^^^^^^^^^^^^^^^^^^^^^^^^^^^^^^^^^^^^^^^^^
bike_analyzer\backend\api\app_factory.py:199: in user_api_keys_middleware
    response = await call_next(request)
               ^^^^^^^^^^^^^^^^^^^^^^^^
C:\Python314\Lib\site-packages\starlette\middleware\base.py:168: in call_next
    raise app_exc from app_exc.__cause__ or app_exc.__context__
C:\Python314\Lib\site-packages\starlette\middleware\base.py:144: in coro
    await self.app(scope, receive_or_disconnect, send_no_error)
C:\Python314\Lib\site-packages\starlette\middleware\base.py:191: in __call__
    with recv_stream, send_stream, collapse_excgroups():
                                   ^^^^^^^^^^^^^^^^^^^^
C:\Python314\Lib\contextlib.py:162: in __exit__
    self.gen.throw(value)
C:\Python314\Lib\site-packages\starlette\_utils.py:87: in collapse_excgroups
    raise exc
C:\Python314\Lib\site-packages\starlette\middleware\base.py:193: in __call__
    response = await self.dispatch_func(request, call_next)
               ^^^^^^^^^^^^^^^^^^^^^^^^^^^^^^^^^^^^^^^^^^^^
bike_analyzer\backend\api\app_factory.py:183: in correlation_id_middleware
    response = await call_next(request)
               ^^^^^^^^^^^^^^^^^^^^^^^^
C:\Python314\Lib\site-packages\starlette\middleware\base.py:168: in call_next
    raise app_exc from app_exc.__cause__ or app_exc.__context__
C:\Python314\Lib\site-packages\starlette\middleware\base.py:144: in coro
    await self.app(scope, receive_or_disconnect, send_no_error)
bike_analyzer\backend\monitoring.py:315: in __call__
    await self.app(scope, receive, send_with_metrics)
C:\Python314\Lib\site-packages\starlette\middleware\base.py:191: in __call__
    with recv_stream, send_stream, collapse_excgroups():
                                   ^^^^^^^^^^^^^^^^^^^^
C:\Python314\Lib\contextlib.py:162: in __exit__
    self.gen.throw(value)
C:\Python314\Lib\site-packages\starlette\_utils.py:87: in collapse_excgroups
    raise exc
C:\Python314\Lib\site-packages\starlette\middleware\base.py:193: in __call__
    response = await self.dispatch_func(request, call_next)
               ^^^^^^^^^^^^^^^^^^^^^^^^^^^^^^^^^^^^^^^^^^^^
C:\Python314\Lib\site-packages\slowapi\middleware.py:136: in dispatch
    response = await call_next(request)
               ^^^^^^^^^^^^^^^^^^^^^^^^
C:\Python314\Lib\site-packages\starlette\middleware\base.py:168: in call_next
    raise app_exc from app_exc.__cause__ or app_exc.__context__
C:\Python314\Lib\site-packages\starlette\middleware\base.py:144: in coro
    await self.app(scope, receive_or_disconnect, send_no_error)
C:\Python314\Lib\site-packages\starlette\middleware\exceptions.py:63: in __call__
    await wrap_app_handling_exceptions(self.app, conn)(scope, receive, send)
C:\Python314\Lib\site-packages\starlette\_exception_handler.py:53: in wrapped_app
    raise exc
C:\Python314\Lib\site-packages\starlette\_exception_handler.py:42: in wrapped_app
    await app(scope, receive, sender)
C:\Python314\Lib\site-packages\fastapi\middleware\asyncexitstack.py:18: in __call__
    await self.app(scope, receive, send)
C:\Python314\Lib\site-packages\starlette\routing.py:716: in __call__
    await self.middleware_stack(scope, receive, send)
C:\Python314\Lib\site-packages\starlette\routing.py:736: in app
    await route.handle(scope, receive, send)
C:\Python314\Lib\site-packages\starlette\routing.py:290: in handle
    await self.app(scope, receive, send)
C:\Python314\Lib\site-packages\fastapi\routing.py:134: in app
    await wrap_app_handling_exceptions(app, request)(scope, receive, send)
C:\Python314\Lib\site-packages\starlette\_exception_handler.py:53: in wrapped_app
    raise exc
C:\Python314\Lib\site-packages\starlette\_exception_handler.py:42: in wrapped_app
    await app(scope, receive, sender)
C:\Python314\Lib\site-packages\fastapi\routing.py:120: in app
    response = await f(request)
               ^^^^^^^^^^^^^^^^
C:\Python314\Lib\site-packages\fastapi\routing.py:674: in app
    raw_response = await run_endpoint_function(
C:\Python314\Lib\site-packages\fastapi\routing.py:328: in run_endpoint_function
    return await dependant.call(**values)
           ^^^^^^^^^^^^^^^^^^^^^^^^^^^^^^
_ _ _ _ _ _ _ _ _ _ _ _ _ _ _ _ _ _ _ _ _ _ _ _ _ _ _ _ _ _ _ _ _ _ _ _ _ _ _ _

current_user = {'id': 0, 'is_admin': True}

    @admin_router.post("/reset-demo")
    async def reset_demo_data(current_user: dict = Depends(get_admin_user)):
        from ..db.database import delete_ride, get_all_rides
    
        rides = get_all_rides()
        for r in rides:
            if "demo" in r.get("date", ""):
                delete_ride(r["id"])
>       from scripts.generate_sample_ride import generate_sample_ride
E       ModuleNotFoundError: No module named 'scripts.generate_sample_ride'

bike_analyzer\backend\api\routes.py:2452: ModuleNotFoundError
------------------------------ Captured log call ------------------------------
WARNING  bike_analyzer.backend.redis_client:redis_client.py:64 Redis unavailable: Error 11001 connecting to red-d8qnqf8g4nts739ddi90:6379. 11001. � cache disabled
ERROR    bike_analyzer.backend.api.app_factory:app_factory.py:185 Unhandled exception for request_id=d6b897ba-8452-4c2c-8dbc-c37918c8a4be
  + Exception Group Traceback (most recent call last):
  |   File "C:\Python314\Lib\site-packages\starlette\_utils.py", line 81, in collapse_excgroups
  |     yield
  |   File "C:\Python314\Lib\site-packages\starlette\middleware\base.py", line 192, in __call__
  |     async with anyio.create_task_group() as task_group:
  |                ~~~~~~~~~~~~~~~~~~~~~~~^^
  |   File "C:\Python314\Lib\site-packages\anyio\_backends\_asyncio.py", line 799, in __aexit__
  |     raise BaseExceptionGroup(
  |         "unhandled errors in a TaskGroup", self._exceptions
  |     ) from None
  | ExceptionGroup: unhandled errors in a TaskGroup (1 sub-exception)
  +-+---------------- 1 ----------------
    | Traceback (most recent call last):
    |   File "D:\BikeMaster\bike_analyzer\backend\api\app_factory.py", line 183, in correlation_id_middleware
    |     response = await call_next(request)
    |                ^^^^^^^^^^^^^^^^^^^^^^^^
    |   File "C:\Python314\Lib\site-packages\starlette\middleware\base.py", line 168, in call_next
    |     raise app_exc from app_exc.__cause__ or app_exc.__context__
    |   File "C:\Python314\Lib\site-packages\starlette\middleware\base.py", line 144, in coro
    |     await self.app(scope, receive_or_disconnect, send_no_error)
    |   File "D:\BikeMaster\bike_analyzer\backend\monitoring.py", line 315, in __call__
    |     await self.app(scope, receive, send_with_metrics)
    |   File "C:\Python314\Lib\site-packages\starlette\middleware\base.py", line 191, in __call__
    |     with recv_stream, send_stream, collapse_excgroups():
    |                                    ~~~~~~~~~~~~~~~~~~^^
    |   File "C:\Python314\Lib\contextlib.py", line 162, in __exit__
    |     self.gen.throw(value)
    |     ~~~~~~~~~~~~~~^^^^^^^
    |   File "C:\Python314\Lib\site-packages\starlette\_utils.py", line 87, in collapse_excgroups
    |     raise exc
    |   File "C:\Python314\Lib\site-packages\starlette\middleware\base.py", line 193, in __call__
    |     response = await self.dispatch_func(request, call_next)
    |                ^^^^^^^^^^^^^^^^^^^^^^^^^^^^^^^^^^^^^^^^^^^^
    |   File "C:\Python314\Lib\site-packages\slowapi\middleware.py", line 136, in dispatch
    |     response = await call_next(request)
    |                ^^^^^^^^^^^^^^^^^^^^^^^^
    |   File "C:\Python314\Lib\site-packages\starlette\middleware\base.py", line 168, in call_next
    |     raise app_exc from app_exc.__cause__ or app_exc.__context__
    |   File "C:\Python314\Lib\site-packages\starlette\middleware\base.py", line 144, in coro
    |     await self.app(scope, receive_or_disconnect, send_no_error)
    |   File "C:\Python314\Lib\site-packages\starlette\middleware\exceptions.py", line 63, in __call__
    |     await wrap_app_handling_exceptions(self.app, conn)(scope, receive, send)
    |   File "C:\Python314\Lib\site-packages\starlette\_exception_handler.py", line 53, in wrapped_app
    |     raise exc
    |   File "C:\Python314\Lib\site-packages\starlette\_exception_handler.py", line 42, in wrapped_app
    |     await app(scope, receive, sender)
    |   File "C:\Python314\Lib\site-packages\fastapi\middleware\asyncexitstack.py", line 18, in __call__
    |     await self.app(scope, receive, send)
    |   File "C:\Python314\Lib\site-packages\starlette\routing.py", line 716, in __call__
    |     await self.middleware_stack(scope, receive, send)
    |   File "C:\Python314\Lib\site-packages\starlette\routing.py", line 736, in app
    |     await route.handle(scope, receive, send)
    |   File "C:\Python314\Lib\site-packages\starlette\routing.py", line 290, in handle
    |     await self.app(scope, receive, send)
    |   File "C:\Python314\Lib\site-packages\fastapi\routing.py", line 134, in app
    |     await wrap_app_handling_exceptions(app, request)(scope, receive, send)
    |   File "C:\Python314\Lib\site-packages\starlette\_exception_handler.py", line 53, in wrapped_app
    |     raise exc
    |   File "C:\Python314\Lib\site-packages\starlette\_exception_handler.py", line 42, in wrapped_app
    |     await app(scope, receive, sender)
    |   File "C:\Python314\Lib\site-packages\fastapi\routing.py", line 120, in app
    |     response = await f(request)
    |                ^^^^^^^^^^^^^^^^
    |   File "C:\Python314\Lib\site-packages\fastapi\routing.py", line 674, in app
    |     raw_response = await run_endpoint_function(
    |                    ^^^^^^^^^^^^^^^^^^^^^^^^^^^^
    |     ...<3 lines>...
    |     )
    |     ^
    |   File "C:\Python314\Lib\site-packages\fastapi\routing.py", line 328, in run_endpoint_function
    |     return await dependant.call(**values)
    |            ^^^^^^^^^^^^^^^^^^^^^^^^^^^^^^
    |   File "D:\BikeMaster\bike_analyzer\backend\api\routes.py", line 2452, in reset_demo_data
    |     from scripts.generate_sample_ride import generate_sample_ride
    | ModuleNotFoundError: No module named 'scripts.generate_sample_ride'
    +------------------------------------

The above exception was the direct cause of the following exception:

Traceback (most recent call last):
  File "D:\BikeMaster\bike_analyzer\backend\api\app_factory.py", line 183, in correlation_id_middleware
    response = await call_next(request)
               ^^^^^^^^^^^^^^^^^^^^^^^^
  File "C:\Python314\Lib\site-packages\starlette\middleware\base.py", line 168, in call_next
    raise app_exc from app_exc.__cause__ or app_exc.__context__
  File "C:\Python314\Lib\site-packages\starlette\middleware\base.py", line 144, in coro
    await self.app(scope, receive_or_disconnect, send_no_error)
  File "D:\BikeMaster\bike_analyzer\backend\monitoring.py", line 315, in __call__
    await self.app(scope, receive, send_with_metrics)
  File "C:\Python314\Lib\site-packages\starlette\middleware\base.py", line 191, in __call__
    with recv_stream, send_stream, collapse_excgroups():
                                   ~~~~~~~~~~~~~~~~~~^^
  File "C:\Python314\Lib\contextlib.py", line 162, in __exit__
    self.gen.throw(value)
    ~~~~~~~~~~~~~~^^^^^^^
  File "C:\Python314\Lib\site-packages\starlette\_utils.py", line 87, in collapse_excgroups
    raise exc
  File "C:\Python314\Lib\site-packages\starlette\middleware\base.py", line 193, in __call__
    response = await self.dispatch_func(request, call_next)
               ^^^^^^^^^^^^^^^^^^^^^^^^^^^^^^^^^^^^^^^^^^^^
  File "C:\Python314\Lib\site-packages\slowapi\middleware.py", line 136, in dispatch
    response = await call_next(request)
               ^^^^^^^^^^^^^^^^^^^^^^^^
  File "C:\Python314\Lib\site-packages\starlette\middleware\base.py", line 168, in call_next
    raise app_exc from app_exc.__cause__ or app_exc.__context__
  File "C:\Python314\Lib\site-packages\starlette\middleware\base.py", line 144, in coro
    await self.app(scope, receive_or_disconnect, send_no_error)
  File "C:\Python314\Lib\site-packages\starlette\middleware\exceptions.py", line 63, in __call__
    await wrap_app_handling_exceptions(self.app, conn)(scope, receive, send)
  File "C:\Python314\Lib\site-packages\starlette\_exception_handler.py", line 53, in wrapped_app
    raise exc
  File "C:\Python314\Lib\site-packages\starlette\_exception_handler.py", line 42, in wrapped_app
    await app(scope, receive, sender)
  File "C:\Python314\Lib\site-packages\fastapi\middleware\asyncexitstack.py", line 18, in __call__
    await self.app(scope, receive, send)
  File "C:\Python314\Lib\site-packages\starlette\routing.py", line 716, in __call__
    await self.middleware_stack(scope, receive, send)
  File "C:\Python314\Lib\site-packages\starlette\routing.py", line 736, in app
    await route.handle(scope, receive, send)
  File "C:\Python314\Lib\site-packages\starlette\routing.py", line 290, in handle
    await self.app(scope, receive, send)
  File "C:\Python314\Lib\site-packages\fastapi\routing.py", line 134, in app
    await wrap_app_handling_exceptions(app, request)(scope, receive, send)
  File "C:\Python314\Lib\site-packages\starlette\_exception_handler.py", line 53, in wrapped_app
    raise exc
  File "C:\Python314\Lib\site-packages\starlette\_exception_handler.py", line 42, in wrapped_app
    await app(scope, receive, sender)
  File "C:\Python314\Lib\site-packages\fastapi\routing.py", line 120, in app
    response = await f(request)
               ^^^^^^^^^^^^^^^^
  File "C:\Python314\Lib\site-packages\fastapi\routing.py", line 674, in app
    raw_response = await run_endpoint_function(
                   ^^^^^^^^^^^^^^^^^^^^^^^^^^^^
    ...<3 lines>...
    )
    ^
  File "C:\Python314\Lib\site-packages\fastapi\routing.py", line 328, in run_endpoint_function
    return await dependant.call(**values)
           ^^^^^^^^^^^^^^^^^^^^^^^^^^^^^^
  File "D:\BikeMaster\bike_analyzer\backend\api\routes.py", line 2452, in reset_demo_data
    from scripts.generate_sample_ride import generate_sample_ride
ModuleNotFoundError: No module named 'scripts.generate_sample_ride'
___________________________ test_health_and_config ____________________________
  + Exception Group Traceback (most recent call last):
  |   File "C:\Python314\Lib\site-packages\starlette\_utils.py", line 81, in collapse_excgroups
  |     yield
  |   File "C:\Python314\Lib\site-packages\starlette\middleware\base.py", line 192, in __call__
  |     async with anyio.create_task_group() as task_group:
  |                ~~~~~~~~~~~~~~~~~~~~~~~^^
  |   File "C:\Python314\Lib\site-packages\anyio\_backends\_asyncio.py", line 799, in __aexit__
  |     raise BaseExceptionGroup(
  |         "unhandled errors in a TaskGroup", self._exceptions
  |     ) from None
  | ExceptionGroup: unhandled errors in a TaskGroup (1 sub-exception)
  +-+---------------- 1 ----------------
    | Traceback (most recent call last):
    |   File "C:\Python314\Lib\site-packages\_pytest\runner.py", line 344, in from_call
    |     result: TResult | None = func()
    |                              ~~~~^^
    |   File "C:\Python314\Lib\site-packages\_pytest\runner.py", line 246, in <lambda>
    |     lambda: runtest_hook(item=item, **kwds), when=when, reraise=reraise
    |             ~~~~~~~~~~~~^^^^^^^^^^^^^^^^^^^
    |   File "C:\Python314\Lib\site-packages\pluggy\_hooks.py", line 512, in __call__
    |     return self._hookexec(self.name, self._hookimpls.copy(), kwargs, firstresult)
    |            ~~~~~~~~~~~~~~^^^^^^^^^^^^^^^^^^^^^^^^^^^^^^^^^^^^^^^^^^^^^^^^^^^^^^^^
    |   File "C:\Python314\Lib\site-packages\pluggy\_manager.py", line 120, in _hookexec
    |     return self._inner_hookexec(hook_name, methods, kwargs, firstresult)
    |            ~~~~~~~~~~~~~~~~~~~~^^^^^^^^^^^^^^^^^^^^^^^^^^^^^^^^^^^^^^^^^
    |   File "C:\Python314\Lib\site-packages\pluggy\_callers.py", line 167, in _multicall
    |     raise exception
    |   File "C:\Python314\Lib\site-packages\pluggy\_callers.py", line 139, in _multicall
    |     teardown.throw(exception)
    |     ~~~~~~~~~~~~~~^^^^^^^^^^^
    |   File "C:\Python314\Lib\site-packages\_pytest\logging.py", line 850, in pytest_runtest_call
    |     yield
    |   File "C:\Python314\Lib\site-packages\pluggy\_callers.py", line 139, in _multicall
    |     teardown.throw(exception)
    |     ~~~~~~~~~~~~~~^^^^^^^^^^^
    |   File "C:\Python314\Lib\site-packages\pluggy\_callers.py", line 53, in run_old_style_hookwrapper
    |     return result.get_result()
    |            ~~~~~~~~~~~~~~~~~^^
    |   File "C:\Python314\Lib\site-packages\pluggy\_result.py", line 103, in get_result
    |     raise exc.with_traceback(tb)
    |   File "C:\Python314\Lib\site-packages\pluggy\_callers.py", line 38, in run_old_style_hookwrapper
    |     res = yield
    |           ^^^^^
    |   File "C:\Python314\Lib\site-packages\pluggy\_callers.py", line 139, in _multicall
    |     teardown.throw(exception)
    |     ~~~~~~~~~~~~~~^^^^^^^^^^^
    |   File "C:\Python314\Lib\site-packages\_pytest\capture.py", line 900, in pytest_runtest_call
    |     return (yield)
    |             ^^^^^
    |   File "C:\Python314\Lib\site-packages\pluggy\_callers.py", line 139, in _multicall
    |     teardown.throw(exception)
    |     ~~~~~~~~~~~~~~^^^^^^^^^^^
    |   File "C:\Python314\Lib\site-packages\pluggy\_callers.py", line 53, in run_old_style_hookwrapper
    |     return result.get_result()
    |            ~~~~~~~~~~~~~~~~~^^
    |   File "C:\Python314\Lib\site-packages\pluggy\_result.py", line 103, in get_result
    |     raise exc.with_traceback(tb)
    |   File "C:\Python314\Lib\site-packages\pluggy\_callers.py", line 38, in run_old_style_hookwrapper
    |     res = yield
    |           ^^^^^
    |   File "C:\Python314\Lib\site-packages\pluggy\_callers.py", line 139, in _multicall
    |     teardown.throw(exception)
    |     ~~~~~~~~~~~~~~^^^^^^^^^^^
    |   File "C:\Python314\Lib\site-packages\_pytest\skipping.py", line 263, in pytest_runtest_call
    |     return (yield)
    |             ^^^^^
    |   File "C:\Python314\Lib\site-packages\pluggy\_callers.py", line 121, in _multicall
    |     res = hook_impl.function(*args)
    |   File "C:\Python314\Lib\site-packages\_pytest\runner.py", line 178, in pytest_runtest_call
    |     item.runtest()
    |     ~~~~~~~~~~~~^^
    |   File "C:\Python314\Lib\site-packages\_pytest\python.py", line 1671, in runtest
    |     self.ihook.pytest_pyfunc_call(pyfuncitem=self)
    |     ~~~~~~~~~~~~~~~~~~~~~~~~~~~~~^^^^^^^^^^^^^^^^^
    |   File "C:\Python314\Lib\site-packages\pluggy\_hooks.py", line 512, in __call__
    |     return self._hookexec(self.name, self._hookimpls.copy(), kwargs, firstresult)
    |            ~~~~~~~~~~~~~~^^^^^^^^^^^^^^^^^^^^^^^^^^^^^^^^^^^^^^^^^^^^^^^^^^^^^^^^
    |   File "C:\Python314\Lib\site-packages\pluggy\_manager.py", line 120, in _hookexec
    |     return self._inner_hookexec(hook_name, methods, kwargs, firstresult)
    |            ~~~~~~~~~~~~~~~~~~~~^^^^^^^^^^^^^^^^^^^^^^^^^^^^^^^^^^^^^^^^^
    |   File "C:\Python314\Lib\site-packages\pluggy\_callers.py", line 167, in _multicall
    |     raise exception
    |   File "C:\Python314\Lib\site-packages\pluggy\_callers.py", line 139, in _multicall
    |     teardown.throw(exception)
    |     ~~~~~~~~~~~~~~^^^^^^^^^^^
    |   File "C:\Python314\Lib\site-packages\pluggy\_callers.py", line 53, in run_old_style_hookwrapper
    |     return result.get_result()
    |            ~~~~~~~~~~~~~~~~~^^
    |   File "C:\Python314\Lib\site-packages\pluggy\_result.py", line 103, in get_result
    |     raise exc.with_traceback(tb)
    |   File "C:\Python314\Lib\site-packages\pluggy\_callers.py", line 38, in run_old_style_hookwrapper
    |     res = yield
    |           ^^^^^
    |   File "C:\Python314\Lib\site-packages\pluggy\_callers.py", line 121, in _multicall
    |     res = hook_impl.function(*args)
    |   File "C:\Python314\Lib\site-packages\_pytest\python.py", line 157, in pytest_pyfunc_call
    |     result = testfunction(**testargs)
    |   File "D:\BikeMaster\tests\test_routes_coverage_extra.py", line 315, in test_health_and_config
    |     sentry = client.get("/api/v1/sentry-debug")
    |   File "C:\Python314\Lib\site-packages\starlette\testclient.py", line 473, in get
    |     return super().get(
    |            ~~~~~~~~~~~^
    |         url,
    |         ^^^^
    |     ...<6 lines>...
    |         extensions=extensions,
    |         ^^^^^^^^^^^^^^^^^^^^^^
    |     )
    |     ^
    |   File "C:\Python314\Lib\site-packages\httpx\_client.py", line 1053, in get
    |     return self.request(
    |            ~~~~~~~~~~~~^
    |         "GET",
    |         ^^^^^^
    |     ...<7 lines>...
    |         extensions=extensions,
    |         ^^^^^^^^^^^^^^^^^^^^^^
    |     )
    |     ^
    |   File "C:\Python314\Lib\site-packages\starlette\testclient.py", line 445, in request
    |     return super().request(
    |            ~~~~~~~~~~~~~~~^
    |         method,
    |         ^^^^^^^
    |     ...<11 lines>...
    |         extensions=extensions,
    |         ^^^^^^^^^^^^^^^^^^^^^^
    |     )
    |     ^
    |   File "C:\Python314\Lib\site-packages\httpx\_client.py", line 825, in request
    |     return self.send(request, auth=auth, follow_redirects=follow_redirects)
    |            ~~~~~~~~~^^^^^^^^^^^^^^^^^^^^^^^^^^^^^^^^^^^^^^^^^^^^^^^^^^^^^^^
    |   File "C:\Python314\Lib\site-packages\httpx\_client.py", line 914, in send
    |     response = self._send_handling_auth(
    |         request,
    |     ...<2 lines>...
    |         history=[],
    |     )
    |   File "C:\Python314\Lib\site-packages\httpx\_client.py", line 942, in _send_handling_auth
    |     response = self._send_handling_redirects(
    |         request,
    |         follow_redirects=follow_redirects,
    |         history=history,
    |     )
    |   File "C:\Python314\Lib\site-packages\httpx\_client.py", line 979, in _send_handling_redirects
    |     response = self._send_single_request(request)
    |   File "C:\Python314\Lib\site-packages\httpx\_client.py", line 1014, in _send_single_request
    |     response = transport.handle_request(request)
    |   File "C:\Python314\Lib\site-packages\starlette\testclient.py", line 348, in handle_request
    |     raise exc
    |   File "C:\Python314\Lib\site-packages\starlette\testclient.py", line 345, in handle_request
    |     portal.call(self.app, scope, receive, send)
    |     ~~~~~~~~~~~^^^^^^^^^^^^^^^^^^^^^^^^^^^^^^^^
    |   File "C:\Python314\Lib\site-packages\anyio\from_thread.py", line 334, in call
    |     return cast(T_Retval, self.start_task_soon(func, *args).result())
    |                           ~~~~~~~~~~~~~~~~~~~~~~~~~~~~~~~~~~~~~~~~^^
    |   File "C:\Python314\Lib\concurrent\futures\_base.py", line 450, in result
    |     return self.__get_result()
    |            ~~~~~~~~~~~~~~~~~^^
    |   File "C:\Python314\Lib\concurrent\futures\_base.py", line 395, in __get_result
    |     raise self._exception
    |   File "C:\Python314\Lib\site-packages\anyio\from_thread.py", line 259, in _call_func
    |     retval = await retval_or_awaitable
    |              ^^^^^^^^^^^^^^^^^^^^^^^^^
    |   File "C:\Python314\Lib\site-packages\fastapi\applications.py", line 1159, in __call__
    |     await super().__call__(scope, receive, send)
    |   File "C:\Python314\Lib\site-packages\starlette\applications.py", line 107, in __call__
    |     await self.middleware_stack(scope, receive, send)
    |   File "C:\Python314\Lib\site-packages\starlette\middleware\errors.py", line 186, in __call__
    |     raise exc
    |   File "C:\Python314\Lib\site-packages\starlette\middleware\errors.py", line 164, in __call__
    |     await self.app(scope, receive, _send)
    |   File "C:\Python314\Lib\site-packages\starlette\middleware\cors.py", line 87, in __call__
    |     await self.app(scope, receive, send)
    |   File "C:\Python314\Lib\site-packages\starlette\middleware\base.py", line 191, in __call__
    |     with recv_stream, send_stream, collapse_excgroups():
    |                                    ~~~~~~~~~~~~~~~~~~^^
    |   File "C:\Python314\Lib\contextlib.py", line 162, in __exit__
    |     self.gen.throw(value)
    |     ~~~~~~~~~~~~~~^^^^^^^
    |   File "C:\Python314\Lib\site-packages\starlette\_utils.py", line 87, in collapse_excgroups
    |     raise exc
    |   File "C:\Python314\Lib\site-packages\starlette\middleware\base.py", line 193, in __call__
    |     response = await self.dispatch_func(request, call_next)
    |                ^^^^^^^^^^^^^^^^^^^^^^^^^^^^^^^^^^^^^^^^^^^^
    |   File "D:\BikeMaster\bike_analyzer\backend\api\app_factory.py", line 249, in add_security_headers
    |     response = await call_next(request)
    |                ^^^^^^^^^^^^^^^^^^^^^^^^
    |   File "C:\Python314\Lib\site-packages\starlette\middleware\base.py", line 168, in call_next
    |     raise app_exc from app_exc.__cause__ or app_exc.__context__
    |   File "C:\Python314\Lib\site-packages\starlette\middleware\base.py", line 144, in coro
    |     await self.app(scope, receive_or_disconnect, send_no_error)
    |   File "C:\Python314\Lib\site-packages\starlette\middleware\base.py", line 191, in __call__
    |     with recv_stream, send_stream, collapse_excgroups():
    |                                    ~~~~~~~~~~~~~~~~~~^^
    |   File "C:\Python314\Lib\contextlib.py", line 162, in __exit__
    |     self.gen.throw(value)
    |     ~~~~~~~~~~~~~~^^^^^^^
    |   File "C:\Python314\Lib\site-packages\starlette\_utils.py", line 87, in collapse_excgroups
    |     raise exc
    |   File "C:\Python314\Lib\site-packages\starlette\middleware\base.py", line 193, in __call__
    |     response = await self.dispatch_func(request, call_next)
    |                ^^^^^^^^^^^^^^^^^^^^^^^^^^^^^^^^^^^^^^^^^^^^
    |   File "D:\BikeMaster\bike_analyzer\backend\api\app_factory.py", line 224, in audit_log_middleware
    |     response = await call_next(request)
    |                ^^^^^^^^^^^^^^^^^^^^^^^^
    |   File "C:\Python314\Lib\site-packages\starlette\middleware\base.py", line 168, in call_next
    |     raise app_exc from app_exc.__cause__ or app_exc.__context__
    |   File "C:\Python314\Lib\site-packages\starlette\middleware\base.py", line 144, in coro
    |     await self.app(scope, receive_or_disconnect, send_no_error)
    |   File "C:\Python314\Lib\site-packages\starlette\middleware\base.py", line 191, in __call__
    |     with recv_stream, send_stream, collapse_excgroups():
    |                                    ~~~~~~~~~~~~~~~~~~^^
    |   File "C:\Python314\Lib\contextlib.py", line 162, in __exit__
    |     self.gen.throw(value)
    |     ~~~~~~~~~~~~~~^^^^^^^
    |   File "C:\Python314\Lib\site-packages\starlette\_utils.py", line 87, in collapse_excgroups
    |     raise exc
    |   File "C:\Python314\Lib\site-packages\starlette\middleware\base.py", line 193, in __call__
    |     response = await self.dispatch_func(request, call_next)
    |                ^^^^^^^^^^^^^^^^^^^^^^^^^^^^^^^^^^^^^^^^^^^^
    |   File "D:\BikeMaster\bike_analyzer\backend\api\app_factory.py", line 199, in user_api_keys_middleware
    |     response = await call_next(request)
    |                ^^^^^^^^^^^^^^^^^^^^^^^^
    |   File "C:\Python314\Lib\site-packages\starlette\middleware\base.py", line 168, in call_next
    |     raise app_exc from app_exc.__cause__ or app_exc.__context__
    |   File "C:\Python314\Lib\site-packages\starlette\middleware\base.py", line 144, in coro
    |     await self.app(scope, receive_or_disconnect, send_no_error)
    |   File "C:\Python314\Lib\site-packages\starlette\middleware\base.py", line 191, in __call__
    |     with recv_stream, send_stream, collapse_excgroups():
    |                                    ~~~~~~~~~~~~~~~~~~^^
    |   File "C:\Python314\Lib\contextlib.py", line 162, in __exit__
    |     self.gen.throw(value)
    |     ~~~~~~~~~~~~~~^^^^^^^
    |   File "C:\Python314\Lib\site-packages\starlette\_utils.py", line 87, in collapse_excgroups
    |     raise exc
    |   File "C:\Python314\Lib\site-packages\starlette\middleware\base.py", line 193, in __call__
    |     response = await self.dispatch_func(request, call_next)
    |                ^^^^^^^^^^^^^^^^^^^^^^^^^^^^^^^^^^^^^^^^^^^^
    |   File "D:\BikeMaster\bike_analyzer\backend\api\app_factory.py", line 183, in correlation_id_middleware
    |     response = await call_next(request)
    |                ^^^^^^^^^^^^^^^^^^^^^^^^
    |   File "C:\Python314\Lib\site-packages\starlette\middleware\base.py", line 168, in call_next
    |     raise app_exc from app_exc.__cause__ or app_exc.__context__
    |   File "C:\Python314\Lib\site-packages\starlette\middleware\base.py", line 144, in coro
    |     await self.app(scope, receive_or_disconnect, send_no_error)
    |   File "D:\BikeMaster\bike_analyzer\backend\monitoring.py", line 315, in __call__
    |     await self.app(scope, receive, send_with_metrics)
    |   File "C:\Python314\Lib\site-packages\starlette\middleware\base.py", line 191, in __call__
    |     with recv_stream, send_stream, collapse_excgroups():
    |                                    ~~~~~~~~~~~~~~~~~~^^
    |   File "C:\Python314\Lib\contextlib.py", line 162, in __exit__
    |     self.gen.throw(value)
    |     ~~~~~~~~~~~~~~^^^^^^^
    |   File "C:\Python314\Lib\site-packages\starlette\_utils.py", line 87, in collapse_excgroups
    |     raise exc
    |   File "C:\Python314\Lib\site-packages\starlette\middleware\base.py", line 193, in __call__
    |     response = await self.dispatch_func(request, call_next)
    |                ^^^^^^^^^^^^^^^^^^^^^^^^^^^^^^^^^^^^^^^^^^^^
    |   File "C:\Python314\Lib\site-packages\slowapi\middleware.py", line 136, in dispatch
    |     response = await call_next(request)
    |                ^^^^^^^^^^^^^^^^^^^^^^^^
    |   File "C:\Python314\Lib\site-packages\starlette\middleware\base.py", line 168, in call_next
    |     raise app_exc from app_exc.__cause__ or app_exc.__context__
    |   File "C:\Python314\Lib\site-packages\starlette\middleware\base.py", line 144, in coro
    |     await self.app(scope, receive_or_disconnect, send_no_error)
    |   File "C:\Python314\Lib\site-packages\starlette\middleware\exceptions.py", line 63, in __call__
    |     await wrap_app_handling_exceptions(self.app, conn)(scope, receive, send)
    |   File "C:\Python314\Lib\site-packages\starlette\_exception_handler.py", line 53, in wrapped_app
    |     raise exc
    |   File "C:\Python314\Lib\site-packages\starlette\_exception_handler.py", line 42, in wrapped_app
    |     await app(scope, receive, sender)
    |   File "C:\Python314\Lib\site-packages\fastapi\middleware\asyncexitstack.py", line 18, in __call__
    |     await self.app(scope, receive, send)
    |   File "C:\Python314\Lib\site-packages\starlette\routing.py", line 716, in __call__
    |     await self.middleware_stack(scope, receive, send)
    |   File "C:\Python314\Lib\site-packages\starlette\routing.py", line 736, in app
    |     await route.handle(scope, receive, send)
    |   File "C:\Python314\Lib\site-packages\starlette\routing.py", line 290, in handle
    |     await self.app(scope, receive, send)
    |   File "C:\Python314\Lib\site-packages\fastapi\routing.py", line 134, in app
    |     await wrap_app_handling_exceptions(app, request)(scope, receive, send)
    |   File "C:\Python314\Lib\site-packages\starlette\_exception_handler.py", line 53, in wrapped_app
    |     raise exc
    |   File "C:\Python314\Lib\site-packages\starlette\_exception_handler.py", line 42, in wrapped_app
    |     await app(scope, receive, sender)
    |   File "C:\Python314\Lib\site-packages\fastapi\routing.py", line 120, in app
    |     response = await f(request)
    |                ^^^^^^^^^^^^^^^^
    |   File "C:\Python314\Lib\site-packages\fastapi\routing.py", line 674, in app
    |     raw_response = await run_endpoint_function(
    |                    ^^^^^^^^^^^^^^^^^^^^^^^^^^^^
    |     ...<3 lines>...
    |     )
    |     ^
    |   File "C:\Python314\Lib\site-packages\fastapi\routing.py", line 328, in run_endpoint_function
    |     return await dependant.call(**values)
    |            ^^^^^^^^^^^^^^^^^^^^^^^^^^^^^^
    |   File "D:\BikeMaster\bike_analyzer\backend\api\routes.py", line 380, in sentry_debug
    |     raise ZeroDivisionError("Sentry sentinel")
    | ZeroDivisionError: Sentry sentinel
    +------------------------------------

The above exception was the direct cause of the following exception:

Traceback (most recent call last):
  File "D:\BikeMaster\tests\test_routes_coverage_extra.py", line 315, in test_health_and_config
    sentry = client.get("/api/v1/sentry-debug")
  File "C:\Python314\Lib\site-packages\starlette\testclient.py", line 473, in get
    return super().get(
           ~~~~~~~~~~~^
        url,
        ^^^^
    ...<6 lines>...
        extensions=extensions,
        ^^^^^^^^^^^^^^^^^^^^^^
    )
    ^
  File "C:\Python314\Lib\site-packages\httpx\_client.py", line 1053, in get
    return self.request(
           ~~~~~~~~~~~~^
        "GET",
        ^^^^^^
    ...<7 lines>...
        extensions=extensions,
        ^^^^^^^^^^^^^^^^^^^^^^
    )
    ^
  File "C:\Python314\Lib\site-packages\starlette\testclient.py", line 445, in request
    return super().request(
           ~~~~~~~~~~~~~~~^
        method,
        ^^^^^^^
    ...<11 lines>...
        extensions=extensions,
        ^^^^^^^^^^^^^^^^^^^^^^
    )
    ^
  File "C:\Python314\Lib\site-packages\httpx\_client.py", line 825, in request
    return self.send(request, auth=auth, follow_redirects=follow_redirects)
           ~~~~~~~~~^^^^^^^^^^^^^^^^^^^^^^^^^^^^^^^^^^^^^^^^^^^^^^^^^^^^^^^
  File "C:\Python314\Lib\site-packages\httpx\_client.py", line 914, in send
    response = self._send_handling_auth(
        request,
    ...<2 lines>...
        history=[],
    )
  File "C:\Python314\Lib\site-packages\httpx\_client.py", line 942, in _send_handling_auth
    response = self._send_handling_redirects(
        request,
        follow_redirects=follow_redirects,
        history=history,
    )
  File "C:\Python314\Lib\site-packages\httpx\_client.py", line 979, in _send_handling_redirects
    response = self._send_single_request(request)
  File "C:\Python314\Lib\site-packages\httpx\_client.py", line 1014, in _send_single_request
    response = transport.handle_request(request)
  File "C:\Python314\Lib\site-packages\starlette\testclient.py", line 348, in handle_request
    raise exc
  File "C:\Python314\Lib\site-packages\starlette\testclient.py", line 345, in handle_request
    portal.call(self.app, scope, receive, send)
    ~~~~~~~~~~~^^^^^^^^^^^^^^^^^^^^^^^^^^^^^^^^
  File "C:\Python314\Lib\site-packages\anyio\from_thread.py", line 334, in call
    return cast(T_Retval, self.start_task_soon(func, *args).result())
                          ~~~~~~~~~~~~~~~~~~~~~~~~~~~~~~~~~~~~~~~~^^
  File "C:\Python314\Lib\concurrent\futures\_base.py", line 450, in result
    return self.__get_result()
           ~~~~~~~~~~~~~~~~~^^
  File "C:\Python314\Lib\concurrent\futures\_base.py", line 395, in __get_result
    raise self._exception
  File "C:\Python314\Lib\site-packages\anyio\from_thread.py", line 259, in _call_func
    retval = await retval_or_awaitable
             ^^^^^^^^^^^^^^^^^^^^^^^^^
  File "C:\Python314\Lib\site-packages\fastapi\applications.py", line 1159, in __call__
    await super().__call__(scope, receive, send)
  File "C:\Python314\Lib\site-packages\starlette\applications.py", line 107, in __call__
    await self.middleware_stack(scope, receive, send)
  File "C:\Python314\Lib\site-packages\starlette\middleware\errors.py", line 186, in __call__
    raise exc
  File "C:\Python314\Lib\site-packages\starlette\middleware\errors.py", line 164, in __call__
    await self.app(scope, receive, _send)
  File "C:\Python314\Lib\site-packages\starlette\middleware\cors.py", line 87, in __call__
    await self.app(scope, receive, send)
  File "C:\Python314\Lib\site-packages\starlette\middleware\base.py", line 191, in __call__
    with recv_stream, send_stream, collapse_excgroups():
                                   ~~~~~~~~~~~~~~~~~~^^
  File "C:\Python314\Lib\contextlib.py", line 162, in __exit__
    self.gen.throw(value)
    ~~~~~~~~~~~~~~^^^^^^^
  File "C:\Python314\Lib\site-packages\starlette\_utils.py", line 87, in collapse_excgroups
    raise exc
  File "C:\Python314\Lib\site-packages\starlette\middleware\base.py", line 193, in __call__
    response = await self.dispatch_func(request, call_next)
               ^^^^^^^^^^^^^^^^^^^^^^^^^^^^^^^^^^^^^^^^^^^^
  File "D:\BikeMaster\bike_analyzer\backend\api\app_factory.py", line 249, in add_security_headers
    response = await call_next(request)
               ^^^^^^^^^^^^^^^^^^^^^^^^
  File "C:\Python314\Lib\site-packages\starlette\middleware\base.py", line 168, in call_next
    raise app_exc from app_exc.__cause__ or app_exc.__context__
  File "C:\Python314\Lib\site-packages\starlette\middleware\base.py", line 144, in coro
    await self.app(scope, receive_or_disconnect, send_no_error)
  File "C:\Python314\Lib\site-packages\starlette\middleware\base.py", line 191, in __call__
    with recv_stream, send_stream, collapse_excgroups():
                                   ~~~~~~~~~~~~~~~~~~^^
  File "C:\Python314\Lib\contextlib.py", line 162, in __exit__
    self.gen.throw(value)
    ~~~~~~~~~~~~~~^^^^^^^
  File "C:\Python314\Lib\site-packages\starlette\_utils.py", line 87, in collapse_excgroups
    raise exc
  File "C:\Python314\Lib\site-packages\starlette\middleware\base.py", line 193, in __call__
    response = await self.dispatch_func(request, call_next)
               ^^^^^^^^^^^^^^^^^^^^^^^^^^^^^^^^^^^^^^^^^^^^
  File "D:\BikeMaster\bike_analyzer\backend\api\app_factory.py", line 224, in audit_log_middleware
    response = await call_next(request)
               ^^^^^^^^^^^^^^^^^^^^^^^^
  File "C:\Python314\Lib\site-packages\starlette\middleware\base.py", line 168, in call_next
    raise app_exc from app_exc.__cause__ or app_exc.__context__
  File "C:\Python314\Lib\site-packages\starlette\middleware\base.py", line 144, in coro
    await self.app(scope, receive_or_disconnect, send_no_error)
  File "C:\Python314\Lib\site-packages\starlette\middleware\base.py", line 191, in __call__
    with recv_stream, send_stream, collapse_excgroups():
                                   ~~~~~~~~~~~~~~~~~~^^
  File "C:\Python314\Lib\contextlib.py", line 162, in __exit__
    self.gen.throw(value)
    ~~~~~~~~~~~~~~^^^^^^^
  File "C:\Python314\Lib\site-packages\starlette\_utils.py", line 87, in collapse_excgroups
    raise exc
  File "C:\Python314\Lib\site-packages\starlette\middleware\base.py", line 193, in __call__
    response = await self.dispatch_func(request, call_next)
               ^^^^^^^^^^^^^^^^^^^^^^^^^^^^^^^^^^^^^^^^^^^^
  File "D:\BikeMaster\bike_analyzer\backend\api\app_factory.py", line 199, in user_api_keys_middleware
    response = await call_next(request)
               ^^^^^^^^^^^^^^^^^^^^^^^^
  File "C:\Python314\Lib\site-packages\starlette\middleware\base.py", line 168, in call_next
    raise app_exc from app_exc.__cause__ or app_exc.__context__
  File "C:\Python314\Lib\site-packages\starlette\middleware\base.py", line 144, in coro
    await self.app(scope, receive_or_disconnect, send_no_error)
  File "C:\Python314\Lib\site-packages\starlette\middleware\base.py", line 191, in __call__
    with recv_stream, send_stream, collapse_excgroups():
                                   ~~~~~~~~~~~~~~~~~~^^
  File "C:\Python314\Lib\contextlib.py", line 162, in __exit__
    self.gen.throw(value)
    ~~~~~~~~~~~~~~^^^^^^^
  File "C:\Python314\Lib\site-packages\starlette\_utils.py", line 87, in collapse_excgroups
    raise exc
  File "C:\Python314\Lib\site-packages\starlette\middleware\base.py", line 193, in __call__
    response = await self.dispatch_func(request, call_next)
               ^^^^^^^^^^^^^^^^^^^^^^^^^^^^^^^^^^^^^^^^^^^^
  File "D:\BikeMaster\bike_analyzer\backend\api\app_factory.py", line 183, in correlation_id_middleware
    response = await call_next(request)
               ^^^^^^^^^^^^^^^^^^^^^^^^
  File "C:\Python314\Lib\site-packages\starlette\middleware\base.py", line 168, in call_next
    raise app_exc from app_exc.__cause__ or app_exc.__context__
  File "C:\Python314\Lib\site-packages\starlette\middleware\base.py", line 144, in coro
    await self.app(scope, receive_or_disconnect, send_no_error)
  File "D:\BikeMaster\bike_analyzer\backend\monitoring.py", line 315, in __call__
    await self.app(scope, receive, send_with_metrics)
  File "C:\Python314\Lib\site-packages\starlette\middleware\base.py", line 191, in __call__
    with recv_stream, send_stream, collapse_excgroups():
                                   ~~~~~~~~~~~~~~~~~~^^
  File "C:\Python314\Lib\contextlib.py", line 162, in __exit__
    self.gen.throw(value)
    ~~~~~~~~~~~~~~^^^^^^^
  File "C:\Python314\Lib\site-packages\starlette\_utils.py", line 87, in collapse_excgroups
    raise exc
  File "C:\Python314\Lib\site-packages\starlette\middleware\base.py", line 193, in __call__
    response = await self.dispatch_func(request, call_next)
               ^^^^^^^^^^^^^^^^^^^^^^^^^^^^^^^^^^^^^^^^^^^^
  File "C:\Python314\Lib\site-packages\slowapi\middleware.py", line 136, in dispatch
    response = await call_next(request)
               ^^^^^^^^^^^^^^^^^^^^^^^^
  File "C:\Python314\Lib\site-packages\starlette\middleware\base.py", line 168, in call_next
    raise app_exc from app_exc.__cause__ or app_exc.__context__
  File "C:\Python314\Lib\site-packages\starlette\middleware\base.py", line 144, in coro
    await self.app(scope, receive_or_disconnect, send_no_error)
  File "C:\Python314\Lib\site-packages\starlette\middleware\exceptions.py", line 63, in __call__
    await wrap_app_handling_exceptions(self.app, conn)(scope, receive, send)
  File "C:\Python314\Lib\site-packages\starlette\_exception_handler.py", line 53, in wrapped_app
    raise exc
  File "C:\Python314\Lib\site-packages\starlette\_exception_handler.py", line 42, in wrapped_app
    await app(scope, receive, sender)
  File "C:\Python314\Lib\site-packages\fastapi\middleware\asyncexitstack.py", line 18, in __call__
    await self.app(scope, receive, send)
  File "C:\Python314\Lib\site-packages\starlette\routing.py", line 716, in __call__
    await self.middleware_stack(scope, receive, send)
  File "C:\Python314\Lib\site-packages\starlette\routing.py", line 736, in app
    await route.handle(scope, receive, send)
  File "C:\Python314\Lib\site-packages\starlette\routing.py", line 290, in handle
    await self.app(scope, receive, send)
  File "C:\Python314\Lib\site-packages\fastapi\routing.py", line 134, in app
    await wrap_app_handling_exceptions(app, request)(scope, receive, send)
  File "C:\Python314\Lib\site-packages\starlette\_exception_handler.py", line 53, in wrapped_app
    raise exc
  File "C:\Python314\Lib\site-packages\starlette\_exception_handler.py", line 42, in wrapped_app
    await app(scope, receive, sender)
  File "C:\Python314\Lib\site-packages\fastapi\routing.py", line 120, in app
    response = await f(request)
               ^^^^^^^^^^^^^^^^
  File "C:\Python314\Lib\site-packages\fastapi\routing.py", line 674, in app
    raw_response = await run_endpoint_function(
                   ^^^^^^^^^^^^^^^^^^^^^^^^^^^^
    ...<3 lines>...
    )
    ^
  File "C:\Python314\Lib\site-packages\fastapi\routing.py", line 328, in run_endpoint_function
    return await dependant.call(**values)
           ^^^^^^^^^^^^^^^^^^^^^^^^^^^^^^
  File "D:\BikeMaster\bike_analyzer\backend\api\routes.py", line 380, in sentry_debug
    raise ZeroDivisionError("Sentry sentinel")
ZeroDivisionError: Sentry sentinel

The above exception was the direct cause of the following exception:

client = <starlette.testclient.TestClient object at 0x00000148C41B88D0>

    def test_health_and_config(client):
        assert client.get("/api/v1/health").status_code == 200
        assert client.get("/api/v1/health/detailed").status_code == 200
        assert client.get("/api/v1/health/redis").status_code == 200
        assert client.get("/api/v1/config/google-maps-key").status_code == 200
>       sentry = client.get("/api/v1/sentry-debug")
                 ^^^^^^^^^^^^^^^^^^^^^^^^^^^^^^^^^^

tests\test_routes_coverage_extra.py:315: 
_ _ _ _ _ _ _ _ _ _ _ _ _ _ _ _ _ _ _ _ _ _ _ _ _ _ _ _ _ _ _ _ _ _ _ _ _ _ _ _
C:\Python314\Lib\site-packages\starlette\testclient.py:473: in get
    return super().get(
C:\Python314\Lib\site-packages\httpx\_client.py:1053: in get
    return self.request(
C:\Python314\Lib\site-packages\starlette\testclient.py:445: in request
    return super().request(
C:\Python314\Lib\site-packages\httpx\_client.py:825: in request
    return self.send(request, auth=auth, follow_redirects=follow_redirects)
           ^^^^^^^^^^^^^^^^^^^^^^^^^^^^^^^^^^^^^^^^^^^^^^^^^^^^^^^^^^^^^^^^
C:\Python314\Lib\site-packages\httpx\_client.py:914: in send
    response = self._send_handling_auth(
C:\Python314\Lib\site-packages\httpx\_client.py:942: in _send_handling_auth
    response = self._send_handling_redirects(
C:\Python314\Lib\site-packages\httpx\_client.py:979: in _send_handling_redirects
    response = self._send_single_request(request)
               ^^^^^^^^^^^^^^^^^^^^^^^^^^^^^^^^^^
C:\Python314\Lib\site-packages\httpx\_client.py:1014: in _send_single_request
    response = transport.handle_request(request)
               ^^^^^^^^^^^^^^^^^^^^^^^^^^^^^^^^^
C:\Python314\Lib\site-packages\starlette\testclient.py:348: in handle_request
    raise exc
C:\Python314\Lib\site-packages\starlette\testclient.py:345: in handle_request
    portal.call(self.app, scope, receive, send)
C:\Python314\Lib\site-packages\anyio\from_thread.py:334: in call
    return cast(T_Retval, self.start_task_soon(func, *args).result())
                          ^^^^^^^^^^^^^^^^^^^^^^^^^^^^^^^^^^^^^^^^^^
C:\Python314\Lib\concurrent\futures\_base.py:450: in result
    return self.__get_result()
           ^^^^^^^^^^^^^^^^^^^
C:\Python314\Lib\concurrent\futures\_base.py:395: in __get_result
    raise self._exception
C:\Python314\Lib\site-packages\anyio\from_thread.py:259: in _call_func
    retval = await retval_or_awaitable
             ^^^^^^^^^^^^^^^^^^^^^^^^^
C:\Python314\Lib\site-packages\fastapi\applications.py:1159: in __call__
    await super().__call__(scope, receive, send)
C:\Python314\Lib\site-packages\starlette\applications.py:107: in __call__
    await self.middleware_stack(scope, receive, send)
C:\Python314\Lib\site-packages\starlette\middleware\errors.py:186: in __call__
    raise exc
C:\Python314\Lib\site-packages\starlette\middleware\errors.py:164: in __call__
    await self.app(scope, receive, _send)
C:\Python314\Lib\site-packages\starlette\middleware\cors.py:87: in __call__
    await self.app(scope, receive, send)
C:\Python314\Lib\site-packages\starlette\middleware\base.py:191: in __call__
    with recv_stream, send_stream, collapse_excgroups():
                                   ^^^^^^^^^^^^^^^^^^^^
C:\Python314\Lib\contextlib.py:162: in __exit__
    self.gen.throw(value)
C:\Python314\Lib\site-packages\starlette\_utils.py:87: in collapse_excgroups
    raise exc
C:\Python314\Lib\site-packages\starlette\middleware\base.py:193: in __call__
    response = await self.dispatch_func(request, call_next)
               ^^^^^^^^^^^^^^^^^^^^^^^^^^^^^^^^^^^^^^^^^^^^
bike_analyzer\backend\api\app_factory.py:249: in add_security_headers
    response = await call_next(request)
               ^^^^^^^^^^^^^^^^^^^^^^^^
C:\Python314\Lib\site-packages\starlette\middleware\base.py:168: in call_next
    raise app_exc from app_exc.__cause__ or app_exc.__context__
C:\Python314\Lib\site-packages\starlette\middleware\base.py:144: in coro
    await self.app(scope, receive_or_disconnect, send_no_error)
C:\Python314\Lib\site-packages\starlette\middleware\base.py:191: in __call__
    with recv_stream, send_stream, collapse_excgroups():
                                   ^^^^^^^^^^^^^^^^^^^^
C:\Python314\Lib\contextlib.py:162: in __exit__
    self.gen.throw(value)
C:\Python314\Lib\site-packages\starlette\_utils.py:87: in collapse_excgroups
    raise exc
C:\Python314\Lib\site-packages\starlette\middleware\base.py:193: in __call__
    response = await self.dispatch_func(request, call_next)
               ^^^^^^^^^^^^^^^^^^^^^^^^^^^^^^^^^^^^^^^^^^^^
bike_analyzer\backend\api\app_factory.py:224: in audit_log_middleware
    response = await call_next(request)
               ^^^^^^^^^^^^^^^^^^^^^^^^
C:\Python314\Lib\site-packages\starlette\middleware\base.py:168: in call_next
    raise app_exc from app_exc.__cause__ or app_exc.__context__
C:\Python314\Lib\site-packages\starlette\middleware\base.py:144: in coro
    await self.app(scope, receive_or_disconnect, send_no_error)
C:\Python314\Lib\site-packages\starlette\middleware\base.py:191: in __call__
    with recv_stream, send_stream, collapse_excgroups():
                                   ^^^^^^^^^^^^^^^^^^^^
C:\Python314\Lib\contextlib.py:162: in __exit__
    self.gen.throw(value)
C:\Python314\Lib\site-packages\starlette\_utils.py:87: in collapse_excgroups
    raise exc
C:\Python314\Lib\site-packages\starlette\middleware\base.py:193: in __call__
    response = await self.dispatch_func(request, call_next)
               ^^^^^^^^^^^^^^^^^^^^^^^^^^^^^^^^^^^^^^^^^^^^
bike_analyzer\backend\api\app_factory.py:199: in user_api_keys_middleware
    response = await call_next(request)
               ^^^^^^^^^^^^^^^^^^^^^^^^
C:\Python314\Lib\site-packages\starlette\middleware\base.py:168: in call_next
    raise app_exc from app_exc.__cause__ or app_exc.__context__
C:\Python314\Lib\site-packages\starlette\middleware\base.py:144: in coro
    await self.app(scope, receive_or_disconnect, send_no_error)
C:\Python314\Lib\site-packages\starlette\middleware\base.py:191: in __call__
    with recv_stream, send_stream, collapse_excgroups():
                                   ^^^^^^^^^^^^^^^^^^^^
C:\Python314\Lib\contextlib.py:162: in __exit__
    self.gen.throw(value)
C:\Python314\Lib\site-packages\starlette\_utils.py:87: in collapse_excgroups
    raise exc
C:\Python314\Lib\site-packages\starlette\middleware\base.py:193: in __call__
    response = await self.dispatch_func(request, call_next)
               ^^^^^^^^^^^^^^^^^^^^^^^^^^^^^^^^^^^^^^^^^^^^
bike_analyzer\backend\api\app_factory.py:183: in correlation_id_middleware
    response = await call_next(request)
               ^^^^^^^^^^^^^^^^^^^^^^^^
C:\Python314\Lib\site-packages\starlette\middleware\base.py:168: in call_next
    raise app_exc from app_exc.__cause__ or app_exc.__context__
C:\Python314\Lib\site-packages\starlette\middleware\base.py:144: in coro
    await self.app(scope, receive_or_disconnect, send_no_error)
bike_analyzer\backend\monitoring.py:315: in __call__
    await self.app(scope, receive, send_with_metrics)
C:\Python314\Lib\site-packages\starlette\middleware\base.py:191: in __call__
    with recv_stream, send_stream, collapse_excgroups():
                                   ^^^^^^^^^^^^^^^^^^^^
C:\Python314\Lib\contextlib.py:162: in __exit__
    self.gen.throw(value)
C:\Python314\Lib\site-packages\starlette\_utils.py:87: in collapse_excgroups
    raise exc
C:\Python314\Lib\site-packages\starlette\middleware\base.py:193: in __call__
    response = await self.dispatch_func(request, call_next)
               ^^^^^^^^^^^^^^^^^^^^^^^^^^^^^^^^^^^^^^^^^^^^
C:\Python314\Lib\site-packages\slowapi\middleware.py:136: in dispatch
    response = await call_next(request)
               ^^^^^^^^^^^^^^^^^^^^^^^^
C:\Python314\Lib\site-packages\starlette\middleware\base.py:168: in call_next
    raise app_exc from app_exc.__cause__ or app_exc.__context__
C:\Python314\Lib\site-packages\starlette\middleware\base.py:144: in coro
    await self.app(scope, receive_or_disconnect, send_no_error)
C:\Python314\Lib\site-packages\starlette\middleware\exceptions.py:63: in __call__
    await wrap_app_handling_exceptions(self.app, conn)(scope, receive, send)
C:\Python314\Lib\site-packages\starlette\_exception_handler.py:53: in wrapped_app
    raise exc
C:\Python314\Lib\site-packages\starlette\_exception_handler.py:42: in wrapped_app
    await app(scope, receive, sender)
C:\Python314\Lib\site-packages\fastapi\middleware\asyncexitstack.py:18: in __call__
    await self.app(scope, receive, send)
C:\Python314\Lib\site-packages\starlette\routing.py:716: in __call__
    await self.middleware_stack(scope, receive, send)
C:\Python314\Lib\site-packages\starlette\routing.py:736: in app
    await route.handle(scope, receive, send)
C:\Python314\Lib\site-packages\starlette\routing.py:290: in handle
    await self.app(scope, receive, send)
C:\Python314\Lib\site-packages\fastapi\routing.py:134: in app
    await wrap_app_handling_exceptions(app, request)(scope, receive, send)
C:\Python314\Lib\site-packages\starlette\_exception_handler.py:53: in wrapped_app
    raise exc
C:\Python314\Lib\site-packages\starlette\_exception_handler.py:42: in wrapped_app
    await app(scope, receive, sender)
C:\Python314\Lib\site-packages\fastapi\routing.py:120: in app
    response = await f(request)
               ^^^^^^^^^^^^^^^^
C:\Python314\Lib\site-packages\fastapi\routing.py:674: in app
    raw_response = await run_endpoint_function(
C:\Python314\Lib\site-packages\fastapi\routing.py:328: in run_endpoint_function
    return await dependant.call(**values)
           ^^^^^^^^^^^^^^^^^^^^^^^^^^^^^^
_ _ _ _ _ _ _ _ _ _ _ _ _ _ _ _ _ _ _ _ _ _ _ _ _ _ _ _ _ _ _ _ _ _ _ _ _ _ _ _

    @router.get("/sentry-debug")
    async def sentry_debug():
        """Debug endpoint to verify Sentry error tracking.
    
        Only available outside production to avoid exposing a crash endpoint.
        """
        if _s.environment.lower() in ("production", "prod"):
            raise HTTPException(status_code=404, detail="Not found")
>       raise ZeroDivisionError("Sentry sentinel")
E       ZeroDivisionError: Sentry sentinel

bike_analyzer\backend\api\routes.py:380: ZeroDivisionError
------------------------------ Captured log call ------------------------------
ERROR    bike_analyzer.backend.api.app_factory:app_factory.py:185 Unhandled exception for request_id=650a8c58-4401-4157-8ee9-075222783f13
  + Exception Group Traceback (most recent call last):
  |   File "C:\Python314\Lib\site-packages\starlette\_utils.py", line 81, in collapse_excgroups
  |     yield
  |   File "C:\Python314\Lib\site-packages\starlette\middleware\base.py", line 192, in __call__
  |     async with anyio.create_task_group() as task_group:
  |                ~~~~~~~~~~~~~~~~~~~~~~~^^
  |   File "C:\Python314\Lib\site-packages\anyio\_backends\_asyncio.py", line 799, in __aexit__
  |     raise BaseExceptionGroup(
  |         "unhandled errors in a TaskGroup", self._exceptions
  |     ) from None
  | ExceptionGroup: unhandled errors in a TaskGroup (1 sub-exception)
  +-+---------------- 1 ----------------
    | Traceback (most recent call last):
    |   File "D:\BikeMaster\bike_analyzer\backend\api\app_factory.py", line 183, in correlation_id_middleware
    |     response = await call_next(request)
    |                ^^^^^^^^^^^^^^^^^^^^^^^^
    |   File "C:\Python314\Lib\site-packages\starlette\middleware\base.py", line 168, in call_next
    |     raise app_exc from app_exc.__cause__ or app_exc.__context__
    |   File "C:\Python314\Lib\site-packages\starlette\middleware\base.py", line 144, in coro
    |     await self.app(scope, receive_or_disconnect, send_no_error)
    |   File "D:\BikeMaster\bike_analyzer\backend\monitoring.py", line 315, in __call__
    |     await self.app(scope, receive, send_with_metrics)
    |   File "C:\Python314\Lib\site-packages\starlette\middleware\base.py", line 191, in __call__
    |     with recv_stream, send_stream, collapse_excgroups():
    |                                    ~~~~~~~~~~~~~~~~~~^^
    |   File "C:\Python314\Lib\contextlib.py", line 162, in __exit__
    |     self.gen.throw(value)
    |     ~~~~~~~~~~~~~~^^^^^^^
    |   File "C:\Python314\Lib\site-packages\starlette\_utils.py", line 87, in collapse_excgroups
    |     raise exc
    |   File "C:\Python314\Lib\site-packages\starlette\middleware\base.py", line 193, in __call__
    |     response = await self.dispatch_func(request, call_next)
    |                ^^^^^^^^^^^^^^^^^^^^^^^^^^^^^^^^^^^^^^^^^^^^
    |   File "C:\Python314\Lib\site-packages\slowapi\middleware.py", line 136, in dispatch
    |     response = await call_next(request)
    |                ^^^^^^^^^^^^^^^^^^^^^^^^
    |   File "C:\Python314\Lib\site-packages\starlette\middleware\base.py", line 168, in call_next
    |     raise app_exc from app_exc.__cause__ or app_exc.__context__
    |   File "C:\Python314\Lib\site-packages\starlette\middleware\base.py", line 144, in coro
    |     await self.app(scope, receive_or_disconnect, send_no_error)
    |   File "C:\Python314\Lib\site-packages\starlette\middleware\exceptions.py", line 63, in __call__
    |     await wrap_app_handling_exceptions(self.app, conn)(scope, receive, send)
    |   File "C:\Python314\Lib\site-packages\starlette\_exception_handler.py", line 53, in wrapped_app
    |     raise exc
    |   File "C:\Python314\Lib\site-packages\starlette\_exception_handler.py", line 42, in wrapped_app
    |     await app(scope, receive, sender)
    |   File "C:\Python314\Lib\site-packages\fastapi\middleware\asyncexitstack.py", line 18, in __call__
    |     await self.app(scope, receive, send)
    |   File "C:\Python314\Lib\site-packages\starlette\routing.py", line 716, in __call__
    |     await self.middleware_stack(scope, receive, send)
    |   File "C:\Python314\Lib\site-packages\starlette\routing.py", line 736, in app
    |     await route.handle(scope, receive, send)
    |   File "C:\Python314\Lib\site-packages\starlette\routing.py", line 290, in handle
    |     await self.app(scope, receive, send)
    |   File "C:\Python314\Lib\site-packages\fastapi\routing.py", line 134, in app
    |     await wrap_app_handling_exceptions(app, request)(scope, receive, send)
    |   File "C:\Python314\Lib\site-packages\starlette\_exception_handler.py", line 53, in wrapped_app
    |     raise exc
    |   File "C:\Python314\Lib\site-packages\starlette\_exception_handler.py", line 42, in wrapped_app
    |     await app(scope, receive, sender)
    |   File "C:\Python314\Lib\site-packages\fastapi\routing.py", line 120, in app
    |     response = await f(request)
    |                ^^^^^^^^^^^^^^^^
    |   File "C:\Python314\Lib\site-packages\fastapi\routing.py", line 674, in app
    |     raw_response = await run_endpoint_function(
    |                    ^^^^^^^^^^^^^^^^^^^^^^^^^^^^
    |     ...<3 lines>...
    |     )
    |     ^
    |   File "C:\Python314\Lib\site-packages\fastapi\routing.py", line 328, in run_endpoint_function
    |     return await dependant.call(**values)
    |            ^^^^^^^^^^^^^^^^^^^^^^^^^^^^^^
    |   File "D:\BikeMaster\bike_analyzer\backend\api\routes.py", line 380, in sentry_debug
    |     raise ZeroDivisionError("Sentry sentinel")
    | ZeroDivisionError: Sentry sentinel
    +------------------------------------

The above exception was the direct cause of the following exception:

Traceback (most recent call last):
  File "D:\BikeMaster\bike_analyzer\backend\api\app_factory.py", line 183, in correlation_id_middleware
    response = await call_next(request)
               ^^^^^^^^^^^^^^^^^^^^^^^^
  File "C:\Python314\Lib\site-packages\starlette\middleware\base.py", line 168, in call_next
    raise app_exc from app_exc.__cause__ or app_exc.__context__
  File "C:\Python314\Lib\site-packages\starlette\middleware\base.py", line 144, in coro
    await self.app(scope, receive_or_disconnect, send_no_error)
  File "D:\BikeMaster\bike_analyzer\backend\monitoring.py", line 315, in __call__
    await self.app(scope, receive, send_with_metrics)
  File "C:\Python314\Lib\site-packages\starlette\middleware\base.py", line 191, in __call__
    with recv_stream, send_stream, collapse_excgroups():
                                   ~~~~~~~~~~~~~~~~~~^^
  File "C:\Python314\Lib\contextlib.py", line 162, in __exit__
    self.gen.throw(value)
    ~~~~~~~~~~~~~~^^^^^^^
  File "C:\Python314\Lib\site-packages\starlette\_utils.py", line 87, in collapse_excgroups
    raise exc
  File "C:\Python314\Lib\site-packages\starlette\middleware\base.py", line 193, in __call__
    response = await self.dispatch_func(request, call_next)
               ^^^^^^^^^^^^^^^^^^^^^^^^^^^^^^^^^^^^^^^^^^^^
  File "C:\Python314\Lib\site-packages\slowapi\middleware.py", line 136, in dispatch
    response = await call_next(request)
               ^^^^^^^^^^^^^^^^^^^^^^^^
  File "C:\Python314\Lib\site-packages\starlette\middleware\base.py", line 168, in call_next
    raise app_exc from app_exc.__cause__ or app_exc.__context__
  File "C:\Python314\Lib\site-packages\starlette\middleware\base.py", line 144, in coro
    await self.app(scope, receive_or_disconnect, send_no_error)
  File "C:\Python314\Lib\site-packages\starlette\middleware\exceptions.py", line 63, in __call__
    await wrap_app_handling_exceptions(self.app, conn)(scope, receive, send)
  File "C:\Python314\Lib\site-packages\starlette\_exception_handler.py", line 53, in wrapped_app
    raise exc
  File "C:\Python314\Lib\site-packages\starlette\_exception_handler.py", line 42, in wrapped_app
    await app(scope, receive, sender)
  File "C:\Python314\Lib\site-packages\fastapi\middleware\asyncexitstack.py", line 18, in __call__
    await self.app(scope, receive, send)
  File "C:\Python314\Lib\site-packages\starlette\routing.py", line 716, in __call__
    await self.middleware_stack(scope, receive, send)
  File "C:\Python314\Lib\site-packages\starlette\routing.py", line 736, in app
    await route.handle(scope, receive, send)
  File "C:\Python314\Lib\site-packages\starlette\routing.py", line 290, in handle
    await self.app(scope, receive, send)
  File "C:\Python314\Lib\site-packages\fastapi\routing.py", line 134, in app
    await wrap_app_handling_exceptions(app, request)(scope, receive, send)
  File "C:\Python314\Lib\site-packages\starlette\_exception_handler.py", line 53, in wrapped_app
    raise exc
  File "C:\Python314\Lib\site-packages\starlette\_exception_handler.py", line 42, in wrapped_app
    await app(scope, receive, sender)
  File "C:\Python314\Lib\site-packages\fastapi\routing.py", line 120, in app
    response = await f(request)
               ^^^^^^^^^^^^^^^^
  File "C:\Python314\Lib\site-packages\fastapi\routing.py", line 674, in app
    raw_response = await run_endpoint_function(
                   ^^^^^^^^^^^^^^^^^^^^^^^^^^^^
    ...<3 lines>...
    )
    ^
  File "C:\Python314\Lib\site-packages\fastapi\routing.py", line 328, in run_endpoint_function
    return await dependant.call(**values)
           ^^^^^^^^^^^^^^^^^^^^^^^^^^^^^^
  File "D:\BikeMaster\bike_analyzer\backend\api\routes.py", line 380, in sentry_debug
    raise ZeroDivisionError("Sentry sentinel")
ZeroDivisionError: Sentry sentinel
___________________________ test_import_gpx_and_fit ___________________________

client = <starlette.testclient.TestClient object at 0x00000148A28C7570>

    def test_import_gpx_and_fit(client):
        gpx = (
            '<?xml version="1.0"?><gpx version="1.1" '
            'xmlns="http://www.topografix.com/GPX/1/1"><trk><trkseg>'
            '<trkpt lat="45.0" lon="7.0"><time>2024-06-15T10:00:00Z</time></trkpt>'
            '<trkpt lat="45.001" lon="7.001"><time>2024-06-15T10:30:00Z</time></trkpt>'
            "</trkseg></trk></gpx>"
        )
        from io import BytesIO
    
        r = client.post("/api/v1/import/gpx", files={"file": ("t.gpx", BytesIO(gpx.encode()), "application/gpx+xml")})
>       assert r.status_code == 200
E       assert 400 == 200
E        +  where 400 = <Response [400 Bad Request]>.status_code

tests\test_routes_coverage_extra.py:340: AssertionError
------------------------------ Captured log call ------------------------------
WARNING  bike_analyzer.backend.redis_client:redis_client.py:64 Redis unavailable: Error 11001 connecting to red-d8qnqf8g4nts739ddi90:6379. 11001. � cache disabled
____________________________ test_import_multiple _____________________________

client = <starlette.testclient.TestClient object at 0x00000148C403B9B0>

    def test_import_multiple(client):
        r = client.post("/api/v1/import/multiple", json={"rides": [SAMPLE_RIDE, SAMPLE_RIDE]})
>       assert r.status_code in (200, 400)
E       assert 422 in (200, 400)
E        +  where 422 = <Response [422 Unprocessable Entity]>.status_code

tests\test_routes_coverage_extra.py:349: AssertionError
___________________________ test_export_and_charts ____________________________

client = <starlette.testclient.TestClient object at 0x00000148C4505AE0>

    def test_export_and_charts(client):
        resp = client.post("/api/v1/rides", json=SAMPLE_RIDE)
        ride_id = resp.json()["id"]
        assert client.get("/api/v1/rides/export/json").status_code == 200
        assert client.get("/api/v1/rides/export/csv").status_code == 200
        assert client.get(f"/api/v1/rides/{ride_id}/report").status_code == 200
>       assert client.get("/api/v1/charts/speed/0").status_code == 200
E       AssertionError: assert 404 == 200
E        +  where 404 = <Response [404 Not Found]>.status_code
E        +    where <Response [404 Not Found]> = get('/api/v1/charts/speed/0')
E        +      where get = <starlette.testclient.TestClient object at 0x00000148C4505AE0>.get

tests\test_routes_coverage_extra.py:369: AssertionError
============================== warnings summary ===============================
tests/test_routes_coverage_extra.py::test_calendar_events_crud
  C:\Python314\Lib\site-packages\starlette\middleware\base.py:113: RuntimeWarning: coroutine 'Connection._cancel' was never awaited
    async def receive_or_disconnect() -> Message:
  Enable tracemalloc to get traceback where the object was allocated.
  See https://docs.pytest.org/en/stable/how-to/capture-warnings.html#resource-warnings for more info.

tests/test_routes_coverage_extra.py::test_calendar_event_not_found
  C:\Python314\Lib\site-packages\pydantic\_internal\_generate_schema.py:347: RuntimeWarning: coroutine 'Connection._cancel' was never awaited
    def __init__(
  Enable tracemalloc to get traceback where the object was allocated.
  See https://docs.pytest.org/en/stable/how-to/capture-warnings.html#resource-warnings for more info.

-- Docs: https://docs.pytest.org/en/stable/how-to/capture-warnings.html
=============================== tests coverage ================================
_______________ coverage: platform win32, python 3.14.0-final-0 _______________

Name                                  Stmts   Miss  Cover   Missing
-------------------------------------------------------------------
bike_analyzer\backend\api\routes.py    2130   1289    39%   91-98, 102, 114-118, 127-137, 147-149, 164-170, 174-214, 226-235, 240-253, 257-259, 273-276, 282-283, 289-290, 305-308, 312, 316-324, 332-333, 339-340, 346-347, 365-366, 379, 390-394, 405-406, 422-423, 447, 471, 496-536, 548-574, 586-597, 622, 636, 642-643, 682-702, 728-733, 769, 781-795, 806-814, 828-928, 937-986, 1044-1047, 1092, 1102, 1104-1143, 1187, 1192, 1198, 1200-1207, 1224-1225, 1227, 1246, 1269-1281, 1284-1288, 1293-1332, 1354-1359, 1364-1420, 1473, 1486-1498, 1503-1512, 1517-1535, 1540-1558, 1576, 1580-1582, 1603, 1615-1620, 1641, 1668, 1671-1673, 1691-1701, 1711-1729, 1741-1809, 1820-1867, 1876-1906, 1923-2003, 2008-2062, 2080-2093, 2106-2116, 2135-2141, 2200, 2204-2208, 2229, 2242-2264, 2276-2279, 2296-2300, 2305, 2307, 2311-2315, 2334-2359, 2367-2385, 2450-2451, 2454-2456, 2461-2486, 2535, 2544-2547, 2551-2589, 2614-2642, 2653-2662, 2672-2687, 2692-2701, 2711-2716, 2726-2731, 2741-2742, 2754, 2758-2765, 2775-2780, 2785-2793, 2846, 2860, 2873, 2887-2939, 2958-2975, 2985-3007, 3071, 3081-3101, 3115-3126, 3137-3141, 3150-3171, 3184-3188, 3212-3216, 3231-3235, 3251-3261, 3286-3298, 3304-3308, 3314-3319, 3336-3342, 3355-3386, 3399-3406, 3423-3439, 3447-3456, 3468-3511, 3516-3519, 3524-3528, 3533-3536, 3549-3556, 3564-3573, 3581-3610, 3615-3618, 3623, 3641-3648, 3656-3665, 3677-3706, 3711-3714, 3721-3751, 3757-3760, 3766-3767
-------------------------------------------------------------------
TOTAL                                  2130   1289    39%
=========================== short test summary info ===========================
FAILED tests/test_routes_coverage_extra.py::test_ride_map_folium_and_missing
FAILED tests/test_routes_coverage_extra.py::test_ride_segments_and_missing - ...
FAILED tests/test_routes_coverage_extra.py::test_register_success_and_duplicates
FAILED tests/test_routes_coverage_extra.py::test_login_and_refresh - RuntimeE...
FAILED tests/test_routes_coverage_extra.py::test_refresh_token_variants - Typ...
FAILED tests/test_routes_coverage_extra.py::test_auth_me_profile_change_password_logout
FAILED tests/test_routes_coverage_extra.py::test_change_password_user_not_found
FAILED tests/test_routes_coverage_extra.py::test_training_endpoints - sqlalch...
FAILED tests/test_routes_coverage_extra.py::test_calendar_events_crud - asser...
FAILED tests/test_routes_coverage_extra.py::test_weather_endpoints - Assertio...
FAILED tests/test_routes_coverage_extra.py::test_maps_places - AssertionError...
FAILED tests/test_routes_coverage_extra.py::test_scores_and_benchmark - Asser...
FAILED tests/test_routes_coverage_extra.py::test_coach_endpoints - AssertionE...
FAILED tests/test_routes_coverage_extra.py::test_admin_endpoints - ModuleNotF...
FAILED tests/test_routes_coverage_extra.py::test_health_and_config - ZeroDivi...
FAILED tests/test_routes_coverage_extra.py::test_import_gpx_and_fit - assert ...
FAILED tests/test_routes_coverage_extra.py::test_import_multiple - assert 422...
FAILED tests/test_routes_coverage_extra.py::test_export_and_charts - Assertio...
18 failed, 19 passed, 2 warnings in 283.17s (0:04:43)
