============================= test session starts =============================
platform win32 -- Python 3.14.0, pytest-8.4.2, pluggy-1.6.0
benchmark: 5.2.3 (defaults: timer=time.perf_counter disable_gc=False min_rounds=5 min_time=0.000005 max_time=1.0 calibration_precision=10 warmup=False warmup_iterations=100000)
rootdir: D:\BikeMaster
configfile: pytest.ini
plugins: anyio-4.13.0, dash-4.0.0, locust-2.43.3, asyncio-0.24.0, benchmark-5.2.3, cov-7.0.0, django-4.12.0, timeout-2.4.0, xdist-3.8.0, typeguard-2.13.3
asyncio: mode=Mode.AUTO, default_loop_scope=None
collected 83 items

tests\test_routes_comprehensive.py ..F..FFF.......F.............F.FF.... [ 44%]
................F...F.........................                           [100%]

================================== FAILURES ===================================
_______________________ TestAuthRoutes.test_login_valid _______________________
tests\test_routes_comprehensive.py:237: in test_login_valid
    assert resp.status_code == 200
E   assert 401 == 200
E    +  where 401 = <Response [401 Unauthorized]>.status_code
_____________________ TestAuthRoutes.test_update_profile ______________________
tests\test_routes_comprehensive.py:257: in test_update_profile
    assert resp.json()["name"] == "Updated Name"
           ^^^^^^^^^^^^^^^^^^^
E   KeyError: 'name'
______________ TestAuthRoutes.test_change_password_wrong_current ______________
tests\test_routes_comprehensive.py:265: in test_change_password_wrong_current
    assert resp.status_code == 400
E   assert 404 == 400
E    +  where 404 = <Response [404 Not Found]>.status_code
_________________ TestAuthRoutes.test_change_password_success _________________
tests\test_routes_comprehensive.py:277: in test_change_password_success
    assert resp.status_code == 200
E   assert 404 == 200
E    +  where 404 = <Response [404 Not Found]>.status_code
___________________ TestCalendarRoutes.test_toggle_complete ___________________
tests\test_routes_comprehensive.py:366: in test_toggle_complete
    assert resp.json()["completed"] is True
E   assert 1 is True
_________________________ TestChartsRoutes.test_speed _________________________
  + Exception Group Traceback (most recent call last):
  |   File "C:\Python314\Lib\site-packages\starlette\_utils.py", line 81, in collapse_excgroups
  |     yield
  |   File "C:\Python314\Lib\site-packages\starlette\middleware\base.py", line 192, in __call__
  |     async with anyio.create_task_group() as task_group:
  |                ~~~~~~~~~~~~~~~~~~~~~~~^^
  |   File "C:\Python314\Lib\site-packages\anyio\_backends\_asyncio.py", line 799, in __aexit__
  |     raise BaseExceptionGroup(
  |         "unhandled errors in a TaskGroup", self._exceptions
  |     ) from None
  | ExceptionGroup: unhandled errors in a TaskGroup (1 sub-exception)
  +-+---------------- 1 ----------------
    | Traceback (most recent call last):
    |   File "C:\Python314\Lib\site-packages\_pytest\runner.py", line 344, in from_call
    |     result: TResult | None = func()
    |                              ~~~~^^
    |   File "C:\Python314\Lib\site-packages\_pytest\runner.py", line 246, in <lambda>
    |     lambda: runtest_hook(item=item, **kwds), when=when, reraise=reraise
    |             ~~~~~~~~~~~~^^^^^^^^^^^^^^^^^^^
    |   File "C:\Python314\Lib\site-packages\pluggy\_hooks.py", line 512, in __call__
    |     return self._hookexec(self.name, self._hookimpls.copy(), kwargs, firstresult)
    |            ~~~~~~~~~~~~~~^^^^^^^^^^^^^^^^^^^^^^^^^^^^^^^^^^^^^^^^^^^^^^^^^^^^^^^^
    |   File "C:\Python314\Lib\site-packages\pluggy\_manager.py", line 120, in _hookexec
    |     return self._inner_hookexec(hook_name, methods, kwargs, firstresult)
    |            ~~~~~~~~~~~~~~~~~~~~^^^^^^^^^^^^^^^^^^^^^^^^^^^^^^^^^^^^^^^^^
    |   File "C:\Python314\Lib\site-packages\pluggy\_callers.py", line 167, in _multicall
    |     raise exception
    |   File "C:\Python314\Lib\site-packages\pluggy\_callers.py", line 139, in _multicall
    |     teardown.throw(exception)
    |     ~~~~~~~~~~~~~~^^^^^^^^^^^
    |   File "C:\Python314\Lib\site-packages\_pytest\logging.py", line 850, in pytest_runtest_call
    |     yield
    |   File "C:\Python314\Lib\site-packages\pluggy\_callers.py", line 139, in _multicall
    |     teardown.throw(exception)
    |     ~~~~~~~~~~~~~~^^^^^^^^^^^
    |   File "C:\Python314\Lib\site-packages\_pytest\capture.py", line 900, in pytest_runtest_call
    |     return (yield)
    |             ^^^^^
    |   File "C:\Python314\Lib\site-packages\pluggy\_callers.py", line 139, in _multicall
    |     teardown.throw(exception)
    |     ~~~~~~~~~~~~~~^^^^^^^^^^^
    |   File "C:\Python314\Lib\site-packages\pluggy\_callers.py", line 53, in run_old_style_hookwrapper
    |     return result.get_result()
    |            ~~~~~~~~~~~~~~~~~^^
    |   File "C:\Python314\Lib\site-packages\pluggy\_result.py", line 103, in get_result
    |     raise exc.with_traceback(tb)
    |   File "C:\Python314\Lib\site-packages\pluggy\_callers.py", line 38, in run_old_style_hookwrapper
    |     res = yield
    |           ^^^^^
    |   File "C:\Python314\Lib\site-packages\pluggy\_callers.py", line 139, in _multicall
    |     teardown.throw(exception)
    |     ~~~~~~~~~~~~~~^^^^^^^^^^^
    |   File "C:\Python314\Lib\site-packages\_pytest\skipping.py", line 263, in pytest_runtest_call
    |     return (yield)
    |             ^^^^^
    |   File "C:\Python314\Lib\site-packages\pluggy\_callers.py", line 121, in _multicall
    |     res = hook_impl.function(*args)
    |   File "C:\Python314\Lib\site-packages\_pytest\runner.py", line 178, in pytest_runtest_call
    |     item.runtest()
    |     ~~~~~~~~~~~~^^
    |   File "C:\Python314\Lib\site-packages\_pytest\python.py", line 1671, in runtest
    |     self.ihook.pytest_pyfunc_call(pyfuncitem=self)
    |     ~~~~~~~~~~~~~~~~~~~~~~~~~~~~~^^^^^^^^^^^^^^^^^
    |   File "C:\Python314\Lib\site-packages\pluggy\_hooks.py", line 512, in __call__
    |     return self._hookexec(self.name, self._hookimpls.copy(), kwargs, firstresult)
    |            ~~~~~~~~~~~~~~^^^^^^^^^^^^^^^^^^^^^^^^^^^^^^^^^^^^^^^^^^^^^^^^^^^^^^^^
    |   File "C:\Python314\Lib\site-packages\pluggy\_manager.py", line 120, in _hookexec
    |     return self._inner_hookexec(hook_name, methods, kwargs, firstresult)
    |            ~~~~~~~~~~~~~~~~~~~~^^^^^^^^^^^^^^^^^^^^^^^^^^^^^^^^^^^^^^^^^
    |   File "C:\Python314\Lib\site-packages\pluggy\_callers.py", line 167, in _multicall
    |     raise exception
    |   File "C:\Python314\Lib\site-packages\pluggy\_callers.py", line 139, in _multicall
    |     teardown.throw(exception)
    |     ~~~~~~~~~~~~~~^^^^^^^^^^^
    |   File "C:\Python314\Lib\site-packages\pluggy\_callers.py", line 53, in run_old_style_hookwrapper
    |     return result.get_result()
    |            ~~~~~~~~~~~~~~~~~^^
    |   File "C:\Python314\Lib\site-packages\pluggy\_result.py", line 103, in get_result
    |     raise exc.with_traceback(tb)
    |   File "C:\Python314\Lib\site-packages\pluggy\_callers.py", line 38, in run_old_style_hookwrapper
    |     res = yield
    |           ^^^^^
    |   File "C:\Python314\Lib\site-packages\pluggy\_callers.py", line 121, in _multicall
    |     res = hook_impl.function(*args)
    |   File "C:\Python314\Lib\site-packages\_pytest\python.py", line 157, in pytest_pyfunc_call
    |     result = testfunction(**testargs)
    |   File "D:\BikeMaster\tests\test_routes_comprehensive.py", line 472, in test_speed
    |     resp = tc.get(f"/api/v1/charts/speed/{ride_id}")
    |   File "C:\Python314\Lib\site-packages\starlette\testclient.py", line 473, in get
    |     return super().get(
    |            ~~~~~~~~~~~^
    |         url,
    |         ^^^^
    |     ...<6 lines>...
    |         extensions=extensions,
    |         ^^^^^^^^^^^^^^^^^^^^^^
    |     )
    |     ^
    |   File "C:\Python314\Lib\site-packages\httpx\_client.py", line 1053, in get
    |     return self.request(
    |            ~~~~~~~~~~~~^
    |         "GET",
    |         ^^^^^^
    |     ...<7 lines>...
    |         extensions=extensions,
    |         ^^^^^^^^^^^^^^^^^^^^^^
    |     )
    |     ^
    |   File "C:\Python314\Lib\site-packages\starlette\testclient.py", line 445, in request
    |     return super().request(
    |            ~~~~~~~~~~~~~~~^
    |         method,
    |         ^^^^^^^
    |     ...<11 lines>...
    |         extensions=extensions,
    |         ^^^^^^^^^^^^^^^^^^^^^^
    |     )
    |     ^
    |   File "C:\Python314\Lib\site-packages\httpx\_client.py", line 825, in request
    |     return self.send(request, auth=auth, follow_redirects=follow_redirects)
    |            ~~~~~~~~~^^^^^^^^^^^^^^^^^^^^^^^^^^^^^^^^^^^^^^^^^^^^^^^^^^^^^^^
    |   File "C:\Python314\Lib\site-packages\httpx\_client.py", line 914, in send
    |     response = self._send_handling_auth(
    |         request,
    |     ...<2 lines>...
    |         history=[],
    |     )
    |   File "C:\Python314\Lib\site-packages\httpx\_client.py", line 942, in _send_handling_auth
    |     response = self._send_handling_redirects(
    |         request,
    |         follow_redirects=follow_redirects,
    |         history=history,
    |     )
    |   File "C:\Python314\Lib\site-packages\httpx\_client.py", line 979, in _send_handling_redirects
    |     response = self._send_single_request(request)
    |   File "C:\Python314\Lib\site-packages\httpx\_client.py", line 1014, in _send_single_request
    |     response = transport.handle_request(request)
    |   File "C:\Python314\Lib\site-packages\starlette\testclient.py", line 348, in handle_request
    |     raise exc
    |   File "C:\Python314\Lib\site-packages\starlette\testclient.py", line 345, in handle_request
    |     portal.call(self.app, scope, receive, send)
    |     ~~~~~~~~~~~^^^^^^^^^^^^^^^^^^^^^^^^^^^^^^^^
    |   File "C:\Python314\Lib\site-packages\anyio\from_thread.py", line 334, in call
    |     return cast(T_Retval, self.start_task_soon(func, *args).result())
    |                           ~~~~~~~~~~~~~~~~~~~~~~~~~~~~~~~~~~~~~~~~^^
    |   File "C:\Python314\Lib\concurrent\futures\_base.py", line 450, in result
    |     return self.__get_result()
    |            ~~~~~~~~~~~~~~~~~^^
    |   File "C:\Python314\Lib\concurrent\futures\_base.py", line 395, in __get_result
    |     raise self._exception
    |   File "C:\Python314\Lib\site-packages\anyio\from_thread.py", line 259, in _call_func
    |     retval = await retval_or_awaitable
    |              ^^^^^^^^^^^^^^^^^^^^^^^^^
    |   File "C:\Python314\Lib\site-packages\fastapi\applications.py", line 1159, in __call__
    |     await super().__call__(scope, receive, send)
    |   File "C:\Python314\Lib\site-packages\starlette\applications.py", line 107, in __call__
    |     await self.middleware_stack(scope, receive, send)
    |   File "C:\Python314\Lib\site-packages\starlette\middleware\errors.py", line 186, in __call__
    |     raise exc
    |   File "C:\Python314\Lib\site-packages\starlette\middleware\errors.py", line 164, in __call__
    |     await self.app(scope, receive, _send)
    |   File "C:\Python314\Lib\site-packages\starlette\middleware\cors.py", line 87, in __call__
    |     await self.app(scope, receive, send)
    |   File "C:\Python314\Lib\site-packages\starlette\middleware\base.py", line 191, in __call__
    |     with recv_stream, send_stream, collapse_excgroups():
    |                                    ~~~~~~~~~~~~~~~~~~^^
    |   File "C:\Python314\Lib\contextlib.py", line 162, in __exit__
    |     self.gen.throw(value)
    |     ~~~~~~~~~~~~~~^^^^^^^
    |   File "C:\Python314\Lib\site-packages\starlette\_utils.py", line 87, in collapse_excgroups
    |     raise exc
    |   File "C:\Python314\Lib\site-packages\starlette\middleware\base.py", line 193, in __call__
    |     response = await self.dispatch_func(request, call_next)
    |                ^^^^^^^^^^^^^^^^^^^^^^^^^^^^^^^^^^^^^^^^^^^^
    |   File "D:\BikeMaster\bike_analyzer\backend\api\app_factory.py", line 249, in add_security_headers
    |     response = await call_next(request)
    |                ^^^^^^^^^^^^^^^^^^^^^^^^
    |   File "C:\Python314\Lib\site-packages\starlette\middleware\base.py", line 168, in call_next
    |     raise app_exc from app_exc.__cause__ or app_exc.__context__
    |   File "C:\Python314\Lib\site-packages\starlette\middleware\base.py", line 144, in coro
    |     await self.app(scope, receive_or_disconnect, send_no_error)
    |   File "C:\Python314\Lib\site-packages\starlette\middleware\base.py", line 191, in __call__
    |     with recv_stream, send_stream, collapse_excgroups():
    |                                    ~~~~~~~~~~~~~~~~~~^^
    |   File "C:\Python314\Lib\contextlib.py", line 162, in __exit__
    |     self.gen.throw(value)
    |     ~~~~~~~~~~~~~~^^^^^^^
    |   File "C:\Python314\Lib\site-packages\starlette\_utils.py", line 87, in collapse_excgroups
    |     raise exc
    |   File "C:\Python314\Lib\site-packages\starlette\middleware\base.py", line 193, in __call__
    |     response = await self.dispatch_func(request, call_next)
    |                ^^^^^^^^^^^^^^^^^^^^^^^^^^^^^^^^^^^^^^^^^^^^
    |   File "D:\BikeMaster\bike_analyzer\backend\api\app_factory.py", line 224, in audit_log_middleware
    |     response = await call_next(request)
    |                ^^^^^^^^^^^^^^^^^^^^^^^^
    |   File "C:\Python314\Lib\site-packages\starlette\middleware\base.py", line 168, in call_next
    |     raise app_exc from app_exc.__cause__ or app_exc.__context__
    |   File "C:\Python314\Lib\site-packages\starlette\middleware\base.py", line 144, in coro
    |     await self.app(scope, receive_or_disconnect, send_no_error)
    |   File "C:\Python314\Lib\site-packages\starlette\middleware\base.py", line 191, in __call__
    |     with recv_stream, send_stream, collapse_excgroups():
    |                                    ~~~~~~~~~~~~~~~~~~^^
    |   File "C:\Python314\Lib\contextlib.py", line 162, in __exit__
    |     self.gen.throw(value)
    |     ~~~~~~~~~~~~~~^^^^^^^
    |   File "C:\Python314\Lib\site-packages\starlette\_utils.py", line 87, in collapse_excgroups
    |     raise exc
    |   File "C:\Python314\Lib\site-packages\starlette\middleware\base.py", line 193, in __call__
    |     response = await self.dispatch_func(request, call_next)
    |                ^^^^^^^^^^^^^^^^^^^^^^^^^^^^^^^^^^^^^^^^^^^^
    |   File "D:\BikeMaster\bike_analyzer\backend\api\app_factory.py", line 199, in user_api_keys_middleware
    |     response = await call_next(request)
    |                ^^^^^^^^^^^^^^^^^^^^^^^^
    |   File "C:\Python314\Lib\site-packages\starlette\middleware\base.py", line 168, in call_next
    |     raise app_exc from app_exc.__cause__ or app_exc.__context__
    |   File "C:\Python314\Lib\site-packages\starlette\middleware\base.py", line 144, in coro
    |     await self.app(scope, receive_or_disconnect, send_no_error)
    |   File "C:\Python314\Lib\site-packages\starlette\middleware\base.py", line 191, in __call__
    |     with recv_stream, send_stream, collapse_excgroups():
    |                                    ~~~~~~~~~~~~~~~~~~^^
    |   File "C:\Python314\Lib\contextlib.py", line 162, in __exit__
    |     self.gen.throw(value)
    |     ~~~~~~~~~~~~~~^^^^^^^
    |   File "C:\Python314\Lib\site-packages\starlette\_utils.py", line 87, in collapse_excgroups
    |     raise exc
    |   File "C:\Python314\Lib\site-packages\starlette\middleware\base.py", line 193, in __call__
    |     response = await self.dispatch_func(request, call_next)
    |                ^^^^^^^^^^^^^^^^^^^^^^^^^^^^^^^^^^^^^^^^^^^^
    |   File "D:\BikeMaster\bike_analyzer\backend\api\app_factory.py", line 183, in correlation_id_middleware
    |     response = await call_next(request)
    |                ^^^^^^^^^^^^^^^^^^^^^^^^
    |   File "C:\Python314\Lib\site-packages\starlette\middleware\base.py", line 168, in call_next
    |     raise app_exc from app_exc.__cause__ or app_exc.__context__
    |   File "C:\Python314\Lib\site-packages\starlette\middleware\base.py", line 144, in coro
    |     await self.app(scope, receive_or_disconnect, send_no_error)
    |   File "D:\BikeMaster\bike_analyzer\backend\monitoring.py", line 315, in __call__
    |     await self.app(scope, receive, send_with_metrics)
    |   File "C:\Python314\Lib\site-packages\starlette\middleware\base.py", line 191, in __call__
    |     with recv_stream, send_stream, collapse_excgroups():
    |                                    ~~~~~~~~~~~~~~~~~~^^
    |   File "C:\Python314\Lib\contextlib.py", line 162, in __exit__
    |     self.gen.throw(value)
    |     ~~~~~~~~~~~~~~^^^^^^^
    |   File "C:\Python314\Lib\site-packages\starlette\_utils.py", line 87, in collapse_excgroups
    |     raise exc
    |   File "C:\Python314\Lib\site-packages\starlette\middleware\base.py", line 193, in __call__
    |     response = await self.dispatch_func(request, call_next)
    |                ^^^^^^^^^^^^^^^^^^^^^^^^^^^^^^^^^^^^^^^^^^^^
    |   File "C:\Python314\Lib\site-packages\slowapi\middleware.py", line 136, in dispatch
    |     response = await call_next(request)
    |                ^^^^^^^^^^^^^^^^^^^^^^^^
    |   File "C:\Python314\Lib\site-packages\starlette\middleware\base.py", line 168, in call_next
    |     raise app_exc from app_exc.__cause__ or app_exc.__context__
    |   File "C:\Python314\Lib\site-packages\starlette\middleware\base.py", line 144, in coro
    |     await self.app(scope, receive_or_disconnect, send_no_error)
    |   File "C:\Python314\Lib\site-packages\starlette\middleware\exceptions.py", line 63, in __call__
    |     await wrap_app_handling_exceptions(self.app, conn)(scope, receive, send)
    |   File "C:\Python314\Lib\site-packages\starlette\_exception_handler.py", line 53, in wrapped_app
    |     raise exc
    |   File "C:\Python314\Lib\site-packages\starlette\_exception_handler.py", line 42, in wrapped_app
    |     await app(scope, receive, sender)
    |   File "C:\Python314\Lib\site-packages\fastapi\middleware\asyncexitstack.py", line 18, in __call__
    |     await self.app(scope, receive, send)
    |   File "C:\Python314\Lib\site-packages\starlette\routing.py", line 716, in __call__
    |     await self.middleware_stack(scope, receive, send)
    |   File "C:\Python314\Lib\site-packages\starlette\routing.py", line 736, in app
    |     await route.handle(scope, receive, send)
    |   File "C:\Python314\Lib\site-packages\starlette\routing.py", line 290, in handle
    |     await self.app(scope, receive, send)
    |   File "C:\Python314\Lib\site-packages\fastapi\routing.py", line 134, in app
    |     await wrap_app_handling_exceptions(app, request)(scope, receive, send)
    |   File "C:\Python314\Lib\site-packages\starlette\_exception_handler.py", line 53, in wrapped_app
    |     raise exc
    |   File "C:\Python314\Lib\site-packages\starlette\_exception_handler.py", line 42, in wrapped_app
    |     await app(scope, receive, sender)
    |   File "C:\Python314\Lib\site-packages\fastapi\routing.py", line 120, in app
    |     response = await f(request)
    |                ^^^^^^^^^^^^^^^^
    |   File "C:\Python314\Lib\site-packages\fastapi\routing.py", line 674, in app
    |     raw_response = await run_endpoint_function(
    |                    ^^^^^^^^^^^^^^^^^^^^^^^^^^^^
    |     ...<3 lines>...
    |     )
    |     ^
    |   File "C:\Python314\Lib\site-packages\fastapi\routing.py", line 328, in run_endpoint_function
    |     return await dependant.call(**values)
    |            ^^^^^^^^^^^^^^^^^^^^^^^^^^^^^^
    |   File "D:\BikeMaster\bike_analyzer\backend\api\routes.py", line 1493, in speed_chart
    |     segments = build_segments(points)
    |   File "D:\BikeMaster\bike_analyzer\backend\processing\processing.py", line 116, in build_segments
    |     duration_s = (curr.timestamp - prev.timestamp).total_seconds()
    |                   ~~~~~~~~~~~~~~~^~~~~~~~~~~~~~~~
    | TypeError: unsupported operand type(s) for -: 'str' and 'str'
    +------------------------------------

The above exception was the direct cause of the following exception:

Traceback (most recent call last):
  File "D:\BikeMaster\tests\test_routes_comprehensive.py", line 472, in test_speed
    resp = tc.get(f"/api/v1/charts/speed/{ride_id}")
  File "C:\Python314\Lib\site-packages\starlette\testclient.py", line 473, in get
    return super().get(
           ~~~~~~~~~~~^
        url,
        ^^^^
    ...<6 lines>...
        extensions=extensions,
        ^^^^^^^^^^^^^^^^^^^^^^
    )
    ^
  File "C:\Python314\Lib\site-packages\httpx\_client.py", line 1053, in get
    return self.request(
           ~~~~~~~~~~~~^
        "GET",
        ^^^^^^
    ...<7 lines>...
        extensions=extensions,
        ^^^^^^^^^^^^^^^^^^^^^^
    )
    ^
  File "C:\Python314\Lib\site-packages\starlette\testclient.py", line 445, in request
    return super().request(
           ~~~~~~~~~~~~~~~^
        method,
        ^^^^^^^
    ...<11 lines>...
        extensions=extensions,
        ^^^^^^^^^^^^^^^^^^^^^^
    )
    ^
  File "C:\Python314\Lib\site-packages\httpx\_client.py", line 825, in request
    return self.send(request, auth=auth, follow_redirects=follow_redirects)
           ~~~~~~~~~^^^^^^^^^^^^^^^^^^^^^^^^^^^^^^^^^^^^^^^^^^^^^^^^^^^^^^^
  File "C:\Python314\Lib\site-packages\httpx\_client.py", line 914, in send
    response = self._send_handling_auth(
        request,
    ...<2 lines>...
        history=[],
    )
  File "C:\Python314\Lib\site-packages\httpx\_client.py", line 942, in _send_handling_auth
    response = self._send_handling_redirects(
        request,
        follow_redirects=follow_redirects,
        history=history,
    )
  File "C:\Python314\Lib\site-packages\httpx\_client.py", line 979, in _send_handling_redirects
    response = self._send_single_request(request)
  File "C:\Python314\Lib\site-packages\httpx\_client.py", line 1014, in _send_single_request
    response = transport.handle_request(request)
  File "C:\Python314\Lib\site-packages\starlette\testclient.py", line 348, in handle_request
    raise exc
  File "C:\Python314\Lib\site-packages\starlette\testclient.py", line 345, in handle_request
    portal.call(self.app, scope, receive, send)
    ~~~~~~~~~~~^^^^^^^^^^^^^^^^^^^^^^^^^^^^^^^^
  File "C:\Python314\Lib\site-packages\anyio\from_thread.py", line 334, in call
    return cast(T_Retval, self.start_task_soon(func, *args).result())
                          ~~~~~~~~~~~~~~~~~~~~~~~~~~~~~~~~~~~~~~~~^^
  File "C:\Python314\Lib\concurrent\futures\_base.py", line 450, in result
    return self.__get_result()
           ~~~~~~~~~~~~~~~~~^^
  File "C:\Python314\Lib\concurrent\futures\_base.py", line 395, in __get_result
    raise self._exception
  File "C:\Python314\Lib\site-packages\anyio\from_thread.py", line 259, in _call_func
    retval = await retval_or_awaitable
             ^^^^^^^^^^^^^^^^^^^^^^^^^
  File "C:\Python314\Lib\site-packages\fastapi\applications.py", line 1159, in __call__
    await super().__call__(scope, receive, send)
  File "C:\Python314\Lib\site-packages\starlette\applications.py", line 107, in __call__
    await self.middleware_stack(scope, receive, send)
  File "C:\Python314\Lib\site-packages\starlette\middleware\errors.py", line 186, in __call__
    raise exc
  File "C:\Python314\Lib\site-packages\starlette\middleware\errors.py", line 164, in __call__
    await self.app(scope, receive, _send)
  File "C:\Python314\Lib\site-packages\starlette\middleware\cors.py", line 87, in __call__
    await self.app(scope, receive, send)
  File "C:\Python314\Lib\site-packages\starlette\middleware\base.py", line 191, in __call__
    with recv_stream, send_stream, collapse_excgroups():
                                   ~~~~~~~~~~~~~~~~~~^^
  File "C:\Python314\Lib\contextlib.py", line 162, in __exit__
    self.gen.throw(value)
    ~~~~~~~~~~~~~~^^^^^^^
  File "C:\Python314\Lib\site-packages\starlette\_utils.py", line 87, in collapse_excgroups
    raise exc
  File "C:\Python314\Lib\site-packages\starlette\middleware\base.py", line 193, in __call__
    response = await self.dispatch_func(request, call_next)
               ^^^^^^^^^^^^^^^^^^^^^^^^^^^^^^^^^^^^^^^^^^^^
  File "D:\BikeMaster\bike_analyzer\backend\api\app_factory.py", line 249, in add_security_headers
    response = await call_next(request)
               ^^^^^^^^^^^^^^^^^^^^^^^^
  File "C:\Python314\Lib\site-packages\starlette\middleware\base.py", line 168, in call_next
    raise app_exc from app_exc.__cause__ or app_exc.__context__
  File "C:\Python314\Lib\site-packages\starlette\middleware\base.py", line 144, in coro
    await self.app(scope, receive_or_disconnect, send_no_error)
  File "C:\Python314\Lib\site-packages\starlette\middleware\base.py", line 191, in __call__
    with recv_stream, send_stream, collapse_excgroups():
                                   ~~~~~~~~~~~~~~~~~~^^
  File "C:\Python314\Lib\contextlib.py", line 162, in __exit__
    self.gen.throw(value)
    ~~~~~~~~~~~~~~^^^^^^^
  File "C:\Python314\Lib\site-packages\starlette\_utils.py", line 87, in collapse_excgroups
    raise exc
  File "C:\Python314\Lib\site-packages\starlette\middleware\base.py", line 193, in __call__
    response = await self.dispatch_func(request, call_next)
               ^^^^^^^^^^^^^^^^^^^^^^^^^^^^^^^^^^^^^^^^^^^^
  File "D:\BikeMaster\bike_analyzer\backend\api\app_factory.py", line 224, in audit_log_middleware
    response = await call_next(request)
               ^^^^^^^^^^^^^^^^^^^^^^^^
  File "C:\Python314\Lib\site-packages\starlette\middleware\base.py", line 168, in call_next
    raise app_exc from app_exc.__cause__ or app_exc.__context__
  File "C:\Python314\Lib\site-packages\starlette\middleware\base.py", line 144, in coro
    await self.app(scope, receive_or_disconnect, send_no_error)
  File "C:\Python314\Lib\site-packages\starlette\middleware\base.py", line 191, in __call__
    with recv_stream, send_stream, collapse_excgroups():
                                   ~~~~~~~~~~~~~~~~~~^^
  File "C:\Python314\Lib\contextlib.py", line 162, in __exit__
    self.gen.throw(value)
    ~~~~~~~~~~~~~~^^^^^^^
  File "C:\Python314\Lib\site-packages\starlette\_utils.py", line 87, in collapse_excgroups
    raise exc
  File "C:\Python314\Lib\site-packages\starlette\middleware\base.py", line 193, in __call__
    response = await self.dispatch_func(request, call_next)
               ^^^^^^^^^^^^^^^^^^^^^^^^^^^^^^^^^^^^^^^^^^^^
  File "D:\BikeMaster\bike_analyzer\backend\api\app_factory.py", line 199, in user_api_keys_middleware
    response = await call_next(request)
               ^^^^^^^^^^^^^^^^^^^^^^^^
  File "C:\Python314\Lib\site-packages\starlette\middleware\base.py", line 168, in call_next
    raise app_exc from app_exc.__cause__ or app_exc.__context__
  File "C:\Python314\Lib\site-packages\starlette\middleware\base.py", line 144, in coro
    await self.app(scope, receive_or_disconnect, send_no_error)
  File "C:\Python314\Lib\site-packages\starlette\middleware\base.py", line 191, in __call__
    with recv_stream, send_stream, collapse_excgroups():
                                   ~~~~~~~~~~~~~~~~~~^^
  File "C:\Python314\Lib\contextlib.py", line 162, in __exit__
    self.gen.throw(value)
    ~~~~~~~~~~~~~~^^^^^^^
  File "C:\Python314\Lib\site-packages\starlette\_utils.py", line 87, in collapse_excgroups
    raise exc
  File "C:\Python314\Lib\site-packages\starlette\middleware\base.py", line 193, in __call__
    response = await self.dispatch_func(request, call_next)
               ^^^^^^^^^^^^^^^^^^^^^^^^^^^^^^^^^^^^^^^^^^^^
  File "D:\BikeMaster\bike_analyzer\backend\api\app_factory.py", line 183, in correlation_id_middleware
    response = await call_next(request)
               ^^^^^^^^^^^^^^^^^^^^^^^^
  File "C:\Python314\Lib\site-packages\starlette\middleware\base.py", line 168, in call_next
    raise app_exc from app_exc.__cause__ or app_exc.__context__
  File "C:\Python314\Lib\site-packages\starlette\middleware\base.py", line 144, in coro
    await self.app(scope, receive_or_disconnect, send_no_error)
  File "D:\BikeMaster\bike_analyzer\backend\monitoring.py", line 315, in __call__
    await self.app(scope, receive, send_with_metrics)
  File "C:\Python314\Lib\site-packages\starlette\middleware\base.py", line 191, in __call__
    with recv_stream, send_stream, collapse_excgroups():
                                   ~~~~~~~~~~~~~~~~~~^^
  File "C:\Python314\Lib\contextlib.py", line 162, in __exit__
    self.gen.throw(value)
    ~~~~~~~~~~~~~~^^^^^^^
  File "C:\Python314\Lib\site-packages\starlette\_utils.py", line 87, in collapse_excgroups
    raise exc
  File "C:\Python314\Lib\site-packages\starlette\middleware\base.py", line 193, in __call__
    response = await self.dispatch_func(request, call_next)
               ^^^^^^^^^^^^^^^^^^^^^^^^^^^^^^^^^^^^^^^^^^^^
  File "C:\Python314\Lib\site-packages\slowapi\middleware.py", line 136, in dispatch
    response = await call_next(request)
               ^^^^^^^^^^^^^^^^^^^^^^^^
  File "C:\Python314\Lib\site-packages\starlette\middleware\base.py", line 168, in call_next
    raise app_exc from app_exc.__cause__ or app_exc.__context__
  File "C:\Python314\Lib\site-packages\starlette\middleware\base.py", line 144, in coro
    await self.app(scope, receive_or_disconnect, send_no_error)
  File "C:\Python314\Lib\site-packages\starlette\middleware\exceptions.py", line 63, in __call__
    await wrap_app_handling_exceptions(self.app, conn)(scope, receive, send)
  File "C:\Python314\Lib\site-packages\starlette\_exception_handler.py", line 53, in wrapped_app
    raise exc
  File "C:\Python314\Lib\site-packages\starlette\_exception_handler.py", line 42, in wrapped_app
    await app(scope, receive, sender)
  File "C:\Python314\Lib\site-packages\fastapi\middleware\asyncexitstack.py", line 18, in __call__
    await self.app(scope, receive, send)
  File "C:\Python314\Lib\site-packages\starlette\routing.py", line 716, in __call__
    await self.middleware_stack(scope, receive, send)
  File "C:\Python314\Lib\site-packages\starlette\routing.py", line 736, in app
    await route.handle(scope, receive, send)
  File "C:\Python314\Lib\site-packages\starlette\routing.py", line 290, in handle
    await self.app(scope, receive, send)
  File "C:\Python314\Lib\site-packages\fastapi\routing.py", line 134, in app
    await wrap_app_handling_exceptions(app, request)(scope, receive, send)
  File "C:\Python314\Lib\site-packages\starlette\_exception_handler.py", line 53, in wrapped_app
    raise exc
  File "C:\Python314\Lib\site-packages\starlette\_exception_handler.py", line 42, in wrapped_app
    await app(scope, receive, sender)
  File "C:\Python314\Lib\site-packages\fastapi\routing.py", line 120, in app
    response = await f(request)
               ^^^^^^^^^^^^^^^^
  File "C:\Python314\Lib\site-packages\fastapi\routing.py", line 674, in app
    raw_response = await run_endpoint_function(
                   ^^^^^^^^^^^^^^^^^^^^^^^^^^^^
    ...<3 lines>...
    )
    ^
  File "C:\Python314\Lib\site-packages\fastapi\routing.py", line 328, in run_endpoint_function
    return await dependant.call(**values)
           ^^^^^^^^^^^^^^^^^^^^^^^^^^^^^^
  File "D:\BikeMaster\bike_analyzer\backend\api\routes.py", line 1493, in speed_chart
    segments = build_segments(points)
  File "D:\BikeMaster\bike_analyzer\backend\processing\processing.py", line 116, in build_segments
    duration_s = (curr.timestamp - prev.timestamp).total_seconds()
                  ~~~~~~~~~~~~~~~^~~~~~~~~~~~~~~~
TypeError: unsupported operand type(s) for -: 'str' and 'str'

The above exception was the direct cause of the following exception:
tests\test_routes_comprehensive.py:472: in test_speed
    resp = tc.get(f"/api/v1/charts/speed/{ride_id}")
           ^^^^^^^^^^^^^^^^^^^^^^^^^^^^^^^^^^^^^^^^^
C:\Python314\Lib\site-packages\starlette\testclient.py:473: in get
    return super().get(
C:\Python314\Lib\site-packages\httpx\_client.py:1053: in get
    return self.request(
C:\Python314\Lib\site-packages\starlette\testclient.py:445: in request
    return super().request(
C:\Python314\Lib\site-packages\httpx\_client.py:825: in request
    return self.send(request, auth=auth, follow_redirects=follow_redirects)
           ^^^^^^^^^^^^^^^^^^^^^^^^^^^^^^^^^^^^^^^^^^^^^^^^^^^^^^^^^^^^^^^^
C:\Python314\Lib\site-packages\httpx\_client.py:914: in send
    response = self._send_handling_auth(
C:\Python314\Lib\site-packages\httpx\_client.py:942: in _send_handling_auth
    response = self._send_handling_redirects(
C:\Python314\Lib\site-packages\httpx\_client.py:979: in _send_handling_redirects
    response = self._send_single_request(request)
               ^^^^^^^^^^^^^^^^^^^^^^^^^^^^^^^^^^
C:\Python314\Lib\site-packages\httpx\_client.py:1014: in _send_single_request
    response = transport.handle_request(request)
               ^^^^^^^^^^^^^^^^^^^^^^^^^^^^^^^^^
C:\Python314\Lib\site-packages\starlette\testclient.py:348: in handle_request
    raise exc
C:\Python314\Lib\site-packages\starlette\testclient.py:345: in handle_request
    portal.call(self.app, scope, receive, send)
C:\Python314\Lib\site-packages\anyio\from_thread.py:334: in call
    return cast(T_Retval, self.start_task_soon(func, *args).result())
                          ^^^^^^^^^^^^^^^^^^^^^^^^^^^^^^^^^^^^^^^^^^
C:\Python314\Lib\concurrent\futures\_base.py:450: in result
    return self.__get_result()
           ^^^^^^^^^^^^^^^^^^^
C:\Python314\Lib\concurrent\futures\_base.py:395: in __get_result
    raise self._exception
C:\Python314\Lib\site-packages\anyio\from_thread.py:259: in _call_func
    retval = await retval_or_awaitable
             ^^^^^^^^^^^^^^^^^^^^^^^^^
C:\Python314\Lib\site-packages\fastapi\applications.py:1159: in __call__
    await super().__call__(scope, receive, send)
C:\Python314\Lib\site-packages\starlette\applications.py:107: in __call__
    await self.middleware_stack(scope, receive, send)
C:\Python314\Lib\site-packages\starlette\middleware\errors.py:186: in __call__
    raise exc
C:\Python314\Lib\site-packages\starlette\middleware\errors.py:164: in __call__
    await self.app(scope, receive, _send)
C:\Python314\Lib\site-packages\starlette\middleware\cors.py:87: in __call__
    await self.app(scope, receive, send)
C:\Python314\Lib\site-packages\starlette\middleware\base.py:191: in __call__
    with recv_stream, send_stream, collapse_excgroups():
                                   ^^^^^^^^^^^^^^^^^^^^
C:\Python314\Lib\contextlib.py:162: in __exit__
    self.gen.throw(value)
C:\Python314\Lib\site-packages\starlette\_utils.py:87: in collapse_excgroups
    raise exc
C:\Python314\Lib\site-packages\starlette\middleware\base.py:193: in __call__
    response = await self.dispatch_func(request, call_next)
               ^^^^^^^^^^^^^^^^^^^^^^^^^^^^^^^^^^^^^^^^^^^^
bike_analyzer\backend\api\app_factory.py:249: in add_security_headers
    response = await call_next(request)
               ^^^^^^^^^^^^^^^^^^^^^^^^
C:\Python314\Lib\site-packages\starlette\middleware\base.py:168: in call_next
    raise app_exc from app_exc.__cause__ or app_exc.__context__
C:\Python314\Lib\site-packages\starlette\middleware\base.py:144: in coro
    await self.app(scope, receive_or_disconnect, send_no_error)
C:\Python314\Lib\site-packages\starlette\middleware\base.py:191: in __call__
    with recv_stream, send_stream, collapse_excgroups():
                                   ^^^^^^^^^^^^^^^^^^^^
C:\Python314\Lib\contextlib.py:162: in __exit__
    self.gen.throw(value)
C:\Python314\Lib\site-packages\starlette\_utils.py:87: in collapse_excgroups
    raise exc
C:\Python314\Lib\site-packages\starlette\middleware\base.py:193: in __call__
    response = await self.dispatch_func(request, call_next)
               ^^^^^^^^^^^^^^^^^^^^^^^^^^^^^^^^^^^^^^^^^^^^
bike_analyzer\backend\api\app_factory.py:224: in audit_log_middleware
    response = await call_next(request)
               ^^^^^^^^^^^^^^^^^^^^^^^^
C:\Python314\Lib\site-packages\starlette\middleware\base.py:168: in call_next
    raise app_exc from app_exc.__cause__ or app_exc.__context__
C:\Python314\Lib\site-packages\starlette\middleware\base.py:144: in coro
    await self.app(scope, receive_or_disconnect, send_no_error)
C:\Python314\Lib\site-packages\starlette\middleware\base.py:191: in __call__
    with recv_stream, send_stream, collapse_excgroups():
                                   ^^^^^^^^^^^^^^^^^^^^
C:\Python314\Lib\contextlib.py:162: in __exit__
    self.gen.throw(value)
C:\Python314\Lib\site-packages\starlette\_utils.py:87: in collapse_excgroups
    raise exc
C:\Python314\Lib\site-packages\starlette\middleware\base.py:193: in __call__
    response = await self.dispatch_func(request, call_next)
               ^^^^^^^^^^^^^^^^^^^^^^^^^^^^^^^^^^^^^^^^^^^^
bike_analyzer\backend\api\app_factory.py:199: in user_api_keys_middleware
    response = await call_next(request)
               ^^^^^^^^^^^^^^^^^^^^^^^^
C:\Python314\Lib\site-packages\starlette\middleware\base.py:168: in call_next
    raise app_exc from app_exc.__cause__ or app_exc.__context__
C:\Python314\Lib\site-packages\starlette\middleware\base.py:144: in coro
    await self.app(scope, receive_or_disconnect, send_no_error)
C:\Python314\Lib\site-packages\starlette\middleware\base.py:191: in __call__
    with recv_stream, send_stream, collapse_excgroups():
                                   ^^^^^^^^^^^^^^^^^^^^
C:\Python314\Lib\contextlib.py:162: in __exit__
    self.gen.throw(value)
C:\Python314\Lib\site-packages\starlette\_utils.py:87: in collapse_excgroups
    raise exc
C:\Python314\Lib\site-packages\starlette\middleware\base.py:193: in __call__
    response = await self.dispatch_func(request, call_next)
               ^^^^^^^^^^^^^^^^^^^^^^^^^^^^^^^^^^^^^^^^^^^^
bike_analyzer\backend\api\app_factory.py:183: in correlation_id_middleware
    response = await call_next(request)
               ^^^^^^^^^^^^^^^^^^^^^^^^
C:\Python314\Lib\site-packages\starlette\middleware\base.py:168: in call_next
    raise app_exc from app_exc.__cause__ or app_exc.__context__
C:\Python314\Lib\site-packages\starlette\middleware\base.py:144: in coro
    await self.app(scope, receive_or_disconnect, send_no_error)
bike_analyzer\backend\monitoring.py:315: in __call__
    await self.app(scope, receive, send_with_metrics)
C:\Python314\Lib\site-packages\starlette\middleware\base.py:191: in __call__
    with recv_stream, send_stream, collapse_excgroups():
                                   ^^^^^^^^^^^^^^^^^^^^
C:\Python314\Lib\contextlib.py:162: in __exit__
    self.gen.throw(value)
C:\Python314\Lib\site-packages\starlette\_utils.py:87: in collapse_excgroups
    raise exc
C:\Python314\Lib\site-packages\starlette\middleware\base.py:193: in __call__
    response = await self.dispatch_func(request, call_next)
               ^^^^^^^^^^^^^^^^^^^^^^^^^^^^^^^^^^^^^^^^^^^^
C:\Python314\Lib\site-packages\slowapi\middleware.py:136: in dispatch
    response = await call_next(request)
               ^^^^^^^^^^^^^^^^^^^^^^^^
C:\Python314\Lib\site-packages\starlette\middleware\base.py:168: in call_next
    raise app_exc from app_exc.__cause__ or app_exc.__context__
C:\Python314\Lib\site-packages\starlette\middleware\base.py:144: in coro
    await self.app(scope, receive_or_disconnect, send_no_error)
C:\Python314\Lib\site-packages\starlette\middleware\exceptions.py:63: in __call__
    await wrap_app_handling_exceptions(self.app, conn)(scope, receive, send)
C:\Python314\Lib\site-packages\starlette\_exception_handler.py:53: in wrapped_app
    raise exc
C:\Python314\Lib\site-packages\starlette\_exception_handler.py:42: in wrapped_app
    await app(scope, receive, sender)
C:\Python314\Lib\site-packages\fastapi\middleware\asyncexitstack.py:18: in __call__
    await self.app(scope, receive, send)
C:\Python314\Lib\site-packages\starlette\routing.py:716: in __call__
    await self.middleware_stack(scope, receive, send)
C:\Python314\Lib\site-packages\starlette\routing.py:736: in app
    await route.handle(scope, receive, send)
C:\Python314\Lib\site-packages\starlette\routing.py:290: in handle
    await self.app(scope, receive, send)
C:\Python314\Lib\site-packages\fastapi\routing.py:134: in app
    await wrap_app_handling_exceptions(app, request)(scope, receive, send)
C:\Python314\Lib\site-packages\starlette\_exception_handler.py:53: in wrapped_app
    raise exc
C:\Python314\Lib\site-packages\starlette\_exception_handler.py:42: in wrapped_app
    await app(scope, receive, sender)
C:\Python314\Lib\site-packages\fastapi\routing.py:120: in app
    response = await f(request)
               ^^^^^^^^^^^^^^^^
C:\Python314\Lib\site-packages\fastapi\routing.py:674: in app
    raw_response = await run_endpoint_function(
C:\Python314\Lib\site-packages\fastapi\routing.py:328: in run_endpoint_function
    return await dependant.call(**values)
           ^^^^^^^^^^^^^^^^^^^^^^^^^^^^^^
bike_analyzer\backend\api\routes.py:1493: in speed_chart
    segments = build_segments(points)
               ^^^^^^^^^^^^^^^^^^^^^^
bike_analyzer\backend\processing\processing.py:116: in build_segments
    duration_s = (curr.timestamp - prev.timestamp).total_seconds()
                  ^^^^^^^^^^^^^^^^^^^^^^^^^^^^^^^
E   TypeError: unsupported operand type(s) for -: 'str' and 'str'
------------------------------ Captured log call ------------------------------
ERROR    bike_analyzer.backend.api.app_factory:app_factory.py:185 Unhandled exception for request_id=604b3b0d-e5ee-4c1a-91b1-22bc629b1fa6
  + Exception Group Traceback (most recent call last):
  |   File "C:\Python314\Lib\site-packages\starlette\_utils.py", line 81, in collapse_excgroups
  |     yield
  |   File "C:\Python314\Lib\site-packages\starlette\middleware\base.py", line 192, in __call__
  |     async with anyio.create_task_group() as task_group:
  |                ~~~~~~~~~~~~~~~~~~~~~~~^^
  |   File "C:\Python314\Lib\site-packages\anyio\_backends\_asyncio.py", line 799, in __aexit__
  |     raise BaseExceptionGroup(
  |         "unhandled errors in a TaskGroup", self._exceptions
  |     ) from None
  | ExceptionGroup: unhandled errors in a TaskGroup (1 sub-exception)
  +-+---------------- 1 ----------------
    | Traceback (most recent call last):
    |   File "D:\BikeMaster\bike_analyzer\backend\api\app_factory.py", line 183, in correlation_id_middleware
    |     response = await call_next(request)
    |                ^^^^^^^^^^^^^^^^^^^^^^^^
    |   File "C:\Python314\Lib\site-packages\starlette\middleware\base.py", line 168, in call_next
    |     raise app_exc from app_exc.__cause__ or app_exc.__context__
    |   File "C:\Python314\Lib\site-packages\starlette\middleware\base.py", line 144, in coro
    |     await self.app(scope, receive_or_disconnect, send_no_error)
    |   File "D:\BikeMaster\bike_analyzer\backend\monitoring.py", line 315, in __call__
    |     await self.app(scope, receive, send_with_metrics)
    |   File "C:\Python314\Lib\site-packages\starlette\middleware\base.py", line 191, in __call__
    |     with recv_stream, send_stream, collapse_excgroups():
    |                                    ~~~~~~~~~~~~~~~~~~^^
    |   File "C:\Python314\Lib\contextlib.py", line 162, in __exit__
    |     self.gen.throw(value)
    |     ~~~~~~~~~~~~~~^^^^^^^
    |   File "C:\Python314\Lib\site-packages\starlette\_utils.py", line 87, in collapse_excgroups
    |     raise exc
    |   File "C:\Python314\Lib\site-packages\starlette\middleware\base.py", line 193, in __call__
    |     response = await self.dispatch_func(request, call_next)
    |                ^^^^^^^^^^^^^^^^^^^^^^^^^^^^^^^^^^^^^^^^^^^^
    |   File "C:\Python314\Lib\site-packages\slowapi\middleware.py", line 136, in dispatch
    |     response = await call_next(request)
    |                ^^^^^^^^^^^^^^^^^^^^^^^^
    |   File "C:\Python314\Lib\site-packages\starlette\middleware\base.py", line 168, in call_next
    |     raise app_exc from app_exc.__cause__ or app_exc.__context__
    |   File "C:\Python314\Lib\site-packages\starlette\middleware\base.py", line 144, in coro
    |     await self.app(scope, receive_or_disconnect, send_no_error)
    |   File "C:\Python314\Lib\site-packages\starlette\middleware\exceptions.py", line 63, in __call__
    |     await wrap_app_handling_exceptions(self.app, conn)(scope, receive, send)
    |   File "C:\Python314\Lib\site-packages\starlette\_exception_handler.py", line 53, in wrapped_app
    |     raise exc
    |   File "C:\Python314\Lib\site-packages\starlette\_exception_handler.py", line 42, in wrapped_app
    |     await app(scope, receive, sender)
    |   File "C:\Python314\Lib\site-packages\fastapi\middleware\asyncexitstack.py", line 18, in __call__
    |     await self.app(scope, receive, send)
    |   File "C:\Python314\Lib\site-packages\starlette\routing.py", line 716, in __call__
    |     await self.middleware_stack(scope, receive, send)
    |   File "C:\Python314\Lib\site-packages\starlette\routing.py", line 736, in app
    |     await route.handle(scope, receive, send)
    |   File "C:\Python314\Lib\site-packages\starlette\routing.py", line 290, in handle
    |     await self.app(scope, receive, send)
    |   File "C:\Python314\Lib\site-packages\fastapi\routing.py", line 134, in app
    |     await wrap_app_handling_exceptions(app, request)(scope, receive, send)
    |   File "C:\Python314\Lib\site-packages\starlette\_exception_handler.py", line 53, in wrapped_app
    |     raise exc
    |   File "C:\Python314\Lib\site-packages\starlette\_exception_handler.py", line 42, in wrapped_app
    |     await app(scope, receive, sender)
    |   File "C:\Python314\Lib\site-packages\fastapi\routing.py", line 120, in app
    |     response = await f(request)
    |                ^^^^^^^^^^^^^^^^
    |   File "C:\Python314\Lib\site-packages\fastapi\routing.py", line 674, in app
    |     raw_response = await run_endpoint_function(
    |                    ^^^^^^^^^^^^^^^^^^^^^^^^^^^^
    |     ...<3 lines>...
    |     )
    |     ^
    |   File "C:\Python314\Lib\site-packages\fastapi\routing.py", line 328, in run_endpoint_function
    |     return await dependant.call(**values)
    |            ^^^^^^^^^^^^^^^^^^^^^^^^^^^^^^
    |   File "D:\BikeMaster\bike_analyzer\backend\api\routes.py", line 1493, in speed_chart
    |     segments = build_segments(points)
    |   File "D:\BikeMaster\bike_analyzer\backend\processing\processing.py", line 116, in build_segments
    |     duration_s = (curr.timestamp - prev.timestamp).total_seconds()
    |                   ~~~~~~~~~~~~~~~^~~~~~~~~~~~~~~~
    | TypeError: unsupported operand type(s) for -: 'str' and 'str'
    +------------------------------------

The above exception was the direct cause of the following exception:

Traceback (most recent call last):
  File "D:\BikeMaster\bike_analyzer\backend\api\app_factory.py", line 183, in correlation_id_middleware
    response = await call_next(request)
               ^^^^^^^^^^^^^^^^^^^^^^^^
  File "C:\Python314\Lib\site-packages\starlette\middleware\base.py", line 168, in call_next
    raise app_exc from app_exc.__cause__ or app_exc.__context__
  File "C:\Python314\Lib\site-packages\starlette\middleware\base.py", line 144, in coro
    await self.app(scope, receive_or_disconnect, send_no_error)
  File "D:\BikeMaster\bike_analyzer\backend\monitoring.py", line 315, in __call__
    await self.app(scope, receive, send_with_metrics)
  File "C:\Python314\Lib\site-packages\starlette\middleware\base.py", line 191, in __call__
    with recv_stream, send_stream, collapse_excgroups():
                                   ~~~~~~~~~~~~~~~~~~^^
  File "C:\Python314\Lib\contextlib.py", line 162, in __exit__
    self.gen.throw(value)
    ~~~~~~~~~~~~~~^^^^^^^
  File "C:\Python314\Lib\site-packages\starlette\_utils.py", line 87, in collapse_excgroups
    raise exc
  File "C:\Python314\Lib\site-packages\starlette\middleware\base.py", line 193, in __call__
    response = await self.dispatch_func(request, call_next)
               ^^^^^^^^^^^^^^^^^^^^^^^^^^^^^^^^^^^^^^^^^^^^
  File "C:\Python314\Lib\site-packages\slowapi\middleware.py", line 136, in dispatch
    response = await call_next(request)
               ^^^^^^^^^^^^^^^^^^^^^^^^
  File "C:\Python314\Lib\site-packages\starlette\middleware\base.py", line 168, in call_next
    raise app_exc from app_exc.__cause__ or app_exc.__context__
  File "C:\Python314\Lib\site-packages\starlette\middleware\base.py", line 144, in coro
    await self.app(scope, receive_or_disconnect, send_no_error)
  File "C:\Python314\Lib\site-packages\starlette\middleware\exceptions.py", line 63, in __call__
    await wrap_app_handling_exceptions(self.app, conn)(scope, receive, send)
  File "C:\Python314\Lib\site-packages\starlette\_exception_handler.py", line 53, in wrapped_app
    raise exc
  File "C:\Python314\Lib\site-packages\starlette\_exception_handler.py", line 42, in wrapped_app
    await app(scope, receive, sender)
  File "C:\Python314\Lib\site-packages\fastapi\middleware\asyncexitstack.py", line 18, in __call__
    await self.app(scope, receive, send)
  File "C:\Python314\Lib\site-packages\starlette\routing.py", line 716, in __call__
    await self.middleware_stack(scope, receive, send)
  File "C:\Python314\Lib\site-packages\starlette\routing.py", line 736, in app
    await route.handle(scope, receive, send)
  File "C:\Python314\Lib\site-packages\starlette\routing.py", line 290, in handle
    await self.app(scope, receive, send)
  File "C:\Python314\Lib\site-packages\fastapi\routing.py", line 134, in app
    await wrap_app_handling_exceptions(app, request)(scope, receive, send)
  File "C:\Python314\Lib\site-packages\starlette\_exception_handler.py", line 53, in wrapped_app
    raise exc
  File "C:\Python314\Lib\site-packages\starlette\_exception_handler.py", line 42, in wrapped_app
    await app(scope, receive, sender)
  File "C:\Python314\Lib\site-packages\fastapi\routing.py", line 120, in app
    response = await f(request)
               ^^^^^^^^^^^^^^^^
  File "C:\Python314\Lib\site-packages\fastapi\routing.py", line 674, in app
    raw_response = await run_endpoint_function(
                   ^^^^^^^^^^^^^^^^^^^^^^^^^^^^
    ...<3 lines>...
    )
    ^
  File "C:\Python314\Lib\site-packages\fastapi\routing.py", line 328, in run_endpoint_function
    return await dependant.call(**values)
           ^^^^^^^^^^^^^^^^^^^^^^^^^^^^^^
  File "D:\BikeMaster\bike_analyzer\backend\api\routes.py", line 1493, in speed_chart
    segments = build_segments(points)
  File "D:\BikeMaster\bike_analyzer\backend\processing\processing.py", line 116, in build_segments
    duration_s = (curr.timestamp - prev.timestamp).total_seconds()
                  ~~~~~~~~~~~~~~~^~~~~~~~~~~~~~~~
TypeError: unsupported operand type(s) for -: 'str' and 'str'
_______________________ TestChartsRoutes.test_distance ________________________
  + Exception Group Traceback (most recent call last):
  |   File "C:\Python314\Lib\site-packages\starlette\_utils.py", line 81, in collapse_excgroups
  |     yield
  |   File "C:\Python314\Lib\site-packages\starlette\middleware\base.py", line 192, in __call__
  |     async with anyio.create_task_group() as task_group:
  |                ~~~~~~~~~~~~~~~~~~~~~~~^^
  |   File "C:\Python314\Lib\site-packages\anyio\_backends\_asyncio.py", line 799, in __aexit__
  |     raise BaseExceptionGroup(
  |         "unhandled errors in a TaskGroup", self._exceptions
  |     ) from None
  | ExceptionGroup: unhandled errors in a TaskGroup (1 sub-exception)
  +-+---------------- 1 ----------------
    | Traceback (most recent call last):
    |   File "C:\Python314\Lib\site-packages\_pytest\runner.py", line 344, in from_call
    |     result: TResult | None = func()
    |                              ~~~~^^
    |   File "C:\Python314\Lib\site-packages\_pytest\runner.py", line 246, in <lambda>
    |     lambda: runtest_hook(item=item, **kwds), when=when, reraise=reraise
    |             ~~~~~~~~~~~~^^^^^^^^^^^^^^^^^^^
    |   File "C:\Python314\Lib\site-packages\pluggy\_hooks.py", line 512, in __call__
    |     return self._hookexec(self.name, self._hookimpls.copy(), kwargs, firstresult)
    |            ~~~~~~~~~~~~~~^^^^^^^^^^^^^^^^^^^^^^^^^^^^^^^^^^^^^^^^^^^^^^^^^^^^^^^^
    |   File "C:\Python314\Lib\site-packages\pluggy\_manager.py", line 120, in _hookexec
    |     return self._inner_hookexec(hook_name, methods, kwargs, firstresult)
    |            ~~~~~~~~~~~~~~~~~~~~^^^^^^^^^^^^^^^^^^^^^^^^^^^^^^^^^^^^^^^^^
    |   File "C:\Python314\Lib\site-packages\pluggy\_callers.py", line 167, in _multicall
    |     raise exception
    |   File "C:\Python314\Lib\site-packages\pluggy\_callers.py", line 139, in _multicall
    |     teardown.throw(exception)
    |     ~~~~~~~~~~~~~~^^^^^^^^^^^
    |   File "C:\Python314\Lib\site-packages\_pytest\logging.py", line 850, in pytest_runtest_call
    |     yield
    |   File "C:\Python314\Lib\site-packages\pluggy\_callers.py", line 139, in _multicall
    |     teardown.throw(exception)
    |     ~~~~~~~~~~~~~~^^^^^^^^^^^
    |   File "C:\Python314\Lib\site-packages\_pytest\capture.py", line 900, in pytest_runtest_call
    |     return (yield)
    |             ^^^^^
    |   File "C:\Python314\Lib\site-packages\pluggy\_callers.py", line 139, in _multicall
    |     teardown.throw(exception)
    |     ~~~~~~~~~~~~~~^^^^^^^^^^^
    |   File "C:\Python314\Lib\site-packages\pluggy\_callers.py", line 53, in run_old_style_hookwrapper
    |     return result.get_result()
    |            ~~~~~~~~~~~~~~~~~^^
    |   File "C:\Python314\Lib\site-packages\pluggy\_result.py", line 103, in get_result
    |     raise exc.with_traceback(tb)
    |   File "C:\Python314\Lib\site-packages\pluggy\_callers.py", line 38, in run_old_style_hookwrapper
    |     res = yield
    |           ^^^^^
    |   File "C:\Python314\Lib\site-packages\pluggy\_callers.py", line 139, in _multicall
    |     teardown.throw(exception)
    |     ~~~~~~~~~~~~~~^^^^^^^^^^^
    |   File "C:\Python314\Lib\site-packages\_pytest\skipping.py", line 263, in pytest_runtest_call
    |     return (yield)
    |             ^^^^^
    |   File "C:\Python314\Lib\site-packages\pluggy\_callers.py", line 121, in _multicall
    |     res = hook_impl.function(*args)
    |   File "C:\Python314\Lib\site-packages\_pytest\runner.py", line 178, in pytest_runtest_call
    |     item.runtest()
    |     ~~~~~~~~~~~~^^
    |   File "C:\Python314\Lib\site-packages\_pytest\python.py", line 1671, in runtest
    |     self.ihook.pytest_pyfunc_call(pyfuncitem=self)
    |     ~~~~~~~~~~~~~~~~~~~~~~~~~~~~~^^^^^^^^^^^^^^^^^
    |   File "C:\Python314\Lib\site-packages\pluggy\_hooks.py", line 512, in __call__
    |     return self._hookexec(self.name, self._hookimpls.copy(), kwargs, firstresult)
    |            ~~~~~~~~~~~~~~^^^^^^^^^^^^^^^^^^^^^^^^^^^^^^^^^^^^^^^^^^^^^^^^^^^^^^^^
    |   File "C:\Python314\Lib\site-packages\pluggy\_manager.py", line 120, in _hookexec
    |     return self._inner_hookexec(hook_name, methods, kwargs, firstresult)
    |            ~~~~~~~~~~~~~~~~~~~~^^^^^^^^^^^^^^^^^^^^^^^^^^^^^^^^^^^^^^^^^
    |   File "C:\Python314\Lib\site-packages\pluggy\_callers.py", line 167, in _multicall
    |     raise exception
    |   File "C:\Python314\Lib\site-packages\pluggy\_callers.py", line 139, in _multicall
    |     teardown.throw(exception)
    |     ~~~~~~~~~~~~~~^^^^^^^^^^^
    |   File "C:\Python314\Lib\site-packages\pluggy\_callers.py", line 53, in run_old_style_hookwrapper
    |     return result.get_result()
    |            ~~~~~~~~~~~~~~~~~^^
    |   File "C:\Python314\Lib\site-packages\pluggy\_result.py", line 103, in get_result
    |     raise exc.with_traceback(tb)
    |   File "C:\Python314\Lib\site-packages\pluggy\_callers.py", line 38, in run_old_style_hookwrapper
    |     res = yield
    |           ^^^^^
    |   File "C:\Python314\Lib\site-packages\pluggy\_callers.py", line 121, in _multicall
    |     res = hook_impl.function(*args)
    |   File "C:\Python314\Lib\site-packages\_pytest\python.py", line 157, in pytest_pyfunc_call
    |     result = testfunction(**testargs)
    |   File "D:\BikeMaster\tests\test_routes_comprehensive.py", line 482, in test_distance
    |     resp = tc.get(f"/api/v1/charts/distance/{ride_id}")
    |   File "C:\Python314\Lib\site-packages\starlette\testclient.py", line 473, in get
    |     return super().get(
    |            ~~~~~~~~~~~^
    |         url,
    |         ^^^^
    |     ...<6 lines>...
    |         extensions=extensions,
    |         ^^^^^^^^^^^^^^^^^^^^^^
    |     )
    |     ^
    |   File "C:\Python314\Lib\site-packages\httpx\_client.py", line 1053, in get
    |     return self.request(
    |            ~~~~~~~~~~~~^
    |         "GET",
    |         ^^^^^^
    |     ...<7 lines>...
    |         extensions=extensions,
    |         ^^^^^^^^^^^^^^^^^^^^^^
    |     )
    |     ^
    |   File "C:\Python314\Lib\site-packages\starlette\testclient.py", line 445, in request
    |     return super().request(
    |            ~~~~~~~~~~~~~~~^
    |         method,
    |         ^^^^^^^
    |     ...<11 lines>...
    |         extensions=extensions,
    |         ^^^^^^^^^^^^^^^^^^^^^^
    |     )
    |     ^
    |   File "C:\Python314\Lib\site-packages\httpx\_client.py", line 825, in request
    |     return self.send(request, auth=auth, follow_redirects=follow_redirects)
    |            ~~~~~~~~~^^^^^^^^^^^^^^^^^^^^^^^^^^^^^^^^^^^^^^^^^^^^^^^^^^^^^^^
    |   File "C:\Python314\Lib\site-packages\httpx\_client.py", line 914, in send
    |     response = self._send_handling_auth(
    |         request,
    |     ...<2 lines>...
    |         history=[],
    |     )
    |   File "C:\Python314\Lib\site-packages\httpx\_client.py", line 942, in _send_handling_auth
    |     response = self._send_handling_redirects(
    |         request,
    |         follow_redirects=follow_redirects,
    |         history=history,
    |     )
    |   File "C:\Python314\Lib\site-packages\httpx\_client.py", line 979, in _send_handling_redirects
    |     response = self._send_single_request(request)
    |   File "C:\Python314\Lib\site-packages\httpx\_client.py", line 1014, in _send_single_request
    |     response = transport.handle_request(request)
    |   File "C:\Python314\Lib\site-packages\starlette\testclient.py", line 348, in handle_request
    |     raise exc
    |   File "C:\Python314\Lib\site-packages\starlette\testclient.py", line 345, in handle_request
    |     portal.call(self.app, scope, receive, send)
    |     ~~~~~~~~~~~^^^^^^^^^^^^^^^^^^^^^^^^^^^^^^^^
    |   File "C:\Python314\Lib\site-packages\anyio\from_thread.py", line 334, in call
    |     return cast(T_Retval, self.start_task_soon(func, *args).result())
    |                           ~~~~~~~~~~~~~~~~~~~~~~~~~~~~~~~~~~~~~~~~^^
    |   File "C:\Python314\Lib\concurrent\futures\_base.py", line 450, in result
    |     return self.__get_result()
    |            ~~~~~~~~~~~~~~~~~^^
    |   File "C:\Python314\Lib\concurrent\futures\_base.py", line 395, in __get_result
    |     raise self._exception
    |   File "C:\Python314\Lib\site-packages\anyio\from_thread.py", line 259, in _call_func
    |     retval = await retval_or_awaitable
    |              ^^^^^^^^^^^^^^^^^^^^^^^^^
    |   File "C:\Python314\Lib\site-packages\fastapi\applications.py", line 1159, in __call__
    |     await super().__call__(scope, receive, send)
    |   File "C:\Python314\Lib\site-packages\starlette\applications.py", line 107, in __call__
    |     await self.middleware_stack(scope, receive, send)
    |   File "C:\Python314\Lib\site-packages\starlette\middleware\errors.py", line 186, in __call__
    |     raise exc
    |   File "C:\Python314\Lib\site-packages\starlette\middleware\errors.py", line 164, in __call__
    |     await self.app(scope, receive, _send)
    |   File "C:\Python314\Lib\site-packages\starlette\middleware\cors.py", line 87, in __call__
    |     await self.app(scope, receive, send)
    |   File "C:\Python314\Lib\site-packages\starlette\middleware\base.py", line 191, in __call__
    |     with recv_stream, send_stream, collapse_excgroups():
    |                                    ~~~~~~~~~~~~~~~~~~^^
    |   File "C:\Python314\Lib\contextlib.py", line 162, in __exit__
    |     self.gen.throw(value)
    |     ~~~~~~~~~~~~~~^^^^^^^
    |   File "C:\Python314\Lib\site-packages\starlette\_utils.py", line 87, in collapse_excgroups
    |     raise exc
    |   File "C:\Python314\Lib\site-packages\starlette\middleware\base.py", line 193, in __call__
    |     response = await self.dispatch_func(request, call_next)
    |                ^^^^^^^^^^^^^^^^^^^^^^^^^^^^^^^^^^^^^^^^^^^^
    |   File "D:\BikeMaster\bike_analyzer\backend\api\app_factory.py", line 249, in add_security_headers
    |     response = await call_next(request)
    |                ^^^^^^^^^^^^^^^^^^^^^^^^
    |   File "C:\Python314\Lib\site-packages\starlette\middleware\base.py", line 168, in call_next
    |     raise app_exc from app_exc.__cause__ or app_exc.__context__
    |   File "C:\Python314\Lib\site-packages\starlette\middleware\base.py", line 144, in coro
    |     await self.app(scope, receive_or_disconnect, send_no_error)
    |   File "C:\Python314\Lib\site-packages\starlette\middleware\base.py", line 191, in __call__
    |     with recv_stream, send_stream, collapse_excgroups():
    |                                    ~~~~~~~~~~~~~~~~~~^^
    |   File "C:\Python314\Lib\contextlib.py", line 162, in __exit__
    |     self.gen.throw(value)
    |     ~~~~~~~~~~~~~~^^^^^^^
    |   File "C:\Python314\Lib\site-packages\starlette\_utils.py", line 87, in collapse_excgroups
    |     raise exc
    |   File "C:\Python314\Lib\site-packages\starlette\middleware\base.py", line 193, in __call__
    |     response = await self.dispatch_func(request, call_next)
    |                ^^^^^^^^^^^^^^^^^^^^^^^^^^^^^^^^^^^^^^^^^^^^
    |   File "D:\BikeMaster\bike_analyzer\backend\api\app_factory.py", line 224, in audit_log_middleware
    |     response = await call_next(request)
    |                ^^^^^^^^^^^^^^^^^^^^^^^^
    |   File "C:\Python314\Lib\site-packages\starlette\middleware\base.py", line 168, in call_next
    |     raise app_exc from app_exc.__cause__ or app_exc.__context__
    |   File "C:\Python314\Lib\site-packages\starlette\middleware\base.py", line 144, in coro
    |     await self.app(scope, receive_or_disconnect, send_no_error)
    |   File "C:\Python314\Lib\site-packages\starlette\middleware\base.py", line 191, in __call__
    |     with recv_stream, send_stream, collapse_excgroups():
    |                                    ~~~~~~~~~~~~~~~~~~^^
    |   File "C:\Python314\Lib\contextlib.py", line 162, in __exit__
    |     self.gen.throw(value)
    |     ~~~~~~~~~~~~~~^^^^^^^
    |   File "C:\Python314\Lib\site-packages\starlette\_utils.py", line 87, in collapse_excgroups
    |     raise exc
    |   File "C:\Python314\Lib\site-packages\starlette\middleware\base.py", line 193, in __call__
    |     response = await self.dispatch_func(request, call_next)
    |                ^^^^^^^^^^^^^^^^^^^^^^^^^^^^^^^^^^^^^^^^^^^^
    |   File "D:\BikeMaster\bike_analyzer\backend\api\app_factory.py", line 199, in user_api_keys_middleware
    |     response = await call_next(request)
    |                ^^^^^^^^^^^^^^^^^^^^^^^^
    |   File "C:\Python314\Lib\site-packages\starlette\middleware\base.py", line 168, in call_next
    |     raise app_exc from app_exc.__cause__ or app_exc.__context__
    |   File "C:\Python314\Lib\site-packages\starlette\middleware\base.py", line 144, in coro
    |     await self.app(scope, receive_or_disconnect, send_no_error)
    |   File "C:\Python314\Lib\site-packages\starlette\middleware\base.py", line 191, in __call__
    |     with recv_stream, send_stream, collapse_excgroups():
    |                                    ~~~~~~~~~~~~~~~~~~^^
    |   File "C:\Python314\Lib\contextlib.py", line 162, in __exit__
    |     self.gen.throw(value)
    |     ~~~~~~~~~~~~~~^^^^^^^
    |   File "C:\Python314\Lib\site-packages\starlette\_utils.py", line 87, in collapse_excgroups
    |     raise exc
    |   File "C:\Python314\Lib\site-packages\starlette\middleware\base.py", line 193, in __call__
    |     response = await self.dispatch_func(request, call_next)
    |                ^^^^^^^^^^^^^^^^^^^^^^^^^^^^^^^^^^^^^^^^^^^^
    |   File "D:\BikeMaster\bike_analyzer\backend\api\app_factory.py", line 183, in correlation_id_middleware
    |     response = await call_next(request)
    |                ^^^^^^^^^^^^^^^^^^^^^^^^
    |   File "C:\Python314\Lib\site-packages\starlette\middleware\base.py", line 168, in call_next
    |     raise app_exc from app_exc.__cause__ or app_exc.__context__
    |   File "C:\Python314\Lib\site-packages\starlette\middleware\base.py", line 144, in coro
    |     await self.app(scope, receive_or_disconnect, send_no_error)
    |   File "D:\BikeMaster\bike_analyzer\backend\monitoring.py", line 315, in __call__
    |     await self.app(scope, receive, send_with_metrics)
    |   File "C:\Python314\Lib\site-packages\starlette\middleware\base.py", line 191, in __call__
    |     with recv_stream, send_stream, collapse_excgroups():
    |                                    ~~~~~~~~~~~~~~~~~~^^
    |   File "C:\Python314\Lib\contextlib.py", line 162, in __exit__
    |     self.gen.throw(value)
    |     ~~~~~~~~~~~~~~^^^^^^^
    |   File "C:\Python314\Lib\site-packages\starlette\_utils.py", line 87, in collapse_excgroups
    |     raise exc
    |   File "C:\Python314\Lib\site-packages\starlette\middleware\base.py", line 193, in __call__
    |     response = await self.dispatch_func(request, call_next)
    |                ^^^^^^^^^^^^^^^^^^^^^^^^^^^^^^^^^^^^^^^^^^^^
    |   File "C:\Python314\Lib\site-packages\slowapi\middleware.py", line 136, in dispatch
    |     response = await call_next(request)
    |                ^^^^^^^^^^^^^^^^^^^^^^^^
    |   File "C:\Python314\Lib\site-packages\starlette\middleware\base.py", line 168, in call_next
    |     raise app_exc from app_exc.__cause__ or app_exc.__context__
    |   File "C:\Python314\Lib\site-packages\starlette\middleware\base.py", line 144, in coro
    |     await self.app(scope, receive_or_disconnect, send_no_error)
    |   File "C:\Python314\Lib\site-packages\starlette\middleware\exceptions.py", line 63, in __call__
    |     await wrap_app_handling_exceptions(self.app, conn)(scope, receive, send)
    |   File "C:\Python314\Lib\site-packages\starlette\_exception_handler.py", line 53, in wrapped_app
    |     raise exc
    |   File "C:\Python314\Lib\site-packages\starlette\_exception_handler.py", line 42, in wrapped_app
    |     await app(scope, receive, sender)
    |   File "C:\Python314\Lib\site-packages\fastapi\middleware\asyncexitstack.py", line 18, in __call__
    |     await self.app(scope, receive, send)
    |   File "C:\Python314\Lib\site-packages\starlette\routing.py", line 716, in __call__
    |     await self.middleware_stack(scope, receive, send)
    |   File "C:\Python314\Lib\site-packages\starlette\routing.py", line 736, in app
    |     await route.handle(scope, receive, send)
    |   File "C:\Python314\Lib\site-packages\starlette\routing.py", line 290, in handle
    |     await self.app(scope, receive, send)
    |   File "C:\Python314\Lib\site-packages\fastapi\routing.py", line 134, in app
    |     await wrap_app_handling_exceptions(app, request)(scope, receive, send)
    |   File "C:\Python314\Lib\site-packages\starlette\_exception_handler.py", line 53, in wrapped_app
    |     raise exc
    |   File "C:\Python314\Lib\site-packages\starlette\_exception_handler.py", line 42, in wrapped_app
    |     await app(scope, receive, sender)
    |   File "C:\Python314\Lib\site-packages\fastapi\routing.py", line 120, in app
    |     response = await f(request)
    |                ^^^^^^^^^^^^^^^^
    |   File "C:\Python314\Lib\site-packages\fastapi\routing.py", line 674, in app
    |     raw_response = await run_endpoint_function(
    |                    ^^^^^^^^^^^^^^^^^^^^^^^^^^^^
    |     ...<3 lines>...
    |     )
    |     ^
    |   File "C:\Python314\Lib\site-packages\fastapi\routing.py", line 328, in run_endpoint_function
    |     return await dependant.call(**values)
    |            ^^^^^^^^^^^^^^^^^^^^^^^^^^^^^^
    |   File "D:\BikeMaster\bike_analyzer\backend\api\routes.py", line 1530, in distance_chart
    |     segments = build_segments(points)
    |   File "D:\BikeMaster\bike_analyzer\backend\processing\processing.py", line 116, in build_segments
    |     duration_s = (curr.timestamp - prev.timestamp).total_seconds()
    |                   ~~~~~~~~~~~~~~~^~~~~~~~~~~~~~~~
    | TypeError: unsupported operand type(s) for -: 'str' and 'str'
    +------------------------------------

The above exception was the direct cause of the following exception:

Traceback (most recent call last):
  File "D:\BikeMaster\tests\test_routes_comprehensive.py", line 482, in test_distance
    resp = tc.get(f"/api/v1/charts/distance/{ride_id}")
  File "C:\Python314\Lib\site-packages\starlette\testclient.py", line 473, in get
    return super().get(
           ~~~~~~~~~~~^
        url,
        ^^^^
    ...<6 lines>...
        extensions=extensions,
        ^^^^^^^^^^^^^^^^^^^^^^
    )
    ^
  File "C:\Python314\Lib\site-packages\httpx\_client.py", line 1053, in get
    return self.request(
           ~~~~~~~~~~~~^
        "GET",
        ^^^^^^
    ...<7 lines>...
        extensions=extensions,
        ^^^^^^^^^^^^^^^^^^^^^^
    )
    ^
  File "C:\Python314\Lib\site-packages\starlette\testclient.py", line 445, in request
    return super().request(
           ~~~~~~~~~~~~~~~^
        method,
        ^^^^^^^
    ...<11 lines>...
        extensions=extensions,
        ^^^^^^^^^^^^^^^^^^^^^^
    )
    ^
  File "C:\Python314\Lib\site-packages\httpx\_client.py", line 825, in request
    return self.send(request, auth=auth, follow_redirects=follow_redirects)
           ~~~~~~~~~^^^^^^^^^^^^^^^^^^^^^^^^^^^^^^^^^^^^^^^^^^^^^^^^^^^^^^^
  File "C:\Python314\Lib\site-packages\httpx\_client.py", line 914, in send
    response = self._send_handling_auth(
        request,
    ...<2 lines>...
        history=[],
    )
  File "C:\Python314\Lib\site-packages\httpx\_client.py", line 942, in _send_handling_auth
    response = self._send_handling_redirects(
        request,
        follow_redirects=follow_redirects,
        history=history,
    )
  File "C:\Python314\Lib\site-packages\httpx\_client.py", line 979, in _send_handling_redirects
    response = self._send_single_request(request)
  File "C:\Python314\Lib\site-packages\httpx\_client.py", line 1014, in _send_single_request
    response = transport.handle_request(request)
  File "C:\Python314\Lib\site-packages\starlette\testclient.py", line 348, in handle_request
    raise exc
  File "C:\Python314\Lib\site-packages\starlette\testclient.py", line 345, in handle_request
    portal.call(self.app, scope, receive, send)
    ~~~~~~~~~~~^^^^^^^^^^^^^^^^^^^^^^^^^^^^^^^^
  File "C:\Python314\Lib\site-packages\anyio\from_thread.py", line 334, in call
    return cast(T_Retval, self.start_task_soon(func, *args).result())
                          ~~~~~~~~~~~~~~~~~~~~~~~~~~~~~~~~~~~~~~~~^^
  File "C:\Python314\Lib\concurrent\futures\_base.py", line 450, in result
    return self.__get_result()
           ~~~~~~~~~~~~~~~~~^^
  File "C:\Python314\Lib\concurrent\futures\_base.py", line 395, in __get_result
    raise self._exception
  File "C:\Python314\Lib\site-packages\anyio\from_thread.py", line 259, in _call_func
    retval = await retval_or_awaitable
             ^^^^^^^^^^^^^^^^^^^^^^^^^
  File "C:\Python314\Lib\site-packages\fastapi\applications.py", line 1159, in __call__
    await super().__call__(scope, receive, send)
  File "C:\Python314\Lib\site-packages\starlette\applications.py", line 107, in __call__
    await self.middleware_stack(scope, receive, send)
  File "C:\Python314\Lib\site-packages\starlette\middleware\errors.py", line 186, in __call__
    raise exc
  File "C:\Python314\Lib\site-packages\starlette\middleware\errors.py", line 164, in __call__
    await self.app(scope, receive, _send)
  File "C:\Python314\Lib\site-packages\starlette\middleware\cors.py", line 87, in __call__
    await self.app(scope, receive, send)
  File "C:\Python314\Lib\site-packages\starlette\middleware\base.py", line 191, in __call__
    with recv_stream, send_stream, collapse_excgroups():
                                   ~~~~~~~~~~~~~~~~~~^^
  File "C:\Python314\Lib\contextlib.py", line 162, in __exit__
    self.gen.throw(value)
    ~~~~~~~~~~~~~~^^^^^^^
  File "C:\Python314\Lib\site-packages\starlette\_utils.py", line 87, in collapse_excgroups
    raise exc
  File "C:\Python314\Lib\site-packages\starlette\middleware\base.py", line 193, in __call__
    response = await self.dispatch_func(request, call_next)
               ^^^^^^^^^^^^^^^^^^^^^^^^^^^^^^^^^^^^^^^^^^^^
  File "D:\BikeMaster\bike_analyzer\backend\api\app_factory.py", line 249, in add_security_headers
    response = await call_next(request)
               ^^^^^^^^^^^^^^^^^^^^^^^^
  File "C:\Python314\Lib\site-packages\starlette\middleware\base.py", line 168, in call_next
    raise app_exc from app_exc.__cause__ or app_exc.__context__
  File "C:\Python314\Lib\site-packages\starlette\middleware\base.py", line 144, in coro
    await self.app(scope, receive_or_disconnect, send_no_error)
  File "C:\Python314\Lib\site-packages\starlette\middleware\base.py", line 191, in __call__
    with recv_stream, send_stream, collapse_excgroups():
                                   ~~~~~~~~~~~~~~~~~~^^
  File "C:\Python314\Lib\contextlib.py", line 162, in __exit__
    self.gen.throw(value)
    ~~~~~~~~~~~~~~^^^^^^^
  File "C:\Python314\Lib\site-packages\starlette\_utils.py", line 87, in collapse_excgroups
    raise exc
  File "C:\Python314\Lib\site-packages\starlette\middleware\base.py", line 193, in __call__
    response = await self.dispatch_func(request, call_next)
               ^^^^^^^^^^^^^^^^^^^^^^^^^^^^^^^^^^^^^^^^^^^^
  File "D:\BikeMaster\bike_analyzer\backend\api\app_factory.py", line 224, in audit_log_middleware
    response = await call_next(request)
               ^^^^^^^^^^^^^^^^^^^^^^^^
  File "C:\Python314\Lib\site-packages\starlette\middleware\base.py", line 168, in call_next
    raise app_exc from app_exc.__cause__ or app_exc.__context__
  File "C:\Python314\Lib\site-packages\starlette\middleware\base.py", line 144, in coro
    await self.app(scope, receive_or_disconnect, send_no_error)
  File "C:\Python314\Lib\site-packages\starlette\middleware\base.py", line 191, in __call__
    with recv_stream, send_stream, collapse_excgroups():
                                   ~~~~~~~~~~~~~~~~~~^^
  File "C:\Python314\Lib\contextlib.py", line 162, in __exit__
    self.gen.throw(value)
    ~~~~~~~~~~~~~~^^^^^^^
  File "C:\Python314\Lib\site-packages\starlette\_utils.py", line 87, in collapse_excgroups
    raise exc
  File "C:\Python314\Lib\site-packages\starlette\middleware\base.py", line 193, in __call__
    response = await self.dispatch_func(request, call_next)
               ^^^^^^^^^^^^^^^^^^^^^^^^^^^^^^^^^^^^^^^^^^^^
  File "D:\BikeMaster\bike_analyzer\backend\api\app_factory.py", line 199, in user_api_keys_middleware
    response = await call_next(request)
               ^^^^^^^^^^^^^^^^^^^^^^^^
  File "C:\Python314\Lib\site-packages\starlette\middleware\base.py", line 168, in call_next
    raise app_exc from app_exc.__cause__ or app_exc.__context__
  File "C:\Python314\Lib\site-packages\starlette\middleware\base.py", line 144, in coro
    await self.app(scope, receive_or_disconnect, send_no_error)
  File "C:\Python314\Lib\site-packages\starlette\middleware\base.py", line 191, in __call__
    with recv_stream, send_stream, collapse_excgroups():
                                   ~~~~~~~~~~~~~~~~~~^^
  File "C:\Python314\Lib\contextlib.py", line 162, in __exit__
    self.gen.throw(value)
    ~~~~~~~~~~~~~~^^^^^^^
  File "C:\Python314\Lib\site-packages\starlette\_utils.py", line 87, in collapse_excgroups
    raise exc
  File "C:\Python314\Lib\site-packages\starlette\middleware\base.py", line 193, in __call__
    response = await self.dispatch_func(request, call_next)
               ^^^^^^^^^^^^^^^^^^^^^^^^^^^^^^^^^^^^^^^^^^^^
  File "D:\BikeMaster\bike_analyzer\backend\api\app_factory.py", line 183, in correlation_id_middleware
    response = await call_next(request)
               ^^^^^^^^^^^^^^^^^^^^^^^^
  File "C:\Python314\Lib\site-packages\starlette\middleware\base.py", line 168, in call_next
    raise app_exc from app_exc.__cause__ or app_exc.__context__
  File "C:\Python314\Lib\site-packages\starlette\middleware\base.py", line 144, in coro
    await self.app(scope, receive_or_disconnect, send_no_error)
  File "D:\BikeMaster\bike_analyzer\backend\monitoring.py", line 315, in __call__
    await self.app(scope, receive, send_with_metrics)
  File "C:\Python314\Lib\site-packages\starlette\middleware\base.py", line 191, in __call__
    with recv_stream, send_stream, collapse_excgroups():
                                   ~~~~~~~~~~~~~~~~~~^^
  File "C:\Python314\Lib\contextlib.py", line 162, in __exit__
    self.gen.throw(value)
    ~~~~~~~~~~~~~~^^^^^^^
  File "C:\Python314\Lib\site-packages\starlette\_utils.py", line 87, in collapse_excgroups
    raise exc
  File "C:\Python314\Lib\site-packages\starlette\middleware\base.py", line 193, in __call__
    response = await self.dispatch_func(request, call_next)
               ^^^^^^^^^^^^^^^^^^^^^^^^^^^^^^^^^^^^^^^^^^^^
  File "C:\Python314\Lib\site-packages\slowapi\middleware.py", line 136, in dispatch
    response = await call_next(request)
               ^^^^^^^^^^^^^^^^^^^^^^^^
  File "C:\Python314\Lib\site-packages\starlette\middleware\base.py", line 168, in call_next
    raise app_exc from app_exc.__cause__ or app_exc.__context__
  File "C:\Python314\Lib\site-packages\starlette\middleware\base.py", line 144, in coro
    await self.app(scope, receive_or_disconnect, send_no_error)
  File "C:\Python314\Lib\site-packages\starlette\middleware\exceptions.py", line 63, in __call__
    await wrap_app_handling_exceptions(self.app, conn)(scope, receive, send)
  File "C:\Python314\Lib\site-packages\starlette\_exception_handler.py", line 53, in wrapped_app
    raise exc
  File "C:\Python314\Lib\site-packages\starlette\_exception_handler.py", line 42, in wrapped_app
    await app(scope, receive, sender)
  File "C:\Python314\Lib\site-packages\fastapi\middleware\asyncexitstack.py", line 18, in __call__
    await self.app(scope, receive, send)
  File "C:\Python314\Lib\site-packages\starlette\routing.py", line 716, in __call__
    await self.middleware_stack(scope, receive, send)
  File "C:\Python314\Lib\site-packages\starlette\routing.py", line 736, in app
    await route.handle(scope, receive, send)
  File "C:\Python314\Lib\site-packages\starlette\routing.py", line 290, in handle
    await self.app(scope, receive, send)
  File "C:\Python314\Lib\site-packages\fastapi\routing.py", line 134, in app
    await wrap_app_handling_exceptions(app, request)(scope, receive, send)
  File "C:\Python314\Lib\site-packages\starlette\_exception_handler.py", line 53, in wrapped_app
    raise exc
  File "C:\Python314\Lib\site-packages\starlette\_exception_handler.py", line 42, in wrapped_app
    await app(scope, receive, sender)
  File "C:\Python314\Lib\site-packages\fastapi\routing.py", line 120, in app
    response = await f(request)
               ^^^^^^^^^^^^^^^^
  File "C:\Python314\Lib\site-packages\fastapi\routing.py", line 674, in app
    raw_response = await run_endpoint_function(
                   ^^^^^^^^^^^^^^^^^^^^^^^^^^^^
    ...<3 lines>...
    )
    ^
  File "C:\Python314\Lib\site-packages\fastapi\routing.py", line 328, in run_endpoint_function
    return await dependant.call(**values)
           ^^^^^^^^^^^^^^^^^^^^^^^^^^^^^^
  File "D:\BikeMaster\bike_analyzer\backend\api\routes.py", line 1530, in distance_chart
    segments = build_segments(points)
  File "D:\BikeMaster\bike_analyzer\backend\processing\processing.py", line 116, in build_segments
    duration_s = (curr.timestamp - prev.timestamp).total_seconds()
                  ~~~~~~~~~~~~~~~^~~~~~~~~~~~~~~~
TypeError: unsupported operand type(s) for -: 'str' and 'str'

The above exception was the direct cause of the following exception:
tests\test_routes_comprehensive.py:482: in test_distance
    resp = tc.get(f"/api/v1/charts/distance/{ride_id}")
           ^^^^^^^^^^^^^^^^^^^^^^^^^^^^^^^^^^^^^^^^^^^^
C:\Python314\Lib\site-packages\starlette\testclient.py:473: in get
    return super().get(
C:\Python314\Lib\site-packages\httpx\_client.py:1053: in get
    return self.request(
C:\Python314\Lib\site-packages\starlette\testclient.py:445: in request
    return super().request(
C:\Python314\Lib\site-packages\httpx\_client.py:825: in request
    return self.send(request, auth=auth, follow_redirects=follow_redirects)
           ^^^^^^^^^^^^^^^^^^^^^^^^^^^^^^^^^^^^^^^^^^^^^^^^^^^^^^^^^^^^^^^^
C:\Python314\Lib\site-packages\httpx\_client.py:914: in send
    response = self._send_handling_auth(
C:\Python314\Lib\site-packages\httpx\_client.py:942: in _send_handling_auth
    response = self._send_handling_redirects(
C:\Python314\Lib\site-packages\httpx\_client.py:979: in _send_handling_redirects
    response = self._send_single_request(request)
               ^^^^^^^^^^^^^^^^^^^^^^^^^^^^^^^^^^
C:\Python314\Lib\site-packages\httpx\_client.py:1014: in _send_single_request
    response = transport.handle_request(request)
               ^^^^^^^^^^^^^^^^^^^^^^^^^^^^^^^^^
C:\Python314\Lib\site-packages\starlette\testclient.py:348: in handle_request
    raise exc
C:\Python314\Lib\site-packages\starlette\testclient.py:345: in handle_request
    portal.call(self.app, scope, receive, send)
C:\Python314\Lib\site-packages\anyio\from_thread.py:334: in call
    return cast(T_Retval, self.start_task_soon(func, *args).result())
                          ^^^^^^^^^^^^^^^^^^^^^^^^^^^^^^^^^^^^^^^^^^
C:\Python314\Lib\concurrent\futures\_base.py:450: in result
    return self.__get_result()
           ^^^^^^^^^^^^^^^^^^^
C:\Python314\Lib\concurrent\futures\_base.py:395: in __get_result
    raise self._exception
C:\Python314\Lib\site-packages\anyio\from_thread.py:259: in _call_func
    retval = await retval_or_awaitable
             ^^^^^^^^^^^^^^^^^^^^^^^^^
C:\Python314\Lib\site-packages\fastapi\applications.py:1159: in __call__
    await super().__call__(scope, receive, send)
C:\Python314\Lib\site-packages\starlette\applications.py:107: in __call__
    await self.middleware_stack(scope, receive, send)
C:\Python314\Lib\site-packages\starlette\middleware\errors.py:186: in __call__
    raise exc
C:\Python314\Lib\site-packages\starlette\middleware\errors.py:164: in __call__
    await self.app(scope, receive, _send)
C:\Python314\Lib\site-packages\starlette\middleware\cors.py:87: in __call__
    await self.app(scope, receive, send)
C:\Python314\Lib\site-packages\starlette\middleware\base.py:191: in __call__
    with recv_stream, send_stream, collapse_excgroups():
                                   ^^^^^^^^^^^^^^^^^^^^
C:\Python314\Lib\contextlib.py:162: in __exit__
    self.gen.throw(value)
C:\Python314\Lib\site-packages\starlette\_utils.py:87: in collapse_excgroups
    raise exc
C:\Python314\Lib\site-packages\starlette\middleware\base.py:193: in __call__
    response = await self.dispatch_func(request, call_next)
               ^^^^^^^^^^^^^^^^^^^^^^^^^^^^^^^^^^^^^^^^^^^^
bike_analyzer\backend\api\app_factory.py:249: in add_security_headers
    response = await call_next(request)
               ^^^^^^^^^^^^^^^^^^^^^^^^
C:\Python314\Lib\site-packages\starlette\middleware\base.py:168: in call_next
    raise app_exc from app_exc.__cause__ or app_exc.__context__
C:\Python314\Lib\site-packages\starlette\middleware\base.py:144: in coro
    await self.app(scope, receive_or_disconnect, send_no_error)
C:\Python314\Lib\site-packages\starlette\middleware\base.py:191: in __call__
    with recv_stream, send_stream, collapse_excgroups():
                                   ^^^^^^^^^^^^^^^^^^^^
C:\Python314\Lib\contextlib.py:162: in __exit__
    self.gen.throw(value)
C:\Python314\Lib\site-packages\starlette\_utils.py:87: in collapse_excgroups
    raise exc
C:\Python314\Lib\site-packages\starlette\middleware\base.py:193: in __call__
    response = await self.dispatch_func(request, call_next)
               ^^^^^^^^^^^^^^^^^^^^^^^^^^^^^^^^^^^^^^^^^^^^
bike_analyzer\backend\api\app_factory.py:224: in audit_log_middleware
    response = await call_next(request)
               ^^^^^^^^^^^^^^^^^^^^^^^^
C:\Python314\Lib\site-packages\starlette\middleware\base.py:168: in call_next
    raise app_exc from app_exc.__cause__ or app_exc.__context__
C:\Python314\Lib\site-packages\starlette\middleware\base.py:144: in coro
    await self.app(scope, receive_or_disconnect, send_no_error)
C:\Python314\Lib\site-packages\starlette\middleware\base.py:191: in __call__
    with recv_stream, send_stream, collapse_excgroups():
                                   ^^^^^^^^^^^^^^^^^^^^
C:\Python314\Lib\contextlib.py:162: in __exit__
    self.gen.throw(value)
C:\Python314\Lib\site-packages\starlette\_utils.py:87: in collapse_excgroups
    raise exc
C:\Python314\Lib\site-packages\starlette\middleware\base.py:193: in __call__
    response = await self.dispatch_func(request, call_next)
               ^^^^^^^^^^^^^^^^^^^^^^^^^^^^^^^^^^^^^^^^^^^^
bike_analyzer\backend\api\app_factory.py:199: in user_api_keys_middleware
    response = await call_next(request)
               ^^^^^^^^^^^^^^^^^^^^^^^^
C:\Python314\Lib\site-packages\starlette\middleware\base.py:168: in call_next
    raise app_exc from app_exc.__cause__ or app_exc.__context__
C:\Python314\Lib\site-packages\starlette\middleware\base.py:144: in coro
    await self.app(scope, receive_or_disconnect, send_no_error)
C:\Python314\Lib\site-packages\starlette\middleware\base.py:191: in __call__
    with recv_stream, send_stream, collapse_excgroups():
                                   ^^^^^^^^^^^^^^^^^^^^
C:\Python314\Lib\contextlib.py:162: in __exit__
    self.gen.throw(value)
C:\Python314\Lib\site-packages\starlette\_utils.py:87: in collapse_excgroups
    raise exc
C:\Python314\Lib\site-packages\starlette\middleware\base.py:193: in __call__
    response = await self.dispatch_func(request, call_next)
               ^^^^^^^^^^^^^^^^^^^^^^^^^^^^^^^^^^^^^^^^^^^^
bike_analyzer\backend\api\app_factory.py:183: in correlation_id_middleware
    response = await call_next(request)
               ^^^^^^^^^^^^^^^^^^^^^^^^
C:\Python314\Lib\site-packages\starlette\middleware\base.py:168: in call_next
    raise app_exc from app_exc.__cause__ or app_exc.__context__
C:\Python314\Lib\site-packages\starlette\middleware\base.py:144: in coro
    await self.app(scope, receive_or_disconnect, send_no_error)
bike_analyzer\backend\monitoring.py:315: in __call__
    await self.app(scope, receive, send_with_metrics)
C:\Python314\Lib\site-packages\starlette\middleware\base.py:191: in __call__
    with recv_stream, send_stream, collapse_excgroups():
                                   ^^^^^^^^^^^^^^^^^^^^
C:\Python314\Lib\contextlib.py:162: in __exit__
    self.gen.throw(value)
C:\Python314\Lib\site-packages\starlette\_utils.py:87: in collapse_excgroups
    raise exc
C:\Python314\Lib\site-packages\starlette\middleware\base.py:193: in __call__
    response = await self.dispatch_func(request, call_next)
               ^^^^^^^^^^^^^^^^^^^^^^^^^^^^^^^^^^^^^^^^^^^^
C:\Python314\Lib\site-packages\slowapi\middleware.py:136: in dispatch
    response = await call_next(request)
               ^^^^^^^^^^^^^^^^^^^^^^^^
C:\Python314\Lib\site-packages\starlette\middleware\base.py:168: in call_next
    raise app_exc from app_exc.__cause__ or app_exc.__context__
C:\Python314\Lib\site-packages\starlette\middleware\base.py:144: in coro
    await self.app(scope, receive_or_disconnect, send_no_error)
C:\Python314\Lib\site-packages\starlette\middleware\exceptions.py:63: in __call__
    await wrap_app_handling_exceptions(self.app, conn)(scope, receive, send)
C:\Python314\Lib\site-packages\starlette\_exception_handler.py:53: in wrapped_app
    raise exc
C:\Python314\Lib\site-packages\starlette\_exception_handler.py:42: in wrapped_app
    await app(scope, receive, sender)
C:\Python314\Lib\site-packages\fastapi\middleware\asyncexitstack.py:18: in __call__
    await self.app(scope, receive, send)
C:\Python314\Lib\site-packages\starlette\routing.py:716: in __call__
    await self.middleware_stack(scope, receive, send)
C:\Python314\Lib\site-packages\starlette\routing.py:736: in app
    await route.handle(scope, receive, send)
C:\Python314\Lib\site-packages\starlette\routing.py:290: in handle
    await self.app(scope, receive, send)
C:\Python314\Lib\site-packages\fastapi\routing.py:134: in app
    await wrap_app_handling_exceptions(app, request)(scope, receive, send)
C:\Python314\Lib\site-packages\starlette\_exception_handler.py:53: in wrapped_app
    raise exc
C:\Python314\Lib\site-packages\starlette\_exception_handler.py:42: in wrapped_app
    await app(scope, receive, sender)
C:\Python314\Lib\site-packages\fastapi\routing.py:120: in app
    response = await f(request)
               ^^^^^^^^^^^^^^^^
C:\Python314\Lib\site-packages\fastapi\routing.py:674: in app
    raw_response = await run_endpoint_function(
C:\Python314\Lib\site-packages\fastapi\routing.py:328: in run_endpoint_function
    return await dependant.call(**values)
           ^^^^^^^^^^^^^^^^^^^^^^^^^^^^^^
bike_analyzer\backend\api\routes.py:1530: in distance_chart
    segments = build_segments(points)
               ^^^^^^^^^^^^^^^^^^^^^^
bike_analyzer\backend\processing\processing.py:116: in build_segments
    duration_s = (curr.timestamp - prev.timestamp).total_seconds()
                  ^^^^^^^^^^^^^^^^^^^^^^^^^^^^^^^
E   TypeError: unsupported operand type(s) for -: 'str' and 'str'
------------------------------ Captured log call ------------------------------
ERROR    bike_analyzer.backend.api.app_factory:app_factory.py:185 Unhandled exception for request_id=a7bcaaa1-af64-40c2-a21e-ee716a9cff50
  + Exception Group Traceback (most recent call last):
  |   File "C:\Python314\Lib\site-packages\starlette\_utils.py", line 81, in collapse_excgroups
  |     yield
  |   File "C:\Python314\Lib\site-packages\starlette\middleware\base.py", line 192, in __call__
  |     async with anyio.create_task_group() as task_group:
  |                ~~~~~~~~~~~~~~~~~~~~~~~^^
  |   File "C:\Python314\Lib\site-packages\anyio\_backends\_asyncio.py", line 799, in __aexit__
  |     raise BaseExceptionGroup(
  |         "unhandled errors in a TaskGroup", self._exceptions
  |     ) from None
  | ExceptionGroup: unhandled errors in a TaskGroup (1 sub-exception)
  +-+---------------- 1 ----------------
    | Traceback (most recent call last):
    |   File "D:\BikeMaster\bike_analyzer\backend\api\app_factory.py", line 183, in correlation_id_middleware
    |     response = await call_next(request)
    |                ^^^^^^^^^^^^^^^^^^^^^^^^
    |   File "C:\Python314\Lib\site-packages\starlette\middleware\base.py", line 168, in call_next
    |     raise app_exc from app_exc.__cause__ or app_exc.__context__
    |   File "C:\Python314\Lib\site-packages\starlette\middleware\base.py", line 144, in coro
    |     await self.app(scope, receive_or_disconnect, send_no_error)
    |   File "D:\BikeMaster\bike_analyzer\backend\monitoring.py", line 315, in __call__
    |     await self.app(scope, receive, send_with_metrics)
    |   File "C:\Python314\Lib\site-packages\starlette\middleware\base.py", line 191, in __call__
    |     with recv_stream, send_stream, collapse_excgroups():
    |                                    ~~~~~~~~~~~~~~~~~~^^
    |   File "C:\Python314\Lib\contextlib.py", line 162, in __exit__
    |     self.gen.throw(value)
    |     ~~~~~~~~~~~~~~^^^^^^^
    |   File "C:\Python314\Lib\site-packages\starlette\_utils.py", line 87, in collapse_excgroups
    |     raise exc
    |   File "C:\Python314\Lib\site-packages\starlette\middleware\base.py", line 193, in __call__
    |     response = await self.dispatch_func(request, call_next)
    |                ^^^^^^^^^^^^^^^^^^^^^^^^^^^^^^^^^^^^^^^^^^^^
    |   File "C:\Python314\Lib\site-packages\slowapi\middleware.py", line 136, in dispatch
    |     response = await call_next(request)
    |                ^^^^^^^^^^^^^^^^^^^^^^^^
    |   File "C:\Python314\Lib\site-packages\starlette\middleware\base.py", line 168, in call_next
    |     raise app_exc from app_exc.__cause__ or app_exc.__context__
    |   File "C:\Python314\Lib\site-packages\starlette\middleware\base.py", line 144, in coro
    |     await self.app(scope, receive_or_disconnect, send_no_error)
    |   File "C:\Python314\Lib\site-packages\starlette\middleware\exceptions.py", line 63, in __call__
    |     await wrap_app_handling_exceptions(self.app, conn)(scope, receive, send)
    |   File "C:\Python314\Lib\site-packages\starlette\_exception_handler.py", line 53, in wrapped_app
    |     raise exc
    |   File "C:\Python314\Lib\site-packages\starlette\_exception_handler.py", line 42, in wrapped_app
    |     await app(scope, receive, sender)
    |   File "C:\Python314\Lib\site-packages\fastapi\middleware\asyncexitstack.py", line 18, in __call__
    |     await self.app(scope, receive, send)
    |   File "C:\Python314\Lib\site-packages\starlette\routing.py", line 716, in __call__
    |     await self.middleware_stack(scope, receive, send)
    |   File "C:\Python314\Lib\site-packages\starlette\routing.py", line 736, in app
    |     await route.handle(scope, receive, send)
    |   File "C:\Python314\Lib\site-packages\starlette\routing.py", line 290, in handle
    |     await self.app(scope, receive, send)
    |   File "C:\Python314\Lib\site-packages\fastapi\routing.py", line 134, in app
    |     await wrap_app_handling_exceptions(app, request)(scope, receive, send)
    |   File "C:\Python314\Lib\site-packages\starlette\_exception_handler.py", line 53, in wrapped_app
    |     raise exc
    |   File "C:\Python314\Lib\site-packages\starlette\_exception_handler.py", line 42, in wrapped_app
    |     await app(scope, receive, sender)
    |   File "C:\Python314\Lib\site-packages\fastapi\routing.py", line 120, in app
    |     response = await f(request)
    |                ^^^^^^^^^^^^^^^^
    |   File "C:\Python314\Lib\site-packages\fastapi\routing.py", line 674, in app
    |     raw_response = await run_endpoint_function(
    |                    ^^^^^^^^^^^^^^^^^^^^^^^^^^^^
    |     ...<3 lines>...
    |     )
    |     ^
    |   File "C:\Python314\Lib\site-packages\fastapi\routing.py", line 328, in run_endpoint_function
    |     return await dependant.call(**values)
    |            ^^^^^^^^^^^^^^^^^^^^^^^^^^^^^^
    |   File "D:\BikeMaster\bike_analyzer\backend\api\routes.py", line 1530, in distance_chart
    |     segments = build_segments(points)
    |   File "D:\BikeMaster\bike_analyzer\backend\processing\processing.py", line 116, in build_segments
    |     duration_s = (curr.timestamp - prev.timestamp).total_seconds()
    |                   ~~~~~~~~~~~~~~~^~~~~~~~~~~~~~~~
    | TypeError: unsupported operand type(s) for -: 'str' and 'str'
    +------------------------------------

The above exception was the direct cause of the following exception:

Traceback (most recent call last):
  File "D:\BikeMaster\bike_analyzer\backend\api\app_factory.py", line 183, in correlation_id_middleware
    response = await call_next(request)
               ^^^^^^^^^^^^^^^^^^^^^^^^
  File "C:\Python314\Lib\site-packages\starlette\middleware\base.py", line 168, in call_next
    raise app_exc from app_exc.__cause__ or app_exc.__context__
  File "C:\Python314\Lib\site-packages\starlette\middleware\base.py", line 144, in coro
    await self.app(scope, receive_or_disconnect, send_no_error)
  File "D:\BikeMaster\bike_analyzer\backend\monitoring.py", line 315, in __call__
    await self.app(scope, receive, send_with_metrics)
  File "C:\Python314\Lib\site-packages\starlette\middleware\base.py", line 191, in __call__
    with recv_stream, send_stream, collapse_excgroups():
                                   ~~~~~~~~~~~~~~~~~~^^
  File "C:\Python314\Lib\contextlib.py", line 162, in __exit__
    self.gen.throw(value)
    ~~~~~~~~~~~~~~^^^^^^^
  File "C:\Python314\Lib\site-packages\starlette\_utils.py", line 87, in collapse_excgroups
    raise exc
  File "C:\Python314\Lib\site-packages\starlette\middleware\base.py", line 193, in __call__
    response = await self.dispatch_func(request, call_next)
               ^^^^^^^^^^^^^^^^^^^^^^^^^^^^^^^^^^^^^^^^^^^^
  File "C:\Python314\Lib\site-packages\slowapi\middleware.py", line 136, in dispatch
    response = await call_next(request)
               ^^^^^^^^^^^^^^^^^^^^^^^^
  File "C:\Python314\Lib\site-packages\starlette\middleware\base.py", line 168, in call_next
    raise app_exc from app_exc.__cause__ or app_exc.__context__
  File "C:\Python314\Lib\site-packages\starlette\middleware\base.py", line 144, in coro
    await self.app(scope, receive_or_disconnect, send_no_error)
  File "C:\Python314\Lib\site-packages\starlette\middleware\exceptions.py", line 63, in __call__
    await wrap_app_handling_exceptions(self.app, conn)(scope, receive, send)
  File "C:\Python314\Lib\site-packages\starlette\_exception_handler.py", line 53, in wrapped_app
    raise exc
  File "C:\Python314\Lib\site-packages\starlette\_exception_handler.py", line 42, in wrapped_app
    await app(scope, receive, sender)
  File "C:\Python314\Lib\site-packages\fastapi\middleware\asyncexitstack.py", line 18, in __call__
    await self.app(scope, receive, send)
  File "C:\Python314\Lib\site-packages\starlette\routing.py", line 716, in __call__
    await self.middleware_stack(scope, receive, send)
  File "C:\Python314\Lib\site-packages\starlette\routing.py", line 736, in app
    await route.handle(scope, receive, send)
  File "C:\Python314\Lib\site-packages\starlette\routing.py", line 290, in handle
    await self.app(scope, receive, send)
  File "C:\Python314\Lib\site-packages\fastapi\routing.py", line 134, in app
    await wrap_app_handling_exceptions(app, request)(scope, receive, send)
  File "C:\Python314\Lib\site-packages\starlette\_exception_handler.py", line 53, in wrapped_app
    raise exc
  File "C:\Python314\Lib\site-packages\starlette\_exception_handler.py", line 42, in wrapped_app
    await app(scope, receive, sender)
  File "C:\Python314\Lib\site-packages\fastapi\routing.py", line 120, in app
    response = await f(request)
               ^^^^^^^^^^^^^^^^
  File "C:\Python314\Lib\site-packages\fastapi\routing.py", line 674, in app
    raw_response = await run_endpoint_function(
                   ^^^^^^^^^^^^^^^^^^^^^^^^^^^^
    ...<3 lines>...
    )
    ^
  File "C:\Python314\Lib\site-packages\fastapi\routing.py", line 328, in run_endpoint_function
    return await dependant.call(**values)
           ^^^^^^^^^^^^^^^^^^^^^^^^^^^^^^
  File "D:\BikeMaster\bike_analyzer\backend\api\routes.py", line 1530, in distance_chart
    segments = build_segments(points)
  File "D:\BikeMaster\bike_analyzer\backend\processing\processing.py", line 116, in build_segments
    duration_s = (curr.timestamp - prev.timestamp).total_seconds()
                  ~~~~~~~~~~~~~~~^~~~~~~~~~~~~~~~
TypeError: unsupported operand type(s) for -: 'str' and 'str'
_______________________ TestChartsRoutes.test_elevation _______________________
  + Exception Group Traceback (most recent call last):
  |   File "C:\Python314\Lib\site-packages\starlette\_utils.py", line 81, in collapse_excgroups
  |     yield
  |   File "C:\Python314\Lib\site-packages\starlette\middleware\base.py", line 192, in __call__
  |     async with anyio.create_task_group() as task_group:
  |                ~~~~~~~~~~~~~~~~~~~~~~~^^
  |   File "C:\Python314\Lib\site-packages\anyio\_backends\_asyncio.py", line 799, in __aexit__
  |     raise BaseExceptionGroup(
  |         "unhandled errors in a TaskGroup", self._exceptions
  |     ) from None
  | ExceptionGroup: unhandled errors in a TaskGroup (1 sub-exception)
  +-+---------------- 1 ----------------
    | Traceback (most recent call last):
    |   File "C:\Python314\Lib\site-packages\_pytest\runner.py", line 344, in from_call
    |     result: TResult | None = func()
    |                              ~~~~^^
    |   File "C:\Python314\Lib\site-packages\_pytest\runner.py", line 246, in <lambda>
    |     lambda: runtest_hook(item=item, **kwds), when=when, reraise=reraise
    |             ~~~~~~~~~~~~^^^^^^^^^^^^^^^^^^^
    |   File "C:\Python314\Lib\site-packages\pluggy\_hooks.py", line 512, in __call__
    |     return self._hookexec(self.name, self._hookimpls.copy(), kwargs, firstresult)
    |            ~~~~~~~~~~~~~~^^^^^^^^^^^^^^^^^^^^^^^^^^^^^^^^^^^^^^^^^^^^^^^^^^^^^^^^
    |   File "C:\Python314\Lib\site-packages\pluggy\_manager.py", line 120, in _hookexec
    |     return self._inner_hookexec(hook_name, methods, kwargs, firstresult)
    |            ~~~~~~~~~~~~~~~~~~~~^^^^^^^^^^^^^^^^^^^^^^^^^^^^^^^^^^^^^^^^^
    |   File "C:\Python314\Lib\site-packages\pluggy\_callers.py", line 167, in _multicall
    |     raise exception
    |   File "C:\Python314\Lib\site-packages\pluggy\_callers.py", line 139, in _multicall
    |     teardown.throw(exception)
    |     ~~~~~~~~~~~~~~^^^^^^^^^^^
    |   File "C:\Python314\Lib\site-packages\_pytest\logging.py", line 850, in pytest_runtest_call
    |     yield
    |   File "C:\Python314\Lib\site-packages\pluggy\_callers.py", line 139, in _multicall
    |     teardown.throw(exception)
    |     ~~~~~~~~~~~~~~^^^^^^^^^^^
    |   File "C:\Python314\Lib\site-packages\_pytest\capture.py", line 900, in pytest_runtest_call
    |     return (yield)
    |             ^^^^^
    |   File "C:\Python314\Lib\site-packages\pluggy\_callers.py", line 139, in _multicall
    |     teardown.throw(exception)
    |     ~~~~~~~~~~~~~~^^^^^^^^^^^
    |   File "C:\Python314\Lib\site-packages\pluggy\_callers.py", line 53, in run_old_style_hookwrapper
    |     return result.get_result()
    |            ~~~~~~~~~~~~~~~~~^^
    |   File "C:\Python314\Lib\site-packages\pluggy\_result.py", line 103, in get_result
    |     raise exc.with_traceback(tb)
    |   File "C:\Python314\Lib\site-packages\pluggy\_callers.py", line 38, in run_old_style_hookwrapper
    |     res = yield
    |           ^^^^^
    |   File "C:\Python314\Lib\site-packages\pluggy\_callers.py", line 139, in _multicall
    |     teardown.throw(exception)
    |     ~~~~~~~~~~~~~~^^^^^^^^^^^
    |   File "C:\Python314\Lib\site-packages\_pytest\skipping.py", line 263, in pytest_runtest_call
    |     return (yield)
    |             ^^^^^
    |   File "C:\Python314\Lib\site-packages\pluggy\_callers.py", line 121, in _multicall
    |     res = hook_impl.function(*args)
    |   File "C:\Python314\Lib\site-packages\_pytest\runner.py", line 178, in pytest_runtest_call
    |     item.runtest()
    |     ~~~~~~~~~~~~^^
    |   File "C:\Python314\Lib\site-packages\_pytest\python.py", line 1671, in runtest
    |     self.ihook.pytest_pyfunc_call(pyfuncitem=self)
    |     ~~~~~~~~~~~~~~~~~~~~~~~~~~~~~^^^^^^^^^^^^^^^^^
    |   File "C:\Python314\Lib\site-packages\pluggy\_hooks.py", line 512, in __call__
    |     return self._hookexec(self.name, self._hookimpls.copy(), kwargs, firstresult)
    |            ~~~~~~~~~~~~~~^^^^^^^^^^^^^^^^^^^^^^^^^^^^^^^^^^^^^^^^^^^^^^^^^^^^^^^^
    |   File "C:\Python314\Lib\site-packages\pluggy\_manager.py", line 120, in _hookexec
    |     return self._inner_hookexec(hook_name, methods, kwargs, firstresult)
    |            ~~~~~~~~~~~~~~~~~~~~^^^^^^^^^^^^^^^^^^^^^^^^^^^^^^^^^^^^^^^^^
    |   File "C:\Python314\Lib\site-packages\pluggy\_callers.py", line 167, in _multicall
    |     raise exception
    |   File "C:\Python314\Lib\site-packages\pluggy\_callers.py", line 139, in _multicall
    |     teardown.throw(exception)
    |     ~~~~~~~~~~~~~~^^^^^^^^^^^
    |   File "C:\Python314\Lib\site-packages\pluggy\_callers.py", line 53, in run_old_style_hookwrapper
    |     return result.get_result()
    |            ~~~~~~~~~~~~~~~~~^^
    |   File "C:\Python314\Lib\site-packages\pluggy\_result.py", line 103, in get_result
    |     raise exc.with_traceback(tb)
    |   File "C:\Python314\Lib\site-packages\pluggy\_callers.py", line 38, in run_old_style_hookwrapper
    |     res = yield
    |           ^^^^^
    |   File "C:\Python314\Lib\site-packages\pluggy\_callers.py", line 121, in _multicall
    |     res = hook_impl.function(*args)
    |   File "C:\Python314\Lib\site-packages\_pytest\python.py", line 157, in pytest_pyfunc_call
    |     result = testfunction(**testargs)
    |   File "D:\BikeMaster\tests\test_routes_comprehensive.py", line 487, in test_elevation
    |     resp = tc.get(f"/api/v1/charts/elevation/{ride_id}")
    |   File "C:\Python314\Lib\site-packages\starlette\testclient.py", line 473, in get
    |     return super().get(
    |            ~~~~~~~~~~~^
    |         url,
    |         ^^^^
    |     ...<6 lines>...
    |         extensions=extensions,
    |         ^^^^^^^^^^^^^^^^^^^^^^
    |     )
    |     ^
    |   File "C:\Python314\Lib\site-packages\httpx\_client.py", line 1053, in get
    |     return self.request(
    |            ~~~~~~~~~~~~^
    |         "GET",
    |         ^^^^^^
    |     ...<7 lines>...
    |         extensions=extensions,
    |         ^^^^^^^^^^^^^^^^^^^^^^
    |     )
    |     ^
    |   File "C:\Python314\Lib\site-packages\starlette\testclient.py", line 445, in request
    |     return super().request(
    |            ~~~~~~~~~~~~~~~^
    |         method,
    |         ^^^^^^^
    |     ...<11 lines>...
    |         extensions=extensions,
    |         ^^^^^^^^^^^^^^^^^^^^^^
    |     )
    |     ^
    |   File "C:\Python314\Lib\site-packages\httpx\_client.py", line 825, in request
    |     return self.send(request, auth=auth, follow_redirects=follow_redirects)
    |            ~~~~~~~~~^^^^^^^^^^^^^^^^^^^^^^^^^^^^^^^^^^^^^^^^^^^^^^^^^^^^^^^
    |   File "C:\Python314\Lib\site-packages\httpx\_client.py", line 914, in send
    |     response = self._send_handling_auth(
    |         request,
    |     ...<2 lines>...
    |         history=[],
    |     )
    |   File "C:\Python314\Lib\site-packages\httpx\_client.py", line 942, in _send_handling_auth
    |     response = self._send_handling_redirects(
    |         request,
    |         follow_redirects=follow_redirects,
    |         history=history,
    |     )
    |   File "C:\Python314\Lib\site-packages\httpx\_client.py", line 979, in _send_handling_redirects
    |     response = self._send_single_request(request)
    |   File "C:\Python314\Lib\site-packages\httpx\_client.py", line 1014, in _send_single_request
    |     response = transport.handle_request(request)
    |   File "C:\Python314\Lib\site-packages\starlette\testclient.py", line 348, in handle_request
    |     raise exc
    |   File "C:\Python314\Lib\site-packages\starlette\testclient.py", line 345, in handle_request
    |     portal.call(self.app, scope, receive, send)
    |     ~~~~~~~~~~~^^^^^^^^^^^^^^^^^^^^^^^^^^^^^^^^
    |   File "C:\Python314\Lib\site-packages\anyio\from_thread.py", line 334, in call
    |     return cast(T_Retval, self.start_task_soon(func, *args).result())
    |                           ~~~~~~~~~~~~~~~~~~~~~~~~~~~~~~~~~~~~~~~~^^
    |   File "C:\Python314\Lib\concurrent\futures\_base.py", line 450, in result
    |     return self.__get_result()
    |            ~~~~~~~~~~~~~~~~~^^
    |   File "C:\Python314\Lib\concurrent\futures\_base.py", line 395, in __get_result
    |     raise self._exception
    |   File "C:\Python314\Lib\site-packages\anyio\from_thread.py", line 259, in _call_func
    |     retval = await retval_or_awaitable
    |              ^^^^^^^^^^^^^^^^^^^^^^^^^
    |   File "C:\Python314\Lib\site-packages\fastapi\applications.py", line 1159, in __call__
    |     await super().__call__(scope, receive, send)
    |   File "C:\Python314\Lib\site-packages\starlette\applications.py", line 107, in __call__
    |     await self.middleware_stack(scope, receive, send)
    |   File "C:\Python314\Lib\site-packages\starlette\middleware\errors.py", line 186, in __call__
    |     raise exc
    |   File "C:\Python314\Lib\site-packages\starlette\middleware\errors.py", line 164, in __call__
    |     await self.app(scope, receive, _send)
    |   File "C:\Python314\Lib\site-packages\starlette\middleware\cors.py", line 87, in __call__
    |     await self.app(scope, receive, send)
    |   File "C:\Python314\Lib\site-packages\starlette\middleware\base.py", line 191, in __call__
    |     with recv_stream, send_stream, collapse_excgroups():
    |                                    ~~~~~~~~~~~~~~~~~~^^
    |   File "C:\Python314\Lib\contextlib.py", line 162, in __exit__
    |     self.gen.throw(value)
    |     ~~~~~~~~~~~~~~^^^^^^^
    |   File "C:\Python314\Lib\site-packages\starlette\_utils.py", line 87, in collapse_excgroups
    |     raise exc
    |   File "C:\Python314\Lib\site-packages\starlette\middleware\base.py", line 193, in __call__
    |     response = await self.dispatch_func(request, call_next)
    |                ^^^^^^^^^^^^^^^^^^^^^^^^^^^^^^^^^^^^^^^^^^^^
    |   File "D:\BikeMaster\bike_analyzer\backend\api\app_factory.py", line 249, in add_security_headers
    |     response = await call_next(request)
    |                ^^^^^^^^^^^^^^^^^^^^^^^^
    |   File "C:\Python314\Lib\site-packages\starlette\middleware\base.py", line 168, in call_next
    |     raise app_exc from app_exc.__cause__ or app_exc.__context__
    |   File "C:\Python314\Lib\site-packages\starlette\middleware\base.py", line 144, in coro
    |     await self.app(scope, receive_or_disconnect, send_no_error)
    |   File "C:\Python314\Lib\site-packages\starlette\middleware\base.py", line 191, in __call__
    |     with recv_stream, send_stream, collapse_excgroups():
    |                                    ~~~~~~~~~~~~~~~~~~^^
    |   File "C:\Python314\Lib\contextlib.py", line 162, in __exit__
    |     self.gen.throw(value)
    |     ~~~~~~~~~~~~~~^^^^^^^
    |   File "C:\Python314\Lib\site-packages\starlette\_utils.py", line 87, in collapse_excgroups
    |     raise exc
    |   File "C:\Python314\Lib\site-packages\starlette\middleware\base.py", line 193, in __call__
    |     response = await self.dispatch_func(request, call_next)
    |                ^^^^^^^^^^^^^^^^^^^^^^^^^^^^^^^^^^^^^^^^^^^^
    |   File "D:\BikeMaster\bike_analyzer\backend\api\app_factory.py", line 224, in audit_log_middleware
    |     response = await call_next(request)
    |                ^^^^^^^^^^^^^^^^^^^^^^^^
    |   File "C:\Python314\Lib\site-packages\starlette\middleware\base.py", line 168, in call_next
    |     raise app_exc from app_exc.__cause__ or app_exc.__context__
    |   File "C:\Python314\Lib\site-packages\starlette\middleware\base.py", line 144, in coro
    |     await self.app(scope, receive_or_disconnect, send_no_error)
    |   File "C:\Python314\Lib\site-packages\starlette\middleware\base.py", line 191, in __call__
    |     with recv_stream, send_stream, collapse_excgroups():
    |                                    ~~~~~~~~~~~~~~~~~~^^
    |   File "C:\Python314\Lib\contextlib.py", line 162, in __exit__
    |     self.gen.throw(value)
    |     ~~~~~~~~~~~~~~^^^^^^^
    |   File "C:\Python314\Lib\site-packages\starlette\_utils.py", line 87, in collapse_excgroups
    |     raise exc
    |   File "C:\Python314\Lib\site-packages\starlette\middleware\base.py", line 193, in __call__
    |     response = await self.dispatch_func(request, call_next)
    |                ^^^^^^^^^^^^^^^^^^^^^^^^^^^^^^^^^^^^^^^^^^^^
    |   File "D:\BikeMaster\bike_analyzer\backend\api\app_factory.py", line 199, in user_api_keys_middleware
    |     response = await call_next(request)
    |                ^^^^^^^^^^^^^^^^^^^^^^^^
    |   File "C:\Python314\Lib\site-packages\starlette\middleware\base.py", line 168, in call_next
    |     raise app_exc from app_exc.__cause__ or app_exc.__context__
    |   File "C:\Python314\Lib\site-packages\starlette\middleware\base.py", line 144, in coro
    |     await self.app(scope, receive_or_disconnect, send_no_error)
    |   File "C:\Python314\Lib\site-packages\starlette\middleware\base.py", line 191, in __call__
    |     with recv_stream, send_stream, collapse_excgroups():
    |                                    ~~~~~~~~~~~~~~~~~~^^
    |   File "C:\Python314\Lib\contextlib.py", line 162, in __exit__
    |     self.gen.throw(value)
    |     ~~~~~~~~~~~~~~^^^^^^^
    |   File "C:\Python314\Lib\site-packages\starlette\_utils.py", line 87, in collapse_excgroups
    |     raise exc
    |   File "C:\Python314\Lib\site-packages\starlette\middleware\base.py", line 193, in __call__
    |     response = await self.dispatch_func(request, call_next)
    |                ^^^^^^^^^^^^^^^^^^^^^^^^^^^^^^^^^^^^^^^^^^^^
    |   File "D:\BikeMaster\bike_analyzer\backend\api\app_factory.py", line 183, in correlation_id_middleware
    |     response = await call_next(request)
    |                ^^^^^^^^^^^^^^^^^^^^^^^^
    |   File "C:\Python314\Lib\site-packages\starlette\middleware\base.py", line 168, in call_next
    |     raise app_exc from app_exc.__cause__ or app_exc.__context__
    |   File "C:\Python314\Lib\site-packages\starlette\middleware\base.py", line 144, in coro
    |     await self.app(scope, receive_or_disconnect, send_no_error)
    |   File "D:\BikeMaster\bike_analyzer\backend\monitoring.py", line 315, in __call__
    |     await self.app(scope, receive, send_with_metrics)
    |   File "C:\Python314\Lib\site-packages\starlette\middleware\base.py", line 191, in __call__
    |     with recv_stream, send_stream, collapse_excgroups():
    |                                    ~~~~~~~~~~~~~~~~~~^^
    |   File "C:\Python314\Lib\contextlib.py", line 162, in __exit__
    |     self.gen.throw(value)
    |     ~~~~~~~~~~~~~~^^^^^^^
    |   File "C:\Python314\Lib\site-packages\starlette\_utils.py", line 87, in collapse_excgroups
    |     raise exc
    |   File "C:\Python314\Lib\site-packages\starlette\middleware\base.py", line 193, in __call__
    |     response = await self.dispatch_func(request, call_next)
    |                ^^^^^^^^^^^^^^^^^^^^^^^^^^^^^^^^^^^^^^^^^^^^
    |   File "C:\Python314\Lib\site-packages\slowapi\middleware.py", line 136, in dispatch
    |     response = await call_next(request)
    |                ^^^^^^^^^^^^^^^^^^^^^^^^
    |   File "C:\Python314\Lib\site-packages\starlette\middleware\base.py", line 168, in call_next
    |     raise app_exc from app_exc.__cause__ or app_exc.__context__
    |   File "C:\Python314\Lib\site-packages\starlette\middleware\base.py", line 144, in coro
    |     await self.app(scope, receive_or_disconnect, send_no_error)
    |   File "C:\Python314\Lib\site-packages\starlette\middleware\exceptions.py", line 63, in __call__
    |     await wrap_app_handling_exceptions(self.app, conn)(scope, receive, send)
    |   File "C:\Python314\Lib\site-packages\starlette\_exception_handler.py", line 53, in wrapped_app
    |     raise exc
    |   File "C:\Python314\Lib\site-packages\starlette\_exception_handler.py", line 42, in wrapped_app
    |     await app(scope, receive, sender)
    |   File "C:\Python314\Lib\site-packages\fastapi\middleware\asyncexitstack.py", line 18, in __call__
    |     await self.app(scope, receive, send)
    |   File "C:\Python314\Lib\site-packages\starlette\routing.py", line 716, in __call__
    |     await self.middleware_stack(scope, receive, send)
    |   File "C:\Python314\Lib\site-packages\starlette\routing.py", line 736, in app
    |     await route.handle(scope, receive, send)
    |   File "C:\Python314\Lib\site-packages\starlette\routing.py", line 290, in handle
    |     await self.app(scope, receive, send)
    |   File "C:\Python314\Lib\site-packages\fastapi\routing.py", line 134, in app
    |     await wrap_app_handling_exceptions(app, request)(scope, receive, send)
    |   File "C:\Python314\Lib\site-packages\starlette\_exception_handler.py", line 53, in wrapped_app
    |     raise exc
    |   File "C:\Python314\Lib\site-packages\starlette\_exception_handler.py", line 42, in wrapped_app
    |     await app(scope, receive, sender)
    |   File "C:\Python314\Lib\site-packages\fastapi\routing.py", line 120, in app
    |     response = await f(request)
    |                ^^^^^^^^^^^^^^^^
    |   File "C:\Python314\Lib\site-packages\fastapi\routing.py", line 674, in app
    |     raw_response = await run_endpoint_function(
    |                    ^^^^^^^^^^^^^^^^^^^^^^^^^^^^
    |     ...<3 lines>...
    |     )
    |     ^
    |   File "C:\Python314\Lib\site-packages\fastapi\routing.py", line 328, in run_endpoint_function
    |     return await dependant.call(**values)
    |            ^^^^^^^^^^^^^^^^^^^^^^^^^^^^^^
    |   File "D:\BikeMaster\bike_analyzer\backend\api\routes.py", line 1553, in elevation_chart
    |     segments = build_segments(points)
    |   File "D:\BikeMaster\bike_analyzer\backend\processing\processing.py", line 116, in build_segments
    |     duration_s = (curr.timestamp - prev.timestamp).total_seconds()
    |                   ~~~~~~~~~~~~~~~^~~~~~~~~~~~~~~~
    | TypeError: unsupported operand type(s) for -: 'str' and 'str'
    +------------------------------------

The above exception was the direct cause of the following exception:

Traceback (most recent call last):
  File "D:\BikeMaster\tests\test_routes_comprehensive.py", line 487, in test_elevation
    resp = tc.get(f"/api/v1/charts/elevation/{ride_id}")
  File "C:\Python314\Lib\site-packages\starlette\testclient.py", line 473, in get
    return super().get(
           ~~~~~~~~~~~^
        url,
        ^^^^
    ...<6 lines>...
        extensions=extensions,
        ^^^^^^^^^^^^^^^^^^^^^^
    )
    ^
  File "C:\Python314\Lib\site-packages\httpx\_client.py", line 1053, in get
    return self.request(
           ~~~~~~~~~~~~^
        "GET",
        ^^^^^^
    ...<7 lines>...
        extensions=extensions,
        ^^^^^^^^^^^^^^^^^^^^^^
    )
    ^
  File "C:\Python314\Lib\site-packages\starlette\testclient.py", line 445, in request
    return super().request(
           ~~~~~~~~~~~~~~~^
        method,
        ^^^^^^^
    ...<11 lines>...
        extensions=extensions,
        ^^^^^^^^^^^^^^^^^^^^^^
    )
    ^
  File "C:\Python314\Lib\site-packages\httpx\_client.py", line 825, in request
    return self.send(request, auth=auth, follow_redirects=follow_redirects)
           ~~~~~~~~~^^^^^^^^^^^^^^^^^^^^^^^^^^^^^^^^^^^^^^^^^^^^^^^^^^^^^^^
  File "C:\Python314\Lib\site-packages\httpx\_client.py", line 914, in send
    response = self._send_handling_auth(
        request,
    ...<2 lines>...
        history=[],
    )
  File "C:\Python314\Lib\site-packages\httpx\_client.py", line 942, in _send_handling_auth
    response = self._send_handling_redirects(
        request,
        follow_redirects=follow_redirects,
        history=history,
    )
  File "C:\Python314\Lib\site-packages\httpx\_client.py", line 979, in _send_handling_redirects
    response = self._send_single_request(request)
  File "C:\Python314\Lib\site-packages\httpx\_client.py", line 1014, in _send_single_request
    response = transport.handle_request(request)
  File "C:\Python314\Lib\site-packages\starlette\testclient.py", line 348, in handle_request
    raise exc
  File "C:\Python314\Lib\site-packages\starlette\testclient.py", line 345, in handle_request
    portal.call(self.app, scope, receive, send)
    ~~~~~~~~~~~^^^^^^^^^^^^^^^^^^^^^^^^^^^^^^^^
  File "C:\Python314\Lib\site-packages\anyio\from_thread.py", line 334, in call
    return cast(T_Retval, self.start_task_soon(func, *args).result())
                          ~~~~~~~~~~~~~~~~~~~~~~~~~~~~~~~~~~~~~~~~^^
  File "C:\Python314\Lib\concurrent\futures\_base.py", line 450, in result
    return self.__get_result()
           ~~~~~~~~~~~~~~~~~^^
  File "C:\Python314\Lib\concurrent\futures\_base.py", line 395, in __get_result
    raise self._exception
  File "C:\Python314\Lib\site-packages\anyio\from_thread.py", line 259, in _call_func
    retval = await retval_or_awaitable
             ^^^^^^^^^^^^^^^^^^^^^^^^^
  File "C:\Python314\Lib\site-packages\fastapi\applications.py", line 1159, in __call__
    await super().__call__(scope, receive, send)
  File "C:\Python314\Lib\site-packages\starlette\applications.py", line 107, in __call__
    await self.middleware_stack(scope, receive, send)
  File "C:\Python314\Lib\site-packages\starlette\middleware\errors.py", line 186, in __call__
    raise exc
  File "C:\Python314\Lib\site-packages\starlette\middleware\errors.py", line 164, in __call__
    await self.app(scope, receive, _send)
  File "C:\Python314\Lib\site-packages\starlette\middleware\cors.py", line 87, in __call__
    await self.app(scope, receive, send)
  File "C:\Python314\Lib\site-packages\starlette\middleware\base.py", line 191, in __call__
    with recv_stream, send_stream, collapse_excgroups():
                                   ~~~~~~~~~~~~~~~~~~^^
  File "C:\Python314\Lib\contextlib.py", line 162, in __exit__
    self.gen.throw(value)
    ~~~~~~~~~~~~~~^^^^^^^
  File "C:\Python314\Lib\site-packages\starlette\_utils.py", line 87, in collapse_excgroups
    raise exc
  File "C:\Python314\Lib\site-packages\starlette\middleware\base.py", line 193, in __call__
    response = await self.dispatch_func(request, call_next)
               ^^^^^^^^^^^^^^^^^^^^^^^^^^^^^^^^^^^^^^^^^^^^
  File "D:\BikeMaster\bike_analyzer\backend\api\app_factory.py", line 249, in add_security_headers
    response = await call_next(request)
               ^^^^^^^^^^^^^^^^^^^^^^^^
  File "C:\Python314\Lib\site-packages\starlette\middleware\base.py", line 168, in call_next
    raise app_exc from app_exc.__cause__ or app_exc.__context__
  File "C:\Python314\Lib\site-packages\starlette\middleware\base.py", line 144, in coro
    await self.app(scope, receive_or_disconnect, send_no_error)
  File "C:\Python314\Lib\site-packages\starlette\middleware\base.py", line 191, in __call__
    with recv_stream, send_stream, collapse_excgroups():
                                   ~~~~~~~~~~~~~~~~~~^^
  File "C:\Python314\Lib\contextlib.py", line 162, in __exit__
    self.gen.throw(value)
    ~~~~~~~~~~~~~~^^^^^^^
  File "C:\Python314\Lib\site-packages\starlette\_utils.py", line 87, in collapse_excgroups
    raise exc
  File "C:\Python314\Lib\site-packages\starlette\middleware\base.py", line 193, in __call__
    response = await self.dispatch_func(request, call_next)
               ^^^^^^^^^^^^^^^^^^^^^^^^^^^^^^^^^^^^^^^^^^^^
  File "D:\BikeMaster\bike_analyzer\backend\api\app_factory.py", line 224, in audit_log_middleware
    response = await call_next(request)
               ^^^^^^^^^^^^^^^^^^^^^^^^
  File "C:\Python314\Lib\site-packages\starlette\middleware\base.py", line 168, in call_next
    raise app_exc from app_exc.__cause__ or app_exc.__context__
  File "C:\Python314\Lib\site-packages\starlette\middleware\base.py", line 144, in coro
    await self.app(scope, receive_or_disconnect, send_no_error)
  File "C:\Python314\Lib\site-packages\starlette\middleware\base.py", line 191, in __call__
    with recv_stream, send_stream, collapse_excgroups():
                                   ~~~~~~~~~~~~~~~~~~^^
  File "C:\Python314\Lib\contextlib.py", line 162, in __exit__
    self.gen.throw(value)
    ~~~~~~~~~~~~~~^^^^^^^
  File "C:\Python314\Lib\site-packages\starlette\_utils.py", line 87, in collapse_excgroups
    raise exc
  File "C:\Python314\Lib\site-packages\starlette\middleware\base.py", line 193, in __call__
    response = await self.dispatch_func(request, call_next)
               ^^^^^^^^^^^^^^^^^^^^^^^^^^^^^^^^^^^^^^^^^^^^
  File "D:\BikeMaster\bike_analyzer\backend\api\app_factory.py", line 199, in user_api_keys_middleware
    response = await call_next(request)
               ^^^^^^^^^^^^^^^^^^^^^^^^
  File "C:\Python314\Lib\site-packages\starlette\middleware\base.py", line 168, in call_next
    raise app_exc from app_exc.__cause__ or app_exc.__context__
  File "C:\Python314\Lib\site-packages\starlette\middleware\base.py", line 144, in coro
    await self.app(scope, receive_or_disconnect, send_no_error)
  File "C:\Python314\Lib\site-packages\starlette\middleware\base.py", line 191, in __call__
    with recv_stream, send_stream, collapse_excgroups():
                                   ~~~~~~~~~~~~~~~~~~^^
  File "C:\Python314\Lib\contextlib.py", line 162, in __exit__
    self.gen.throw(value)
    ~~~~~~~~~~~~~~^^^^^^^
  File "C:\Python314\Lib\site-packages\starlette\_utils.py", line 87, in collapse_excgroups
    raise exc
  File "C:\Python314\Lib\site-packages\starlette\middleware\base.py", line 193, in __call__
    response = await self.dispatch_func(request, call_next)
               ^^^^^^^^^^^^^^^^^^^^^^^^^^^^^^^^^^^^^^^^^^^^
  File "D:\BikeMaster\bike_analyzer\backend\api\app_factory.py", line 183, in correlation_id_middleware
    response = await call_next(request)
               ^^^^^^^^^^^^^^^^^^^^^^^^
  File "C:\Python314\Lib\site-packages\starlette\middleware\base.py", line 168, in call_next
    raise app_exc from app_exc.__cause__ or app_exc.__context__
  File "C:\Python314\Lib\site-packages\starlette\middleware\base.py", line 144, in coro
    await self.app(scope, receive_or_disconnect, send_no_error)
  File "D:\BikeMaster\bike_analyzer\backend\monitoring.py", line 315, in __call__
    await self.app(scope, receive, send_with_metrics)
  File "C:\Python314\Lib\site-packages\starlette\middleware\base.py", line 191, in __call__
    with recv_stream, send_stream, collapse_excgroups():
                                   ~~~~~~~~~~~~~~~~~~^^
  File "C:\Python314\Lib\contextlib.py", line 162, in __exit__
    self.gen.throw(value)
    ~~~~~~~~~~~~~~^^^^^^^
  File "C:\Python314\Lib\site-packages\starlette\_utils.py", line 87, in collapse_excgroups
    raise exc
  File "C:\Python314\Lib\site-packages\starlette\middleware\base.py", line 193, in __call__
    response = await self.dispatch_func(request, call_next)
               ^^^^^^^^^^^^^^^^^^^^^^^^^^^^^^^^^^^^^^^^^^^^
  File "C:\Python314\Lib\site-packages\slowapi\middleware.py", line 136, in dispatch
    response = await call_next(request)
               ^^^^^^^^^^^^^^^^^^^^^^^^
  File "C:\Python314\Lib\site-packages\starlette\middleware\base.py", line 168, in call_next
    raise app_exc from app_exc.__cause__ or app_exc.__context__
  File "C:\Python314\Lib\site-packages\starlette\middleware\base.py", line 144, in coro
    await self.app(scope, receive_or_disconnect, send_no_error)
  File "C:\Python314\Lib\site-packages\starlette\middleware\exceptions.py", line 63, in __call__
    await wrap_app_handling_exceptions(self.app, conn)(scope, receive, send)
  File "C:\Python314\Lib\site-packages\starlette\_exception_handler.py", line 53, in wrapped_app
    raise exc
  File "C:\Python314\Lib\site-packages\starlette\_exception_handler.py", line 42, in wrapped_app
    await app(scope, receive, sender)
  File "C:\Python314\Lib\site-packages\fastapi\middleware\asyncexitstack.py", line 18, in __call__
    await self.app(scope, receive, send)
  File "C:\Python314\Lib\site-packages\starlette\routing.py", line 716, in __call__
    await self.middleware_stack(scope, receive, send)
  File "C:\Python314\Lib\site-packages\starlette\routing.py", line 736, in app
    await route.handle(scope, receive, send)
  File "C:\Python314\Lib\site-packages\starlette\routing.py", line 290, in handle
    await self.app(scope, receive, send)
  File "C:\Python314\Lib\site-packages\fastapi\routing.py", line 134, in app
    await wrap_app_handling_exceptions(app, request)(scope, receive, send)
  File "C:\Python314\Lib\site-packages\starlette\_exception_handler.py", line 53, in wrapped_app
    raise exc
  File "C:\Python314\Lib\site-packages\starlette\_exception_handler.py", line 42, in wrapped_app
    await app(scope, receive, sender)
  File "C:\Python314\Lib\site-packages\fastapi\routing.py", line 120, in app
    response = await f(request)
               ^^^^^^^^^^^^^^^^
  File "C:\Python314\Lib\site-packages\fastapi\routing.py", line 674, in app
    raw_response = await run_endpoint_function(
                   ^^^^^^^^^^^^^^^^^^^^^^^^^^^^
    ...<3 lines>...
    )
    ^
  File "C:\Python314\Lib\site-packages\fastapi\routing.py", line 328, in run_endpoint_function
    return await dependant.call(**values)
           ^^^^^^^^^^^^^^^^^^^^^^^^^^^^^^
  File "D:\BikeMaster\bike_analyzer\backend\api\routes.py", line 1553, in elevation_chart
    segments = build_segments(points)
  File "D:\BikeMaster\bike_analyzer\backend\processing\processing.py", line 116, in build_segments
    duration_s = (curr.timestamp - prev.timestamp).total_seconds()
                  ~~~~~~~~~~~~~~~^~~~~~~~~~~~~~~~
TypeError: unsupported operand type(s) for -: 'str' and 'str'

The above exception was the direct cause of the following exception:
tests\test_routes_comprehensive.py:487: in test_elevation
    resp = tc.get(f"/api/v1/charts/elevation/{ride_id}")
           ^^^^^^^^^^^^^^^^^^^^^^^^^^^^^^^^^^^^^^^^^^^^^
C:\Python314\Lib\site-packages\starlette\testclient.py:473: in get
    return super().get(
C:\Python314\Lib\site-packages\httpx\_client.py:1053: in get
    return self.request(
C:\Python314\Lib\site-packages\starlette\testclient.py:445: in request
    return super().request(
C:\Python314\Lib\site-packages\httpx\_client.py:825: in request
    return self.send(request, auth=auth, follow_redirects=follow_redirects)
           ^^^^^^^^^^^^^^^^^^^^^^^^^^^^^^^^^^^^^^^^^^^^^^^^^^^^^^^^^^^^^^^^
C:\Python314\Lib\site-packages\httpx\_client.py:914: in send
    response = self._send_handling_auth(
C:\Python314\Lib\site-packages\httpx\_client.py:942: in _send_handling_auth
    response = self._send_handling_redirects(
C:\Python314\Lib\site-packages\httpx\_client.py:979: in _send_handling_redirects
    response = self._send_single_request(request)
               ^^^^^^^^^^^^^^^^^^^^^^^^^^^^^^^^^^
C:\Python314\Lib\site-packages\httpx\_client.py:1014: in _send_single_request
    response = transport.handle_request(request)
               ^^^^^^^^^^^^^^^^^^^^^^^^^^^^^^^^^
C:\Python314\Lib\site-packages\starlette\testclient.py:348: in handle_request
    raise exc
C:\Python314\Lib\site-packages\starlette\testclient.py:345: in handle_request
    portal.call(self.app, scope, receive, send)
C:\Python314\Lib\site-packages\anyio\from_thread.py:334: in call
    return cast(T_Retval, self.start_task_soon(func, *args).result())
                          ^^^^^^^^^^^^^^^^^^^^^^^^^^^^^^^^^^^^^^^^^^
C:\Python314\Lib\concurrent\futures\_base.py:450: in result
    return self.__get_result()
           ^^^^^^^^^^^^^^^^^^^
C:\Python314\Lib\concurrent\futures\_base.py:395: in __get_result
    raise self._exception
C:\Python314\Lib\site-packages\anyio\from_thread.py:259: in _call_func
    retval = await retval_or_awaitable
             ^^^^^^^^^^^^^^^^^^^^^^^^^
C:\Python314\Lib\site-packages\fastapi\applications.py:1159: in __call__
    await super().__call__(scope, receive, send)
C:\Python314\Lib\site-packages\starlette\applications.py:107: in __call__
    await self.middleware_stack(scope, receive, send)
C:\Python314\Lib\site-packages\starlette\middleware\errors.py:186: in __call__
    raise exc
C:\Python314\Lib\site-packages\starlette\middleware\errors.py:164: in __call__
    await self.app(scope, receive, _send)
C:\Python314\Lib\site-packages\starlette\middleware\cors.py:87: in __call__
    await self.app(scope, receive, send)
C:\Python314\Lib\site-packages\starlette\middleware\base.py:191: in __call__
    with recv_stream, send_stream, collapse_excgroups():
                                   ^^^^^^^^^^^^^^^^^^^^
C:\Python314\Lib\contextlib.py:162: in __exit__
    self.gen.throw(value)
C:\Python314\Lib\site-packages\starlette\_utils.py:87: in collapse_excgroups
    raise exc
C:\Python314\Lib\site-packages\starlette\middleware\base.py:193: in __call__
    response = await self.dispatch_func(request, call_next)
               ^^^^^^^^^^^^^^^^^^^^^^^^^^^^^^^^^^^^^^^^^^^^
bike_analyzer\backend\api\app_factory.py:249: in add_security_headers
    response = await call_next(request)
               ^^^^^^^^^^^^^^^^^^^^^^^^
C:\Python314\Lib\site-packages\starlette\middleware\base.py:168: in call_next
    raise app_exc from app_exc.__cause__ or app_exc.__context__
C:\Python314\Lib\site-packages\starlette\middleware\base.py:144: in coro
    await self.app(scope, receive_or_disconnect, send_no_error)
C:\Python314\Lib\site-packages\starlette\middleware\base.py:191: in __call__
    with recv_stream, send_stream, collapse_excgroups():
                                   ^^^^^^^^^^^^^^^^^^^^
C:\Python314\Lib\contextlib.py:162: in __exit__
    self.gen.throw(value)
C:\Python314\Lib\site-packages\starlette\_utils.py:87: in collapse_excgroups
    raise exc
C:\Python314\Lib\site-packages\starlette\middleware\base.py:193: in __call__
    response = await self.dispatch_func(request, call_next)
               ^^^^^^^^^^^^^^^^^^^^^^^^^^^^^^^^^^^^^^^^^^^^
bike_analyzer\backend\api\app_factory.py:224: in audit_log_middleware
    response = await call_next(request)
               ^^^^^^^^^^^^^^^^^^^^^^^^
C:\Python314\Lib\site-packages\starlette\middleware\base.py:168: in call_next
    raise app_exc from app_exc.__cause__ or app_exc.__context__
C:\Python314\Lib\site-packages\starlette\middleware\base.py:144: in coro
    await self.app(scope, receive_or_disconnect, send_no_error)
C:\Python314\Lib\site-packages\starlette\middleware\base.py:191: in __call__
    with recv_stream, send_stream, collapse_excgroups():
                                   ^^^^^^^^^^^^^^^^^^^^
C:\Python314\Lib\contextlib.py:162: in __exit__
    self.gen.throw(value)
C:\Python314\Lib\site-packages\starlette\_utils.py:87: in collapse_excgroups
    raise exc
C:\Python314\Lib\site-packages\starlette\middleware\base.py:193: in __call__
    response = await self.dispatch_func(request, call_next)
               ^^^^^^^^^^^^^^^^^^^^^^^^^^^^^^^^^^^^^^^^^^^^
bike_analyzer\backend\api\app_factory.py:199: in user_api_keys_middleware
    response = await call_next(request)
               ^^^^^^^^^^^^^^^^^^^^^^^^
C:\Python314\Lib\site-packages\starlette\middleware\base.py:168: in call_next
    raise app_exc from app_exc.__cause__ or app_exc.__context__
C:\Python314\Lib\site-packages\starlette\middleware\base.py:144: in coro
    await self.app(scope, receive_or_disconnect, send_no_error)
C:\Python314\Lib\site-packages\starlette\middleware\base.py:191: in __call__
    with recv_stream, send_stream, collapse_excgroups():
                                   ^^^^^^^^^^^^^^^^^^^^
C:\Python314\Lib\contextlib.py:162: in __exit__
    self.gen.throw(value)
C:\Python314\Lib\site-packages\starlette\_utils.py:87: in collapse_excgroups
    raise exc
C:\Python314\Lib\site-packages\starlette\middleware\base.py:193: in __call__
    response = await self.dispatch_func(request, call_next)
               ^^^^^^^^^^^^^^^^^^^^^^^^^^^^^^^^^^^^^^^^^^^^
bike_analyzer\backend\api\app_factory.py:183: in correlation_id_middleware
    response = await call_next(request)
               ^^^^^^^^^^^^^^^^^^^^^^^^
C:\Python314\Lib\site-packages\starlette\middleware\base.py:168: in call_next
    raise app_exc from app_exc.__cause__ or app_exc.__context__
C:\Python314\Lib\site-packages\starlette\middleware\base.py:144: in coro
    await self.app(scope, receive_or_disconnect, send_no_error)
bike_analyzer\backend\monitoring.py:315: in __call__
    await self.app(scope, receive, send_with_metrics)
C:\Python314\Lib\site-packages\starlette\middleware\base.py:191: in __call__
    with recv_stream, send_stream, collapse_excgroups():
                                   ^^^^^^^^^^^^^^^^^^^^
C:\Python314\Lib\contextlib.py:162: in __exit__
    self.gen.throw(value)
C:\Python314\Lib\site-packages\starlette\_utils.py:87: in collapse_excgroups
    raise exc
C:\Python314\Lib\site-packages\starlette\middleware\base.py:193: in __call__
    response = await self.dispatch_func(request, call_next)
               ^^^^^^^^^^^^^^^^^^^^^^^^^^^^^^^^^^^^^^^^^^^^
C:\Python314\Lib\site-packages\slowapi\middleware.py:136: in dispatch
    response = await call_next(request)
               ^^^^^^^^^^^^^^^^^^^^^^^^
C:\Python314\Lib\site-packages\starlette\middleware\base.py:168: in call_next
    raise app_exc from app_exc.__cause__ or app_exc.__context__
C:\Python314\Lib\site-packages\starlette\middleware\base.py:144: in coro
    await self.app(scope, receive_or_disconnect, send_no_error)
C:\Python314\Lib\site-packages\starlette\middleware\exceptions.py:63: in __call__
    await wrap_app_handling_exceptions(self.app, conn)(scope, receive, send)
C:\Python314\Lib\site-packages\starlette\_exception_handler.py:53: in wrapped_app
    raise exc
C:\Python314\Lib\site-packages\starlette\_exception_handler.py:42: in wrapped_app
    await app(scope, receive, sender)
C:\Python314\Lib\site-packages\fastapi\middleware\asyncexitstack.py:18: in __call__
    await self.app(scope, receive, send)
C:\Python314\Lib\site-packages\starlette\routing.py:716: in __call__
    await self.middleware_stack(scope, receive, send)
C:\Python314\Lib\site-packages\starlette\routing.py:736: in app
    await route.handle(scope, receive, send)
C:\Python314\Lib\site-packages\starlette\routing.py:290: in handle
    await self.app(scope, receive, send)
C:\Python314\Lib\site-packages\fastapi\routing.py:134: in app
    await wrap_app_handling_exceptions(app, request)(scope, receive, send)
C:\Python314\Lib\site-packages\starlette\_exception_handler.py:53: in wrapped_app
    raise exc
C:\Python314\Lib\site-packages\starlette\_exception_handler.py:42: in wrapped_app
    await app(scope, receive, sender)
C:\Python314\Lib\site-packages\fastapi\routing.py:120: in app
    response = await f(request)
               ^^^^^^^^^^^^^^^^
C:\Python314\Lib\site-packages\fastapi\routing.py:674: in app
    raw_response = await run_endpoint_function(
C:\Python314\Lib\site-packages\fastapi\routing.py:328: in run_endpoint_function
    return await dependant.call(**values)
           ^^^^^^^^^^^^^^^^^^^^^^^^^^^^^^
bike_analyzer\backend\api\routes.py:1553: in elevation_chart
    segments = build_segments(points)
               ^^^^^^^^^^^^^^^^^^^^^^
bike_analyzer\backend\processing\processing.py:116: in build_segments
    duration_s = (curr.timestamp - prev.timestamp).total_seconds()
                  ^^^^^^^^^^^^^^^^^^^^^^^^^^^^^^^
E   TypeError: unsupported operand type(s) for -: 'str' and 'str'
----------------------------- Captured log setup ------------------------------
WARNING  bike_analyzer.backend.redis_client:redis_client.py:64 Redis unavailable: Error 11001 connecting to red-d8qnqf8g4nts739ddi90:6379. 11001. — cache disabled
------------------------------ Captured log call ------------------------------
ERROR    bike_analyzer.backend.api.app_factory:app_factory.py:185 Unhandled exception for request_id=4cc515a5-2b8b-4800-ae6d-93cea37334aa
  + Exception Group Traceback (most recent call last):
  |   File "C:\Python314\Lib\site-packages\starlette\_utils.py", line 81, in collapse_excgroups
  |     yield
  |   File "C:\Python314\Lib\site-packages\starlette\middleware\base.py", line 192, in __call__
  |     async with anyio.create_task_group() as task_group:
  |                ~~~~~~~~~~~~~~~~~~~~~~~^^
  |   File "C:\Python314\Lib\site-packages\anyio\_backends\_asyncio.py", line 799, in __aexit__
  |     raise BaseExceptionGroup(
  |         "unhandled errors in a TaskGroup", self._exceptions
  |     ) from None
  | ExceptionGroup: unhandled errors in a TaskGroup (1 sub-exception)
  +-+---------------- 1 ----------------
    | Traceback (most recent call last):
    |   File "D:\BikeMaster\bike_analyzer\backend\api\app_factory.py", line 183, in correlation_id_middleware
    |     response = await call_next(request)
    |                ^^^^^^^^^^^^^^^^^^^^^^^^
    |   File "C:\Python314\Lib\site-packages\starlette\middleware\base.py", line 168, in call_next
    |     raise app_exc from app_exc.__cause__ or app_exc.__context__
    |   File "C:\Python314\Lib\site-packages\starlette\middleware\base.py", line 144, in coro
    |     await self.app(scope, receive_or_disconnect, send_no_error)
    |   File "D:\BikeMaster\bike_analyzer\backend\monitoring.py", line 315, in __call__
    |     await self.app(scope, receive, send_with_metrics)
    |   File "C:\Python314\Lib\site-packages\starlette\middleware\base.py", line 191, in __call__
    |     with recv_stream, send_stream, collapse_excgroups():
    |                                    ~~~~~~~~~~~~~~~~~~^^
    |   File "C:\Python314\Lib\contextlib.py", line 162, in __exit__
    |     self.gen.throw(value)
    |     ~~~~~~~~~~~~~~^^^^^^^
    |   File "C:\Python314\Lib\site-packages\starlette\_utils.py", line 87, in collapse_excgroups
    |     raise exc
    |   File "C:\Python314\Lib\site-packages\starlette\middleware\base.py", line 193, in __call__
    |     response = await self.dispatch_func(request, call_next)
    |                ^^^^^^^^^^^^^^^^^^^^^^^^^^^^^^^^^^^^^^^^^^^^
    |   File "C:\Python314\Lib\site-packages\slowapi\middleware.py", line 136, in dispatch
    |     response = await call_next(request)
    |                ^^^^^^^^^^^^^^^^^^^^^^^^
    |   File "C:\Python314\Lib\site-packages\starlette\middleware\base.py", line 168, in call_next
    |     raise app_exc from app_exc.__cause__ or app_exc.__context__
    |   File "C:\Python314\Lib\site-packages\starlette\middleware\base.py", line 144, in coro
    |     await self.app(scope, receive_or_disconnect, send_no_error)
    |   File "C:\Python314\Lib\site-packages\starlette\middleware\exceptions.py", line 63, in __call__
    |     await wrap_app_handling_exceptions(self.app, conn)(scope, receive, send)
    |   File "C:\Python314\Lib\site-packages\starlette\_exception_handler.py", line 53, in wrapped_app
    |     raise exc
    |   File "C:\Python314\Lib\site-packages\starlette\_exception_handler.py", line 42, in wrapped_app
    |     await app(scope, receive, sender)
    |   File "C:\Python314\Lib\site-packages\fastapi\middleware\asyncexitstack.py", line 18, in __call__
    |     await self.app(scope, receive, send)
    |   File "C:\Python314\Lib\site-packages\starlette\routing.py", line 716, in __call__
    |     await self.middleware_stack(scope, receive, send)
    |   File "C:\Python314\Lib\site-packages\starlette\routing.py", line 736, in app
    |     await route.handle(scope, receive, send)
    |   File "C:\Python314\Lib\site-packages\starlette\routing.py", line 290, in handle
    |     await self.app(scope, receive, send)
    |   File "C:\Python314\Lib\site-packages\fastapi\routing.py", line 134, in app
    |     await wrap_app_handling_exceptions(app, request)(scope, receive, send)
    |   File "C:\Python314\Lib\site-packages\starlette\_exception_handler.py", line 53, in wrapped_app
    |     raise exc
    |   File "C:\Python314\Lib\site-packages\starlette\_exception_handler.py", line 42, in wrapped_app
    |     await app(scope, receive, sender)
    |   File "C:\Python314\Lib\site-packages\fastapi\routing.py", line 120, in app
    |     response = await f(request)
    |                ^^^^^^^^^^^^^^^^
    |   File "C:\Python314\Lib\site-packages\fastapi\routing.py", line 674, in app
    |     raw_response = await run_endpoint_function(
    |                    ^^^^^^^^^^^^^^^^^^^^^^^^^^^^
    |     ...<3 lines>...
    |     )
    |     ^
    |   File "C:\Python314\Lib\site-packages\fastapi\routing.py", line 328, in run_endpoint_function
    |     return await dependant.call(**values)
    |            ^^^^^^^^^^^^^^^^^^^^^^^^^^^^^^
    |   File "D:\BikeMaster\bike_analyzer\backend\api\routes.py", line 1553, in elevation_chart
    |     segments = build_segments(points)
    |   File "D:\BikeMaster\bike_analyzer\backend\processing\processing.py", line 116, in build_segments
    |     duration_s = (curr.timestamp - prev.timestamp).total_seconds()
    |                   ~~~~~~~~~~~~~~~^~~~~~~~~~~~~~~~
    | TypeError: unsupported operand type(s) for -: 'str' and 'str'
    +------------------------------------

The above exception was the direct cause of the following exception:

Traceback (most recent call last):
  File "D:\BikeMaster\bike_analyzer\backend\api\app_factory.py", line 183, in correlation_id_middleware
    response = await call_next(request)
               ^^^^^^^^^^^^^^^^^^^^^^^^
  File "C:\Python314\Lib\site-packages\starlette\middleware\base.py", line 168, in call_next
    raise app_exc from app_exc.__cause__ or app_exc.__context__
  File "C:\Python314\Lib\site-packages\starlette\middleware\base.py", line 144, in coro
    await self.app(scope, receive_or_disconnect, send_no_error)
  File "D:\BikeMaster\bike_analyzer\backend\monitoring.py", line 315, in __call__
    await self.app(scope, receive, send_with_metrics)
  File "C:\Python314\Lib\site-packages\starlette\middleware\base.py", line 191, in __call__
    with recv_stream, send_stream, collapse_excgroups():
                                   ~~~~~~~~~~~~~~~~~~^^
  File "C:\Python314\Lib\contextlib.py", line 162, in __exit__
    self.gen.throw(value)
    ~~~~~~~~~~~~~~^^^^^^^
  File "C:\Python314\Lib\site-packages\starlette\_utils.py", line 87, in collapse_excgroups
    raise exc
  File "C:\Python314\Lib\site-packages\starlette\middleware\base.py", line 193, in __call__
    response = await self.dispatch_func(request, call_next)
               ^^^^^^^^^^^^^^^^^^^^^^^^^^^^^^^^^^^^^^^^^^^^
  File "C:\Python314\Lib\site-packages\slowapi\middleware.py", line 136, in dispatch
    response = await call_next(request)
               ^^^^^^^^^^^^^^^^^^^^^^^^
  File "C:\Python314\Lib\site-packages\starlette\middleware\base.py", line 168, in call_next
    raise app_exc from app_exc.__cause__ or app_exc.__context__
  File "C:\Python314\Lib\site-packages\starlette\middleware\base.py", line 144, in coro
    await self.app(scope, receive_or_disconnect, send_no_error)
  File "C:\Python314\Lib\site-packages\starlette\middleware\exceptions.py", line 63, in __call__
    await wrap_app_handling_exceptions(self.app, conn)(scope, receive, send)
  File "C:\Python314\Lib\site-packages\starlette\_exception_handler.py", line 53, in wrapped_app
    raise exc
  File "C:\Python314\Lib\site-packages\starlette\_exception_handler.py", line 42, in wrapped_app
    await app(scope, receive, sender)
  File "C:\Python314\Lib\site-packages\fastapi\middleware\asyncexitstack.py", line 18, in __call__
    await self.app(scope, receive, send)
  File "C:\Python314\Lib\site-packages\starlette\routing.py", line 716, in __call__
    await self.middleware_stack(scope, receive, send)
  File "C:\Python314\Lib\site-packages\starlette\routing.py", line 736, in app
    await route.handle(scope, receive, send)
  File "C:\Python314\Lib\site-packages\starlette\routing.py", line 290, in handle
    await self.app(scope, receive, send)
  File "C:\Python314\Lib\site-packages\fastapi\routing.py", line 134, in app
    await wrap_app_handling_exceptions(app, request)(scope, receive, send)
  File "C:\Python314\Lib\site-packages\starlette\_exception_handler.py", line 53, in wrapped_app
    raise exc
  File "C:\Python314\Lib\site-packages\starlette\_exception_handler.py", line 42, in wrapped_app
    await app(scope, receive, sender)
  File "C:\Python314\Lib\site-packages\fastapi\routing.py", line 120, in app
    response = await f(request)
               ^^^^^^^^^^^^^^^^
  File "C:\Python314\Lib\site-packages\fastapi\routing.py", line 674, in app
    raw_response = await run_endpoint_function(
                   ^^^^^^^^^^^^^^^^^^^^^^^^^^^^
    ...<3 lines>...
    )
    ^
  File "C:\Python314\Lib\site-packages\fastapi\routing.py", line 328, in run_endpoint_function
    return await dependant.call(**values)
           ^^^^^^^^^^^^^^^^^^^^^^^^^^^^^^
  File "D:\BikeMaster\bike_analyzer\backend\api\routes.py", line 1553, in elevation_chart
    segments = build_segments(points)
  File "D:\BikeMaster\bike_analyzer\backend\processing\processing.py", line 116, in build_segments
    duration_s = (curr.timestamp - prev.timestamp).total_seconds()
                  ~~~~~~~~~~~~~~~^~~~~~~~~~~~~~~~
TypeError: unsupported operand type(s) for -: 'str' and 'str'
_____________________ TestTrafficRoutes.test_ride_safety ______________________
  + Exception Group Traceback (most recent call last):
  |   File "C:\Python314\Lib\site-packages\starlette\_utils.py", line 81, in collapse_excgroups
  |     yield
  |   File "C:\Python314\Lib\site-packages\starlette\middleware\base.py", line 192, in __call__
  |     async with anyio.create_task_group() as task_group:
  |                ~~~~~~~~~~~~~~~~~~~~~~~^^
  |   File "C:\Python314\Lib\site-packages\anyio\_backends\_asyncio.py", line 799, in __aexit__
  |     raise BaseExceptionGroup(
  |         "unhandled errors in a TaskGroup", self._exceptions
  |     ) from None
  | ExceptionGroup: unhandled errors in a TaskGroup (1 sub-exception)
  +-+---------------- 1 ----------------
    | Traceback (most recent call last):
    |   File "C:\Python314\Lib\site-packages\_pytest\runner.py", line 344, in from_call
    |     result: TResult | None = func()
    |                              ~~~~^^
    |   File "C:\Python314\Lib\site-packages\_pytest\runner.py", line 246, in <lambda>
    |     lambda: runtest_hook(item=item, **kwds), when=when, reraise=reraise
    |             ~~~~~~~~~~~~^^^^^^^^^^^^^^^^^^^
    |   File "C:\Python314\Lib\site-packages\pluggy\_hooks.py", line 512, in __call__
    |     return self._hookexec(self.name, self._hookimpls.copy(), kwargs, firstresult)
    |            ~~~~~~~~~~~~~~^^^^^^^^^^^^^^^^^^^^^^^^^^^^^^^^^^^^^^^^^^^^^^^^^^^^^^^^
    |   File "C:\Python314\Lib\site-packages\pluggy\_manager.py", line 120, in _hookexec
    |     return self._inner_hookexec(hook_name, methods, kwargs, firstresult)
    |            ~~~~~~~~~~~~~~~~~~~~^^^^^^^^^^^^^^^^^^^^^^^^^^^^^^^^^^^^^^^^^
    |   File "C:\Python314\Lib\site-packages\pluggy\_callers.py", line 167, in _multicall
    |     raise exception
    |   File "C:\Python314\Lib\site-packages\pluggy\_callers.py", line 139, in _multicall
    |     teardown.throw(exception)
    |     ~~~~~~~~~~~~~~^^^^^^^^^^^
    |   File "C:\Python314\Lib\site-packages\_pytest\logging.py", line 850, in pytest_runtest_call
    |     yield
    |   File "C:\Python314\Lib\site-packages\pluggy\_callers.py", line 139, in _multicall
    |     teardown.throw(exception)
    |     ~~~~~~~~~~~~~~^^^^^^^^^^^
    |   File "C:\Python314\Lib\site-packages\_pytest\capture.py", line 900, in pytest_runtest_call
    |     return (yield)
    |             ^^^^^
    |   File "C:\Python314\Lib\site-packages\pluggy\_callers.py", line 139, in _multicall
    |     teardown.throw(exception)
    |     ~~~~~~~~~~~~~~^^^^^^^^^^^
    |   File "C:\Python314\Lib\site-packages\pluggy\_callers.py", line 53, in run_old_style_hookwrapper
    |     return result.get_result()
    |            ~~~~~~~~~~~~~~~~~^^
    |   File "C:\Python314\Lib\site-packages\pluggy\_result.py", line 103, in get_result
    |     raise exc.with_traceback(tb)
    |   File "C:\Python314\Lib\site-packages\pluggy\_callers.py", line 38, in run_old_style_hookwrapper
    |     res = yield
    |           ^^^^^
    |   File "C:\Python314\Lib\site-packages\pluggy\_callers.py", line 139, in _multicall
    |     teardown.throw(exception)
    |     ~~~~~~~~~~~~~~^^^^^^^^^^^
    |   File "C:\Python314\Lib\site-packages\_pytest\skipping.py", line 263, in pytest_runtest_call
    |     return (yield)
    |             ^^^^^
    |   File "C:\Python314\Lib\site-packages\pluggy\_callers.py", line 121, in _multicall
    |     res = hook_impl.function(*args)
    |   File "C:\Python314\Lib\site-packages\_pytest\runner.py", line 178, in pytest_runtest_call
    |     item.runtest()
    |     ~~~~~~~~~~~~^^
    |   File "C:\Python314\Lib\site-packages\_pytest\python.py", line 1671, in runtest
    |     self.ihook.pytest_pyfunc_call(pyfuncitem=self)
    |     ~~~~~~~~~~~~~~~~~~~~~~~~~~~~~^^^^^^^^^^^^^^^^^
    |   File "C:\Python314\Lib\site-packages\pluggy\_hooks.py", line 512, in __call__
    |     return self._hookexec(self.name, self._hookimpls.copy(), kwargs, firstresult)
    |            ~~~~~~~~~~~~~~^^^^^^^^^^^^^^^^^^^^^^^^^^^^^^^^^^^^^^^^^^^^^^^^^^^^^^^^
    |   File "C:\Python314\Lib\site-packages\pluggy\_manager.py", line 120, in _hookexec
    |     return self._inner_hookexec(hook_name, methods, kwargs, firstresult)
    |            ~~~~~~~~~~~~~~~~~~~~^^^^^^^^^^^^^^^^^^^^^^^^^^^^^^^^^^^^^^^^^
    |   File "C:\Python314\Lib\site-packages\pluggy\_callers.py", line 167, in _multicall
    |     raise exception
    |   File "C:\Python314\Lib\site-packages\pluggy\_callers.py", line 139, in _multicall
    |     teardown.throw(exception)
    |     ~~~~~~~~~~~~~~^^^^^^^^^^^
    |   File "C:\Python314\Lib\site-packages\pluggy\_callers.py", line 53, in run_old_style_hookwrapper
    |     return result.get_result()
    |            ~~~~~~~~~~~~~~~~~^^
    |   File "C:\Python314\Lib\site-packages\pluggy\_result.py", line 103, in get_result
    |     raise exc.with_traceback(tb)
    |   File "C:\Python314\Lib\site-packages\pluggy\_callers.py", line 38, in run_old_style_hookwrapper
    |     res = yield
    |           ^^^^^
    |   File "C:\Python314\Lib\site-packages\pluggy\_callers.py", line 121, in _multicall
    |     res = hook_impl.function(*args)
    |   File "C:\Python314\Lib\site-packages\_pytest\python.py", line 157, in pytest_pyfunc_call
    |     result = testfunction(**testargs)
    |   File "D:\BikeMaster\tests\test_routes_comprehensive.py", line 624, in test_ride_safety
    |     resp = tc.get(f"/api/v1/rides/{ride_id}/safety")
    |   File "C:\Python314\Lib\site-packages\starlette\testclient.py", line 473, in get
    |     return super().get(
    |            ~~~~~~~~~~~^
    |         url,
    |         ^^^^
    |     ...<6 lines>...
    |         extensions=extensions,
    |         ^^^^^^^^^^^^^^^^^^^^^^
    |     )
    |     ^
    |   File "C:\Python314\Lib\site-packages\httpx\_client.py", line 1053, in get
    |     return self.request(
    |            ~~~~~~~~~~~~^
    |         "GET",
    |         ^^^^^^
    |     ...<7 lines>...
    |         extensions=extensions,
    |         ^^^^^^^^^^^^^^^^^^^^^^
    |     )
    |     ^
    |   File "C:\Python314\Lib\site-packages\starlette\testclient.py", line 445, in request
    |     return super().request(
    |            ~~~~~~~~~~~~~~~^
    |         method,
    |         ^^^^^^^
    |     ...<11 lines>...
    |         extensions=extensions,
    |         ^^^^^^^^^^^^^^^^^^^^^^
    |     )
    |     ^
    |   File "C:\Python314\Lib\site-packages\httpx\_client.py", line 825, in request
    |     return self.send(request, auth=auth, follow_redirects=follow_redirects)
    |            ~~~~~~~~~^^^^^^^^^^^^^^^^^^^^^^^^^^^^^^^^^^^^^^^^^^^^^^^^^^^^^^^
    |   File "C:\Python314\Lib\site-packages\httpx\_client.py", line 914, in send
    |     response = self._send_handling_auth(
    |         request,
    |     ...<2 lines>...
    |         history=[],
    |     )
    |   File "C:\Python314\Lib\site-packages\httpx\_client.py", line 942, in _send_handling_auth
    |     response = self._send_handling_redirects(
    |         request,
    |         follow_redirects=follow_redirects,
    |         history=history,
    |     )
    |   File "C:\Python314\Lib\site-packages\httpx\_client.py", line 979, in _send_handling_redirects
    |     response = self._send_single_request(request)
    |   File "C:\Python314\Lib\site-packages\httpx\_client.py", line 1014, in _send_single_request
    |     response = transport.handle_request(request)
    |   File "C:\Python314\Lib\site-packages\starlette\testclient.py", line 348, in handle_request
    |     raise exc
    |   File "C:\Python314\Lib\site-packages\starlette\testclient.py", line 345, in handle_request
    |     portal.call(self.app, scope, receive, send)
    |     ~~~~~~~~~~~^^^^^^^^^^^^^^^^^^^^^^^^^^^^^^^^
    |   File "C:\Python314\Lib\site-packages\anyio\from_thread.py", line 334, in call
    |     return cast(T_Retval, self.start_task_soon(func, *args).result())
    |                           ~~~~~~~~~~~~~~~~~~~~~~~~~~~~~~~~~~~~~~~~^^
    |   File "C:\Python314\Lib\concurrent\futures\_base.py", line 450, in result
    |     return self.__get_result()
    |            ~~~~~~~~~~~~~~~~~^^
    |   File "C:\Python314\Lib\concurrent\futures\_base.py", line 395, in __get_result
    |     raise self._exception
    |   File "C:\Python314\Lib\site-packages\anyio\from_thread.py", line 259, in _call_func
    |     retval = await retval_or_awaitable
    |              ^^^^^^^^^^^^^^^^^^^^^^^^^
    |   File "C:\Python314\Lib\site-packages\fastapi\applications.py", line 1159, in __call__
    |     await super().__call__(scope, receive, send)
    |   File "C:\Python314\Lib\site-packages\starlette\applications.py", line 107, in __call__
    |     await self.middleware_stack(scope, receive, send)
    |   File "C:\Python314\Lib\site-packages\starlette\middleware\errors.py", line 186, in __call__
    |     raise exc
    |   File "C:\Python314\Lib\site-packages\starlette\middleware\errors.py", line 164, in __call__
    |     await self.app(scope, receive, _send)
    |   File "C:\Python314\Lib\site-packages\starlette\middleware\cors.py", line 87, in __call__
    |     await self.app(scope, receive, send)
    |   File "C:\Python314\Lib\site-packages\starlette\middleware\base.py", line 191, in __call__
    |     with recv_stream, send_stream, collapse_excgroups():
    |                                    ~~~~~~~~~~~~~~~~~~^^
    |   File "C:\Python314\Lib\contextlib.py", line 162, in __exit__
    |     self.gen.throw(value)
    |     ~~~~~~~~~~~~~~^^^^^^^
    |   File "C:\Python314\Lib\site-packages\starlette\_utils.py", line 87, in collapse_excgroups
    |     raise exc
    |   File "C:\Python314\Lib\site-packages\starlette\middleware\base.py", line 193, in __call__
    |     response = await self.dispatch_func(request, call_next)
    |                ^^^^^^^^^^^^^^^^^^^^^^^^^^^^^^^^^^^^^^^^^^^^
    |   File "D:\BikeMaster\bike_analyzer\backend\api\app_factory.py", line 249, in add_security_headers
    |     response = await call_next(request)
    |                ^^^^^^^^^^^^^^^^^^^^^^^^
    |   File "C:\Python314\Lib\site-packages\starlette\middleware\base.py", line 168, in call_next
    |     raise app_exc from app_exc.__cause__ or app_exc.__context__
    |   File "C:\Python314\Lib\site-packages\starlette\middleware\base.py", line 144, in coro
    |     await self.app(scope, receive_or_disconnect, send_no_error)
    |   File "C:\Python314\Lib\site-packages\starlette\middleware\base.py", line 191, in __call__
    |     with recv_stream, send_stream, collapse_excgroups():
    |                                    ~~~~~~~~~~~~~~~~~~^^
    |   File "C:\Python314\Lib\contextlib.py", line 162, in __exit__
    |     self.gen.throw(value)
    |     ~~~~~~~~~~~~~~^^^^^^^
    |   File "C:\Python314\Lib\site-packages\starlette\_utils.py", line 87, in collapse_excgroups
    |     raise exc
    |   File "C:\Python314\Lib\site-packages\starlette\middleware\base.py", line 193, in __call__
    |     response = await self.dispatch_func(request, call_next)
    |                ^^^^^^^^^^^^^^^^^^^^^^^^^^^^^^^^^^^^^^^^^^^^
    |   File "D:\BikeMaster\bike_analyzer\backend\api\app_factory.py", line 224, in audit_log_middleware
    |     response = await call_next(request)
    |                ^^^^^^^^^^^^^^^^^^^^^^^^
    |   File "C:\Python314\Lib\site-packages\starlette\middleware\base.py", line 168, in call_next
    |     raise app_exc from app_exc.__cause__ or app_exc.__context__
    |   File "C:\Python314\Lib\site-packages\starlette\middleware\base.py", line 144, in coro
    |     await self.app(scope, receive_or_disconnect, send_no_error)
    |   File "C:\Python314\Lib\site-packages\starlette\middleware\base.py", line 191, in __call__
    |     with recv_stream, send_stream, collapse_excgroups():
    |                                    ~~~~~~~~~~~~~~~~~~^^
    |   File "C:\Python314\Lib\contextlib.py", line 162, in __exit__
    |     self.gen.throw(value)
    |     ~~~~~~~~~~~~~~^^^^^^^
    |   File "C:\Python314\Lib\site-packages\starlette\_utils.py", line 87, in collapse_excgroups
    |     raise exc
    |   File "C:\Python314\Lib\site-packages\starlette\middleware\base.py", line 193, in __call__
    |     response = await self.dispatch_func(request, call_next)
    |                ^^^^^^^^^^^^^^^^^^^^^^^^^^^^^^^^^^^^^^^^^^^^
    |   File "D:\BikeMaster\bike_analyzer\backend\api\app_factory.py", line 199, in user_api_keys_middleware
    |     response = await call_next(request)
    |                ^^^^^^^^^^^^^^^^^^^^^^^^
    |   File "C:\Python314\Lib\site-packages\starlette\middleware\base.py", line 168, in call_next
    |     raise app_exc from app_exc.__cause__ or app_exc.__context__
    |   File "C:\Python314\Lib\site-packages\starlette\middleware\base.py", line 144, in coro
    |     await self.app(scope, receive_or_disconnect, send_no_error)
    |   File "C:\Python314\Lib\site-packages\starlette\middleware\base.py", line 191, in __call__
    |     with recv_stream, send_stream, collapse_excgroups():
    |                                    ~~~~~~~~~~~~~~~~~~^^
    |   File "C:\Python314\Lib\contextlib.py", line 162, in __exit__
    |     self.gen.throw(value)
    |     ~~~~~~~~~~~~~~^^^^^^^
    |   File "C:\Python314\Lib\site-packages\starlette\_utils.py", line 87, in collapse_excgroups
    |     raise exc
    |   File "C:\Python314\Lib\site-packages\starlette\middleware\base.py", line 193, in __call__
    |     response = await self.dispatch_func(request, call_next)
    |                ^^^^^^^^^^^^^^^^^^^^^^^^^^^^^^^^^^^^^^^^^^^^
    |   File "D:\BikeMaster\bike_analyzer\backend\api\app_factory.py", line 183, in correlation_id_middleware
    |     response = await call_next(request)
    |                ^^^^^^^^^^^^^^^^^^^^^^^^
    |   File "C:\Python314\Lib\site-packages\starlette\middleware\base.py", line 168, in call_next
    |     raise app_exc from app_exc.__cause__ or app_exc.__context__
    |   File "C:\Python314\Lib\site-packages\starlette\middleware\base.py", line 144, in coro
    |     await self.app(scope, receive_or_disconnect, send_no_error)
    |   File "D:\BikeMaster\bike_analyzer\backend\monitoring.py", line 315, in __call__
    |     await self.app(scope, receive, send_with_metrics)
    |   File "C:\Python314\Lib\site-packages\starlette\middleware\base.py", line 191, in __call__
    |     with recv_stream, send_stream, collapse_excgroups():
    |                                    ~~~~~~~~~~~~~~~~~~^^
    |   File "C:\Python314\Lib\contextlib.py", line 162, in __exit__
    |     self.gen.throw(value)
    |     ~~~~~~~~~~~~~~^^^^^^^
    |   File "C:\Python314\Lib\site-packages\starlette\_utils.py", line 87, in collapse_excgroups
    |     raise exc
    |   File "C:\Python314\Lib\site-packages\starlette\middleware\base.py", line 193, in __call__
    |     response = await self.dispatch_func(request, call_next)
    |                ^^^^^^^^^^^^^^^^^^^^^^^^^^^^^^^^^^^^^^^^^^^^
    |   File "C:\Python314\Lib\site-packages\slowapi\middleware.py", line 136, in dispatch
    |     response = await call_next(request)
    |                ^^^^^^^^^^^^^^^^^^^^^^^^
    |   File "C:\Python314\Lib\site-packages\starlette\middleware\base.py", line 168, in call_next
    |     raise app_exc from app_exc.__cause__ or app_exc.__context__
    |   File "C:\Python314\Lib\site-packages\starlette\middleware\base.py", line 144, in coro
    |     await self.app(scope, receive_or_disconnect, send_no_error)
    |   File "C:\Python314\Lib\site-packages\starlette\middleware\exceptions.py", line 63, in __call__
    |     await wrap_app_handling_exceptions(self.app, conn)(scope, receive, send)
    |   File "C:\Python314\Lib\site-packages\starlette\_exception_handler.py", line 53, in wrapped_app
    |     raise exc
    |   File "C:\Python314\Lib\site-packages\starlette\_exception_handler.py", line 42, in wrapped_app
    |     await app(scope, receive, sender)
    |   File "C:\Python314\Lib\site-packages\fastapi\middleware\asyncexitstack.py", line 18, in __call__
    |     await self.app(scope, receive, send)
    |   File "C:\Python314\Lib\site-packages\starlette\routing.py", line 716, in __call__
    |     await self.middleware_stack(scope, receive, send)
    |   File "C:\Python314\Lib\site-packages\starlette\routing.py", line 736, in app
    |     await route.handle(scope, receive, send)
    |   File "C:\Python314\Lib\site-packages\starlette\routing.py", line 290, in handle
    |     await self.app(scope, receive, send)
    |   File "C:\Python314\Lib\site-packages\fastapi\routing.py", line 134, in app
    |     await wrap_app_handling_exceptions(app, request)(scope, receive, send)
    |   File "C:\Python314\Lib\site-packages\starlette\_exception_handler.py", line 53, in wrapped_app
    |     raise exc
    |   File "C:\Python314\Lib\site-packages\starlette\_exception_handler.py", line 42, in wrapped_app
    |     await app(scope, receive, sender)
    |   File "C:\Python314\Lib\site-packages\fastapi\routing.py", line 120, in app
    |     response = await f(request)
    |                ^^^^^^^^^^^^^^^^
    |   File "C:\Python314\Lib\site-packages\fastapi\routing.py", line 674, in app
    |     raw_response = await run_endpoint_function(
    |                    ^^^^^^^^^^^^^^^^^^^^^^^^^^^^
    |     ...<3 lines>...
    |     )
    |     ^
    |   File "C:\Python314\Lib\site-packages\fastapi\routing.py", line 328, in run_endpoint_function
    |     return await dependant.call(**values)
    |            ^^^^^^^^^^^^^^^^^^^^^^^^^^^^^^
    |   File "D:\BikeMaster\bike_analyzer\backend\api\routes.py", line 3377, in analyze_ride_safety
    |     safety = await analyze_route_safety(points, incidents=incidents)
    |              ^^^^^^^^^^^^^^^^^^^^^^^^^^^^^^^^^^^^^^^^^^^^^^^^^^^^^^^
    | TypeError: 'dict' object can't be awaited
    +------------------------------------

The above exception was the direct cause of the following exception:

Traceback (most recent call last):
  File "D:\BikeMaster\tests\test_routes_comprehensive.py", line 624, in test_ride_safety
    resp = tc.get(f"/api/v1/rides/{ride_id}/safety")
  File "C:\Python314\Lib\site-packages\starlette\testclient.py", line 473, in get
    return super().get(
           ~~~~~~~~~~~^
        url,
        ^^^^
    ...<6 lines>...
        extensions=extensions,
        ^^^^^^^^^^^^^^^^^^^^^^
    )
    ^
  File "C:\Python314\Lib\site-packages\httpx\_client.py", line 1053, in get
    return self.request(
           ~~~~~~~~~~~~^
        "GET",
        ^^^^^^
    ...<7 lines>...
        extensions=extensions,
        ^^^^^^^^^^^^^^^^^^^^^^
    )
    ^
  File "C:\Python314\Lib\site-packages\starlette\testclient.py", line 445, in request
    return super().request(
           ~~~~~~~~~~~~~~~^
        method,
        ^^^^^^^
    ...<11 lines>...
        extensions=extensions,
        ^^^^^^^^^^^^^^^^^^^^^^
    )
    ^
  File "C:\Python314\Lib\site-packages\httpx\_client.py", line 825, in request
    return self.send(request, auth=auth, follow_redirects=follow_redirects)
           ~~~~~~~~~^^^^^^^^^^^^^^^^^^^^^^^^^^^^^^^^^^^^^^^^^^^^^^^^^^^^^^^
  File "C:\Python314\Lib\site-packages\httpx\_client.py", line 914, in send
    response = self._send_handling_auth(
        request,
    ...<2 lines>...
        history=[],
    )
  File "C:\Python314\Lib\site-packages\httpx\_client.py", line 942, in _send_handling_auth
    response = self._send_handling_redirects(
        request,
        follow_redirects=follow_redirects,
        history=history,
    )
  File "C:\Python314\Lib\site-packages\httpx\_client.py", line 979, in _send_handling_redirects
    response = self._send_single_request(request)
  File "C:\Python314\Lib\site-packages\httpx\_client.py", line 1014, in _send_single_request
    response = transport.handle_request(request)
  File "C:\Python314\Lib\site-packages\starlette\testclient.py", line 348, in handle_request
    raise exc
  File "C:\Python314\Lib\site-packages\starlette\testclient.py", line 345, in handle_request
    portal.call(self.app, scope, receive, send)
    ~~~~~~~~~~~^^^^^^^^^^^^^^^^^^^^^^^^^^^^^^^^
  File "C:\Python314\Lib\site-packages\anyio\from_thread.py", line 334, in call
    return cast(T_Retval, self.start_task_soon(func, *args).result())
                          ~~~~~~~~~~~~~~~~~~~~~~~~~~~~~~~~~~~~~~~~^^
  File "C:\Python314\Lib\concurrent\futures\_base.py", line 450, in result
    return self.__get_result()
           ~~~~~~~~~~~~~~~~~^^
  File "C:\Python314\Lib\concurrent\futures\_base.py", line 395, in __get_result
    raise self._exception
  File "C:\Python314\Lib\site-packages\anyio\from_thread.py", line 259, in _call_func
    retval = await retval_or_awaitable
             ^^^^^^^^^^^^^^^^^^^^^^^^^
  File "C:\Python314\Lib\site-packages\fastapi\applications.py", line 1159, in __call__
    await super().__call__(scope, receive, send)
  File "C:\Python314\Lib\site-packages\starlette\applications.py", line 107, in __call__
    await self.middleware_stack(scope, receive, send)
  File "C:\Python314\Lib\site-packages\starlette\middleware\errors.py", line 186, in __call__
    raise exc
  File "C:\Python314\Lib\site-packages\starlette\middleware\errors.py", line 164, in __call__
    await self.app(scope, receive, _send)
  File "C:\Python314\Lib\site-packages\starlette\middleware\cors.py", line 87, in __call__
    await self.app(scope, receive, send)
  File "C:\Python314\Lib\site-packages\starlette\middleware\base.py", line 191, in __call__
    with recv_stream, send_stream, collapse_excgroups():
                                   ~~~~~~~~~~~~~~~~~~^^
  File "C:\Python314\Lib\contextlib.py", line 162, in __exit__
    self.gen.throw(value)
    ~~~~~~~~~~~~~~^^^^^^^
  File "C:\Python314\Lib\site-packages\starlette\_utils.py", line 87, in collapse_excgroups
    raise exc
  File "C:\Python314\Lib\site-packages\starlette\middleware\base.py", line 193, in __call__
    response = await self.dispatch_func(request, call_next)
               ^^^^^^^^^^^^^^^^^^^^^^^^^^^^^^^^^^^^^^^^^^^^
  File "D:\BikeMaster\bike_analyzer\backend\api\app_factory.py", line 249, in add_security_headers
    response = await call_next(request)
               ^^^^^^^^^^^^^^^^^^^^^^^^
  File "C:\Python314\Lib\site-packages\starlette\middleware\base.py", line 168, in call_next
    raise app_exc from app_exc.__cause__ or app_exc.__context__
  File "C:\Python314\Lib\site-packages\starlette\middleware\base.py", line 144, in coro
    await self.app(scope, receive_or_disconnect, send_no_error)
  File "C:\Python314\Lib\site-packages\starlette\middleware\base.py", line 191, in __call__
    with recv_stream, send_stream, collapse_excgroups():
                                   ~~~~~~~~~~~~~~~~~~^^
  File "C:\Python314\Lib\contextlib.py", line 162, in __exit__
    self.gen.throw(value)
    ~~~~~~~~~~~~~~^^^^^^^
  File "C:\Python314\Lib\site-packages\starlette\_utils.py", line 87, in collapse_excgroups
    raise exc
  File "C:\Python314\Lib\site-packages\starlette\middleware\base.py", line 193, in __call__
    response = await self.dispatch_func(request, call_next)
               ^^^^^^^^^^^^^^^^^^^^^^^^^^^^^^^^^^^^^^^^^^^^
  File "D:\BikeMaster\bike_analyzer\backend\api\app_factory.py", line 224, in audit_log_middleware
    response = await call_next(request)
               ^^^^^^^^^^^^^^^^^^^^^^^^
  File "C:\Python314\Lib\site-packages\starlette\middleware\base.py", line 168, in call_next
    raise app_exc from app_exc.__cause__ or app_exc.__context__
  File "C:\Python314\Lib\site-packages\starlette\middleware\base.py", line 144, in coro
    await self.app(scope, receive_or_disconnect, send_no_error)
  File "C:\Python314\Lib\site-packages\starlette\middleware\base.py", line 191, in __call__
    with recv_stream, send_stream, collapse_excgroups():
                                   ~~~~~~~~~~~~~~~~~~^^
  File "C:\Python314\Lib\contextlib.py", line 162, in __exit__
    self.gen.throw(value)
    ~~~~~~~~~~~~~~^^^^^^^
  File "C:\Python314\Lib\site-packages\starlette\_utils.py", line 87, in collapse_excgroups
    raise exc
  File "C:\Python314\Lib\site-packages\starlette\middleware\base.py", line 193, in __call__
    response = await self.dispatch_func(request, call_next)
               ^^^^^^^^^^^^^^^^^^^^^^^^^^^^^^^^^^^^^^^^^^^^
  File "D:\BikeMaster\bike_analyzer\backend\api\app_factory.py", line 199, in user_api_keys_middleware
    response = await call_next(request)
               ^^^^^^^^^^^^^^^^^^^^^^^^
  File "C:\Python314\Lib\site-packages\starlette\middleware\base.py", line 168, in call_next
    raise app_exc from app_exc.__cause__ or app_exc.__context__
  File "C:\Python314\Lib\site-packages\starlette\middleware\base.py", line 144, in coro
    await self.app(scope, receive_or_disconnect, send_no_error)
  File "C:\Python314\Lib\site-packages\starlette\middleware\base.py", line 191, in __call__
    with recv_stream, send_stream, collapse_excgroups():
                                   ~~~~~~~~~~~~~~~~~~^^
  File "C:\Python314\Lib\contextlib.py", line 162, in __exit__
    self.gen.throw(value)
    ~~~~~~~~~~~~~~^^^^^^^
  File "C:\Python314\Lib\site-packages\starlette\_utils.py", line 87, in collapse_excgroups
    raise exc
  File "C:\Python314\Lib\site-packages\starlette\middleware\base.py", line 193, in __call__
    response = await self.dispatch_func(request, call_next)
               ^^^^^^^^^^^^^^^^^^^^^^^^^^^^^^^^^^^^^^^^^^^^
  File "D:\BikeMaster\bike_analyzer\backend\api\app_factory.py", line 183, in correlation_id_middleware
    response = await call_next(request)
               ^^^^^^^^^^^^^^^^^^^^^^^^
  File "C:\Python314\Lib\site-packages\starlette\middleware\base.py", line 168, in call_next
    raise app_exc from app_exc.__cause__ or app_exc.__context__
  File "C:\Python314\Lib\site-packages\starlette\middleware\base.py", line 144, in coro
    await self.app(scope, receive_or_disconnect, send_no_error)
  File "D:\BikeMaster\bike_analyzer\backend\monitoring.py", line 315, in __call__
    await self.app(scope, receive, send_with_metrics)
  File "C:\Python314\Lib\site-packages\starlette\middleware\base.py", line 191, in __call__
    with recv_stream, send_stream, collapse_excgroups():
                                   ~~~~~~~~~~~~~~~~~~^^
  File "C:\Python314\Lib\contextlib.py", line 162, in __exit__
    self.gen.throw(value)
    ~~~~~~~~~~~~~~^^^^^^^
  File "C:\Python314\Lib\site-packages\starlette\_utils.py", line 87, in collapse_excgroups
    raise exc
  File "C:\Python314\Lib\site-packages\starlette\middleware\base.py", line 193, in __call__
    response = await self.dispatch_func(request, call_next)
               ^^^^^^^^^^^^^^^^^^^^^^^^^^^^^^^^^^^^^^^^^^^^
  File "C:\Python314\Lib\site-packages\slowapi\middleware.py", line 136, in dispatch
    response = await call_next(request)
               ^^^^^^^^^^^^^^^^^^^^^^^^
  File "C:\Python314\Lib\site-packages\starlette\middleware\base.py", line 168, in call_next
    raise app_exc from app_exc.__cause__ or app_exc.__context__
  File "C:\Python314\Lib\site-packages\starlette\middleware\base.py", line 144, in coro
    await self.app(scope, receive_or_disconnect, send_no_error)
  File "C:\Python314\Lib\site-packages\starlette\middleware\exceptions.py", line 63, in __call__
    await wrap_app_handling_exceptions(self.app, conn)(scope, receive, send)
  File "C:\Python314\Lib\site-packages\starlette\_exception_handler.py", line 53, in wrapped_app
    raise exc
  File "C:\Python314\Lib\site-packages\starlette\_exception_handler.py", line 42, in wrapped_app
    await app(scope, receive, sender)
  File "C:\Python314\Lib\site-packages\fastapi\middleware\asyncexitstack.py", line 18, in __call__
    await self.app(scope, receive, send)
  File "C:\Python314\Lib\site-packages\starlette\routing.py", line 716, in __call__
    await self.middleware_stack(scope, receive, send)
  File "C:\Python314\Lib\site-packages\starlette\routing.py", line 736, in app
    await route.handle(scope, receive, send)
  File "C:\Python314\Lib\site-packages\starlette\routing.py", line 290, in handle
    await self.app(scope, receive, send)
  File "C:\Python314\Lib\site-packages\fastapi\routing.py", line 134, in app
    await wrap_app_handling_exceptions(app, request)(scope, receive, send)
  File "C:\Python314\Lib\site-packages\starlette\_exception_handler.py", line 53, in wrapped_app
    raise exc
  File "C:\Python314\Lib\site-packages\starlette\_exception_handler.py", line 42, in wrapped_app
    await app(scope, receive, sender)
  File "C:\Python314\Lib\site-packages\fastapi\routing.py", line 120, in app
    response = await f(request)
               ^^^^^^^^^^^^^^^^
  File "C:\Python314\Lib\site-packages\fastapi\routing.py", line 674, in app
    raw_response = await run_endpoint_function(
                   ^^^^^^^^^^^^^^^^^^^^^^^^^^^^
    ...<3 lines>...
    )
    ^
  File "C:\Python314\Lib\site-packages\fastapi\routing.py", line 328, in run_endpoint_function
    return await dependant.call(**values)
           ^^^^^^^^^^^^^^^^^^^^^^^^^^^^^^
  File "D:\BikeMaster\bike_analyzer\backend\api\routes.py", line 3377, in analyze_ride_safety
    safety = await analyze_route_safety(points, incidents=incidents)
             ^^^^^^^^^^^^^^^^^^^^^^^^^^^^^^^^^^^^^^^^^^^^^^^^^^^^^^^
TypeError: 'dict' object can't be awaited

The above exception was the direct cause of the following exception:
tests\test_routes_comprehensive.py:624: in test_ride_safety
    resp = tc.get(f"/api/v1/rides/{ride_id}/safety")
           ^^^^^^^^^^^^^^^^^^^^^^^^^^^^^^^^^^^^^^^^^
C:\Python314\Lib\site-packages\starlette\testclient.py:473: in get
    return super().get(
C:\Python314\Lib\site-packages\httpx\_client.py:1053: in get
    return self.request(
C:\Python314\Lib\site-packages\starlette\testclient.py:445: in request
    return super().request(
C:\Python314\Lib\site-packages\httpx\_client.py:825: in request
    return self.send(request, auth=auth, follow_redirects=follow_redirects)
           ^^^^^^^^^^^^^^^^^^^^^^^^^^^^^^^^^^^^^^^^^^^^^^^^^^^^^^^^^^^^^^^^
C:\Python314\Lib\site-packages\httpx\_client.py:914: in send
    response = self._send_handling_auth(
C:\Python314\Lib\site-packages\httpx\_client.py:942: in _send_handling_auth
    response = self._send_handling_redirects(
C:\Python314\Lib\site-packages\httpx\_client.py:979: in _send_handling_redirects
    response = self._send_single_request(request)
               ^^^^^^^^^^^^^^^^^^^^^^^^^^^^^^^^^^
C:\Python314\Lib\site-packages\httpx\_client.py:1014: in _send_single_request
    response = transport.handle_request(request)
               ^^^^^^^^^^^^^^^^^^^^^^^^^^^^^^^^^
C:\Python314\Lib\site-packages\starlette\testclient.py:348: in handle_request
    raise exc
C:\Python314\Lib\site-packages\starlette\testclient.py:345: in handle_request
    portal.call(self.app, scope, receive, send)
C:\Python314\Lib\site-packages\anyio\from_thread.py:334: in call
    return cast(T_Retval, self.start_task_soon(func, *args).result())
                          ^^^^^^^^^^^^^^^^^^^^^^^^^^^^^^^^^^^^^^^^^^
C:\Python314\Lib\concurrent\futures\_base.py:450: in result
    return self.__get_result()
           ^^^^^^^^^^^^^^^^^^^
C:\Python314\Lib\concurrent\futures\_base.py:395: in __get_result
    raise self._exception
C:\Python314\Lib\site-packages\anyio\from_thread.py:259: in _call_func
    retval = await retval_or_awaitable
             ^^^^^^^^^^^^^^^^^^^^^^^^^
C:\Python314\Lib\site-packages\fastapi\applications.py:1159: in __call__
    await super().__call__(scope, receive, send)
C:\Python314\Lib\site-packages\starlette\applications.py:107: in __call__
    await self.middleware_stack(scope, receive, send)
C:\Python314\Lib\site-packages\starlette\middleware\errors.py:186: in __call__
    raise exc
C:\Python314\Lib\site-packages\starlette\middleware\errors.py:164: in __call__
    await self.app(scope, receive, _send)
C:\Python314\Lib\site-packages\starlette\middleware\cors.py:87: in __call__
    await self.app(scope, receive, send)
C:\Python314\Lib\site-packages\starlette\middleware\base.py:191: in __call__
    with recv_stream, send_stream, collapse_excgroups():
                                   ^^^^^^^^^^^^^^^^^^^^
C:\Python314\Lib\contextlib.py:162: in __exit__
    self.gen.throw(value)
C:\Python314\Lib\site-packages\starlette\_utils.py:87: in collapse_excgroups
    raise exc
C:\Python314\Lib\site-packages\starlette\middleware\base.py:193: in __call__
    response = await self.dispatch_func(request, call_next)
               ^^^^^^^^^^^^^^^^^^^^^^^^^^^^^^^^^^^^^^^^^^^^
bike_analyzer\backend\api\app_factory.py:249: in add_security_headers
    response = await call_next(request)
               ^^^^^^^^^^^^^^^^^^^^^^^^
C:\Python314\Lib\site-packages\starlette\middleware\base.py:168: in call_next
    raise app_exc from app_exc.__cause__ or app_exc.__context__
C:\Python314\Lib\site-packages\starlette\middleware\base.py:144: in coro
    await self.app(scope, receive_or_disconnect, send_no_error)
C:\Python314\Lib\site-packages\starlette\middleware\base.py:191: in __call__
    with recv_stream, send_stream, collapse_excgroups():
                                   ^^^^^^^^^^^^^^^^^^^^
C:\Python314\Lib\contextlib.py:162: in __exit__
    self.gen.throw(value)
C:\Python314\Lib\site-packages\starlette\_utils.py:87: in collapse_excgroups
    raise exc
C:\Python314\Lib\site-packages\starlette\middleware\base.py:193: in __call__
    response = await self.dispatch_func(request, call_next)
               ^^^^^^^^^^^^^^^^^^^^^^^^^^^^^^^^^^^^^^^^^^^^
bike_analyzer\backend\api\app_factory.py:224: in audit_log_middleware
    response = await call_next(request)
               ^^^^^^^^^^^^^^^^^^^^^^^^
C:\Python314\Lib\site-packages\starlette\middleware\base.py:168: in call_next
    raise app_exc from app_exc.__cause__ or app_exc.__context__
C:\Python314\Lib\site-packages\starlette\middleware\base.py:144: in coro
    await self.app(scope, receive_or_disconnect, send_no_error)
C:\Python314\Lib\site-packages\starlette\middleware\base.py:191: in __call__
    with recv_stream, send_stream, collapse_excgroups():
                                   ^^^^^^^^^^^^^^^^^^^^
C:\Python314\Lib\contextlib.py:162: in __exit__
    self.gen.throw(value)
C:\Python314\Lib\site-packages\starlette\_utils.py:87: in collapse_excgroups
    raise exc
C:\Python314\Lib\site-packages\starlette\middleware\base.py:193: in __call__
    response = await self.dispatch_func(request, call_next)
               ^^^^^^^^^^^^^^^^^^^^^^^^^^^^^^^^^^^^^^^^^^^^
bike_analyzer\backend\api\app_factory.py:199: in user_api_keys_middleware
    response = await call_next(request)
               ^^^^^^^^^^^^^^^^^^^^^^^^
C:\Python314\Lib\site-packages\starlette\middleware\base.py:168: in call_next
    raise app_exc from app_exc.__cause__ or app_exc.__context__
C:\Python314\Lib\site-packages\starlette\middleware\base.py:144: in coro
    await self.app(scope, receive_or_disconnect, send_no_error)
C:\Python314\Lib\site-packages\starlette\middleware\base.py:191: in __call__
    with recv_stream, send_stream, collapse_excgroups():
                                   ^^^^^^^^^^^^^^^^^^^^
C:\Python314\Lib\contextlib.py:162: in __exit__
    self.gen.throw(value)
C:\Python314\Lib\site-packages\starlette\_utils.py:87: in collapse_excgroups
    raise exc
C:\Python314\Lib\site-packages\starlette\middleware\base.py:193: in __call__
    response = await self.dispatch_func(request, call_next)
               ^^^^^^^^^^^^^^^^^^^^^^^^^^^^^^^^^^^^^^^^^^^^
bike_analyzer\backend\api\app_factory.py:183: in correlation_id_middleware
    response = await call_next(request)
               ^^^^^^^^^^^^^^^^^^^^^^^^
C:\Python314\Lib\site-packages\starlette\middleware\base.py:168: in call_next
    raise app_exc from app_exc.__cause__ or app_exc.__context__
C:\Python314\Lib\site-packages\starlette\middleware\base.py:144: in coro
    await self.app(scope, receive_or_disconnect, send_no_error)
bike_analyzer\backend\monitoring.py:315: in __call__
    await self.app(scope, receive, send_with_metrics)
C:\Python314\Lib\site-packages\starlette\middleware\base.py:191: in __call__
    with recv_stream, send_stream, collapse_excgroups():
                                   ^^^^^^^^^^^^^^^^^^^^
C:\Python314\Lib\contextlib.py:162: in __exit__
    self.gen.throw(value)
C:\Python314\Lib\site-packages\starlette\_utils.py:87: in collapse_excgroups
    raise exc
C:\Python314\Lib\site-packages\starlette\middleware\base.py:193: in __call__
    response = await self.dispatch_func(request, call_next)
               ^^^^^^^^^^^^^^^^^^^^^^^^^^^^^^^^^^^^^^^^^^^^
C:\Python314\Lib\site-packages\slowapi\middleware.py:136: in dispatch
    response = await call_next(request)
               ^^^^^^^^^^^^^^^^^^^^^^^^
C:\Python314\Lib\site-packages\starlette\middleware\base.py:168: in call_next
    raise app_exc from app_exc.__cause__ or app_exc.__context__
C:\Python314\Lib\site-packages\starlette\middleware\base.py:144: in coro
    await self.app(scope, receive_or_disconnect, send_no_error)
C:\Python314\Lib\site-packages\starlette\middleware\exceptions.py:63: in __call__
    await wrap_app_handling_exceptions(self.app, conn)(scope, receive, send)
C:\Python314\Lib\site-packages\starlette\_exception_handler.py:53: in wrapped_app
    raise exc
C:\Python314\Lib\site-packages\starlette\_exception_handler.py:42: in wrapped_app
    await app(scope, receive, sender)
C:\Python314\Lib\site-packages\fastapi\middleware\asyncexitstack.py:18: in __call__
    await self.app(scope, receive, send)
C:\Python314\Lib\site-packages\starlette\routing.py:716: in __call__
    await self.middleware_stack(scope, receive, send)
C:\Python314\Lib\site-packages\starlette\routing.py:736: in app
    await route.handle(scope, receive, send)
C:\Python314\Lib\site-packages\starlette\routing.py:290: in handle
    await self.app(scope, receive, send)
C:\Python314\Lib\site-packages\fastapi\routing.py:134: in app
    await wrap_app_handling_exceptions(app, request)(scope, receive, send)
C:\Python314\Lib\site-packages\starlette\_exception_handler.py:53: in wrapped_app
    raise exc
C:\Python314\Lib\site-packages\starlette\_exception_handler.py:42: in wrapped_app
    await app(scope, receive, sender)
C:\Python314\Lib\site-packages\fastapi\routing.py:120: in app
    response = await f(request)
               ^^^^^^^^^^^^^^^^
C:\Python314\Lib\site-packages\fastapi\routing.py:674: in app
    raw_response = await run_endpoint_function(
C:\Python314\Lib\site-packages\fastapi\routing.py:328: in run_endpoint_function
    return await dependant.call(**values)
           ^^^^^^^^^^^^^^^^^^^^^^^^^^^^^^
bike_analyzer\backend\api\routes.py:3377: in analyze_ride_safety
    safety = await analyze_route_safety(points, incidents=incidents)
             ^^^^^^^^^^^^^^^^^^^^^^^^^^^^^^^^^^^^^^^^^^^^^^^^^^^^^^^
E   TypeError: 'dict' object can't be awaited
----------------------------- Captured log setup ------------------------------
WARNING  bike_analyzer.backend.redis_client:redis_client.py:64 Redis unavailable: Error 11001 connecting to red-d8qnqf8g4nts739ddi90:6379. 11001. — cache disabled
------------------------------ Captured log call ------------------------------
ERROR    bike_analyzer.backend.api.app_factory:app_factory.py:185 Unhandled exception for request_id=a6157ef2-b270-4b02-882e-ce7cff157c0b
  + Exception Group Traceback (most recent call last):
  |   File "C:\Python314\Lib\site-packages\starlette\_utils.py", line 81, in collapse_excgroups
  |     yield
  |   File "C:\Python314\Lib\site-packages\starlette\middleware\base.py", line 192, in __call__
  |     async with anyio.create_task_group() as task_group:
  |                ~~~~~~~~~~~~~~~~~~~~~~~^^
  |   File "C:\Python314\Lib\site-packages\anyio\_backends\_asyncio.py", line 799, in __aexit__
  |     raise BaseExceptionGroup(
  |         "unhandled errors in a TaskGroup", self._exceptions
  |     ) from None
  | ExceptionGroup: unhandled errors in a TaskGroup (1 sub-exception)
  +-+---------------- 1 ----------------
    | Traceback (most recent call last):
    |   File "D:\BikeMaster\bike_analyzer\backend\api\app_factory.py", line 183, in correlation_id_middleware
    |     response = await call_next(request)
    |                ^^^^^^^^^^^^^^^^^^^^^^^^
    |   File "C:\Python314\Lib\site-packages\starlette\middleware\base.py", line 168, in call_next
    |     raise app_exc from app_exc.__cause__ or app_exc.__context__
    |   File "C:\Python314\Lib\site-packages\starlette\middleware\base.py", line 144, in coro
    |     await self.app(scope, receive_or_disconnect, send_no_error)
    |   File "D:\BikeMaster\bike_analyzer\backend\monitoring.py", line 315, in __call__
    |     await self.app(scope, receive, send_with_metrics)
    |   File "C:\Python314\Lib\site-packages\starlette\middleware\base.py", line 191, in __call__
    |     with recv_stream, send_stream, collapse_excgroups():
    |                                    ~~~~~~~~~~~~~~~~~~^^
    |   File "C:\Python314\Lib\contextlib.py", line 162, in __exit__
    |     self.gen.throw(value)
    |     ~~~~~~~~~~~~~~^^^^^^^
    |   File "C:\Python314\Lib\site-packages\starlette\_utils.py", line 87, in collapse_excgroups
    |     raise exc
    |   File "C:\Python314\Lib\site-packages\starlette\middleware\base.py", line 193, in __call__
    |     response = await self.dispatch_func(request, call_next)
    |                ^^^^^^^^^^^^^^^^^^^^^^^^^^^^^^^^^^^^^^^^^^^^
    |   File "C:\Python314\Lib\site-packages\slowapi\middleware.py", line 136, in dispatch
    |     response = await call_next(request)
    |                ^^^^^^^^^^^^^^^^^^^^^^^^
    |   File "C:\Python314\Lib\site-packages\starlette\middleware\base.py", line 168, in call_next
    |     raise app_exc from app_exc.__cause__ or app_exc.__context__
    |   File "C:\Python314\Lib\site-packages\starlette\middleware\base.py", line 144, in coro
    |     await self.app(scope, receive_or_disconnect, send_no_error)
    |   File "C:\Python314\Lib\site-packages\starlette\middleware\exceptions.py", line 63, in __call__
    |     await wrap_app_handling_exceptions(self.app, conn)(scope, receive, send)
    |   File "C:\Python314\Lib\site-packages\starlette\_exception_handler.py", line 53, in wrapped_app
    |     raise exc
    |   File "C:\Python314\Lib\site-packages\starlette\_exception_handler.py", line 42, in wrapped_app
    |     await app(scope, receive, sender)
    |   File "C:\Python314\Lib\site-packages\fastapi\middleware\asyncexitstack.py", line 18, in __call__
    |     await self.app(scope, receive, send)
    |   File "C:\Python314\Lib\site-packages\starlette\routing.py", line 716, in __call__
    |     await self.middleware_stack(scope, receive, send)
    |   File "C:\Python314\Lib\site-packages\starlette\routing.py", line 736, in app
    |     await route.handle(scope, receive, send)
    |   File "C:\Python314\Lib\site-packages\starlette\routing.py", line 290, in handle
    |     await self.app(scope, receive, send)
    |   File "C:\Python314\Lib\site-packages\fastapi\routing.py", line 134, in app
    |     await wrap_app_handling_exceptions(app, request)(scope, receive, send)
    |   File "C:\Python314\Lib\site-packages\starlette\_exception_handler.py", line 53, in wrapped_app
    |     raise exc
    |   File "C:\Python314\Lib\site-packages\starlette\_exception_handler.py", line 42, in wrapped_app
    |     await app(scope, receive, sender)
    |   File "C:\Python314\Lib\site-packages\fastapi\routing.py", line 120, in app
    |     response = await f(request)
    |                ^^^^^^^^^^^^^^^^
    |   File "C:\Python314\Lib\site-packages\fastapi\routing.py", line 674, in app
    |     raw_response = await run_endpoint_function(
    |                    ^^^^^^^^^^^^^^^^^^^^^^^^^^^^
    |     ...<3 lines>...
    |     )
    |     ^
    |   File "C:\Python314\Lib\site-packages\fastapi\routing.py", line 328, in run_endpoint_function
    |     return await dependant.call(**values)
    |            ^^^^^^^^^^^^^^^^^^^^^^^^^^^^^^
    |   File "D:\BikeMaster\bike_analyzer\backend\api\routes.py", line 3377, in analyze_ride_safety
    |     safety = await analyze_route_safety(points, incidents=incidents)
    |              ^^^^^^^^^^^^^^^^^^^^^^^^^^^^^^^^^^^^^^^^^^^^^^^^^^^^^^^
    | TypeError: 'dict' object can't be awaited
    +------------------------------------

The above exception was the direct cause of the following exception:

Traceback (most recent call last):
  File "D:\BikeMaster\bike_analyzer\backend\api\app_factory.py", line 183, in correlation_id_middleware
    response = await call_next(request)
               ^^^^^^^^^^^^^^^^^^^^^^^^
  File "C:\Python314\Lib\site-packages\starlette\middleware\base.py", line 168, in call_next
    raise app_exc from app_exc.__cause__ or app_exc.__context__
  File "C:\Python314\Lib\site-packages\starlette\middleware\base.py", line 144, in coro
    await self.app(scope, receive_or_disconnect, send_no_error)
  File "D:\BikeMaster\bike_analyzer\backend\monitoring.py", line 315, in __call__
    await self.app(scope, receive, send_with_metrics)
  File "C:\Python314\Lib\site-packages\starlette\middleware\base.py", line 191, in __call__
    with recv_stream, send_stream, collapse_excgroups():
                                   ~~~~~~~~~~~~~~~~~~^^
  File "C:\Python314\Lib\contextlib.py", line 162, in __exit__
    self.gen.throw(value)
    ~~~~~~~~~~~~~~^^^^^^^
  File "C:\Python314\Lib\site-packages\starlette\_utils.py", line 87, in collapse_excgroups
    raise exc
  File "C:\Python314\Lib\site-packages\starlette\middleware\base.py", line 193, in __call__
    response = await self.dispatch_func(request, call_next)
               ^^^^^^^^^^^^^^^^^^^^^^^^^^^^^^^^^^^^^^^^^^^^
  File "C:\Python314\Lib\site-packages\slowapi\middleware.py", line 136, in dispatch
    response = await call_next(request)
               ^^^^^^^^^^^^^^^^^^^^^^^^
  File "C:\Python314\Lib\site-packages\starlette\middleware\base.py", line 168, in call_next
    raise app_exc from app_exc.__cause__ or app_exc.__context__
  File "C:\Python314\Lib\site-packages\starlette\middleware\base.py", line 144, in coro
    await self.app(scope, receive_or_disconnect, send_no_error)
  File "C:\Python314\Lib\site-packages\starlette\middleware\exceptions.py", line 63, in __call__
    await wrap_app_handling_exceptions(self.app, conn)(scope, receive, send)
  File "C:\Python314\Lib\site-packages\starlette\_exception_handler.py", line 53, in wrapped_app
    raise exc
  File "C:\Python314\Lib\site-packages\starlette\_exception_handler.py", line 42, in wrapped_app
    await app(scope, receive, sender)
  File "C:\Python314\Lib\site-packages\fastapi\middleware\asyncexitstack.py", line 18, in __call__
    await self.app(scope, receive, send)
  File "C:\Python314\Lib\site-packages\starlette\routing.py", line 716, in __call__
    await self.middleware_stack(scope, receive, send)
  File "C:\Python314\Lib\site-packages\starlette\routing.py", line 736, in app
    await route.handle(scope, receive, send)
  File "C:\Python314\Lib\site-packages\starlette\routing.py", line 290, in handle
    await self.app(scope, receive, send)
  File "C:\Python314\Lib\site-packages\fastapi\routing.py", line 134, in app
    await wrap_app_handling_exceptions(app, request)(scope, receive, send)
  File "C:\Python314\Lib\site-packages\starlette\_exception_handler.py", line 53, in wrapped_app
    raise exc
  File "C:\Python314\Lib\site-packages\starlette\_exception_handler.py", line 42, in wrapped_app
    await app(scope, receive, sender)
  File "C:\Python314\Lib\site-packages\fastapi\routing.py", line 120, in app
    response = await f(request)
               ^^^^^^^^^^^^^^^^
  File "C:\Python314\Lib\site-packages\fastapi\routing.py", line 674, in app
    raw_response = await run_endpoint_function(
                   ^^^^^^^^^^^^^^^^^^^^^^^^^^^^
    ...<3 lines>...
    )
    ^
  File "C:\Python314\Lib\site-packages\fastapi\routing.py", line 328, in run_endpoint_function
    return await dependant.call(**values)
           ^^^^^^^^^^^^^^^^^^^^^^^^^^^^^^
  File "D:\BikeMaster\bike_analyzer\backend\api\routes.py", line 3377, in analyze_ride_safety
    safety = await analyze_route_safety(points, incidents=incidents)
             ^^^^^^^^^^^^^^^^^^^^^^^^^^^^^^^^^^^^^^^^^^^^^^^^^^^^^^^
TypeError: 'dict' object can't be awaited
_________________________ TestAthleteRoutes.test_get __________________________
tests\test_routes_comprehensive.py:670: in test_get
    assert resp.status_code == 200
E   assert 404 == 200
E    +  where 404 = <Response [404 Not Found]>.status_code
=========================== short test summary info ===========================
FAILED tests/test_routes_comprehensive.py::TestAuthRoutes::test_login_valid
FAILED tests/test_routes_comprehensive.py::TestAuthRoutes::test_update_profile
FAILED tests/test_routes_comprehensive.py::TestAuthRoutes::test_change_password_wrong_current
FAILED tests/test_routes_comprehensive.py::TestAuthRoutes::test_change_password_success
FAILED tests/test_routes_comprehensive.py::TestCalendarRoutes::test_toggle_complete
FAILED tests/test_routes_comprehensive.py::TestChartsRoutes::test_speed - Typ...
FAILED tests/test_routes_comprehensive.py::TestChartsRoutes::test_distance - ...
FAILED tests/test_routes_comprehensive.py::TestChartsRoutes::test_elevation
FAILED tests/test_routes_comprehensive.py::TestTrafficRoutes::test_ride_safety
FAILED tests/test_routes_comprehensive.py::TestAthleteRoutes::test_get - asse...
================== 10 failed, 73 passed in 358.95s (0:05:58) ==================
